node_id,timestamp,datetime_readable,raw_adc,nilai_mm_s,kelembapan_pct,rssi,status
NODE_01,1784100918,2026-07-15 14:35:18,2578878,0.292,41.28,-68,AMAN
NODE_01,1784100978,2026-07-15 14:36:18,1073970,0.122,50.12,-52,AMAN
NODE_01,1784101038,2026-07-15 14:37:18,5514879,0.625,52.96,-74,AMAN
NODE_01,1784101098,2026-07-15 14:38:18,2024820,0.229,41.31,-57,AMAN
NODE_01,1784101158,2026-07-15 14:39:18,2340401,0.265,42.56,-74,AMAN
NODE_01,1784101218,2026-07-15 14:40:18,4392353,0.498,49.71,-62,AMAN
NODE_01,1784101278,2026-07-15 14:41:18,3591912,0.407,43.43,-81,AMAN
NODE_01,1784101338,2026-07-15 14:42:18,4457215,0.505,48.15,-80,AMAN
NODE_01,1784101398,2026-07-15 14:43:18,5027224,0.57,50.26,-46,AMAN
NODE_01,1784101458,2026-07-15 14:44:18,1423759,0.161,49.2,-50,AMAN
NODE_01,1784101518,2026-07-15 14:45:18,4007385,0.454,44.51,-84,AMAN
NODE_01,1784101578,2026-07-15 14:46:18,4199731,0.476,55.73,-46,AMAN
NODE_01,1784101638,2026-07-15 14:47:18,4449993,0.504,53.53,-72,AMAN
NODE_01,1784101698,2026-07-15 14:48:18,3247193,0.368,51.89,-80,AMAN
NODE_01,1784101758,2026-07-15 14:49:18,3707981,0.42,40.66,-52,AMAN
NODE_01,1784101818,2026-07-15 14:50:18,869177,0.098,49.4,-52,AMAN
NODE_01,1784101878,2026-07-15 14:51:18,3006642,0.341,52.74,-45,AMAN
NODE_01,1784101938,2026-07-15 14:52:18,4375531,0.496,52.43,-53,AMAN
NODE_01,1784101998,2026-07-15 14:53:18,2140244,0.242,46.08,-81,AMAN
NODE_01,1784102058,2026-07-15 14:54:18,3310919,0.375,46.37,-75,AMAN
NODE_01,1784102118,2026-07-15 14:55:18,1061550,0.12,53.7,-47,AMAN
NODE_01,1784102178,2026-07-15 14:56:18,3187857,0.361,40.85,-71,AMAN
NODE_01,1784102238,2026-07-15 14:57:18,672188,0.076,41.28,-49,AMAN
NODE_01,1784102298,2026-07-15 14:58:18,3456800,0.392,49.33,-82,AMAN
NODE_01,1784102358,2026-07-15 14:59:18,4924721,0.558,41.83,-63,AMAN
NODE_01,1784102418,2026-07-15 15:00:18,1024049,0.116,40.16,-56,AMAN
NODE_01,1784102478,2026-07-15 15:01:18,3120021,0.353,51.1,-55,AMAN
NODE_01,1784102538,2026-07-15 15:02:18,4423321,0.501,48.07,-61,AMAN
NODE_01,1784102598,2026-07-15 15:03:18,1678079,0.19,49.77,-52,AMAN
NODE_01,1784102658,2026-07-15 15:04:18,3489971,0.395,39.86,-64,AMAN
NODE_01,1784102718,2026-07-15 15:05:18,2407197,0.273,48.92,-65,AMAN
NODE_01,1784102778,2026-07-15 15:06:18,2992859,0.339,51.08,-68,AMAN
NODE_01,1784102838,2026-07-15 15:07:18,1999646,0.227,47.24,-69,AMAN
NODE_01,1784102898,2026-07-15 15:08:18,3432471,0.389,49.5,-81,AMAN
NODE_01,1784102958,2026-07-15 15:09:18,1952629,0.221,41.34,-76,AMAN
NODE_01,1784103018,2026-07-15 15:10:18,1837485,0.208,45.25,-50,AMAN
NODE_01,1784103078,2026-07-15 15:11:18,4319719,0.489,50.93,-66,AMAN
NODE_01,1784103138,2026-07-15 15:12:18,2301695,0.261,49.22,-50,AMAN
NODE_01,1784103198,2026-07-15 15:13:18,1243682,0.141,53.42,-45,AMAN
NODE_01,1784103258,2026-07-15 15:14:18,3385976,0.384,46.6,-73,AMAN
NODE_01,1784103318,2026-07-15 15:15:18,1499791,0.17,53.22,-79,AMAN
NODE_01,1784103378,2026-07-15 15:16:18,3855137,0.437,49.8,-50,AMAN
NODE_01,1784103438,2026-07-15 15:17:18,0,0.0,47.91,-57,AMAN
NODE_01,1784103498,2026-07-15 15:18:18,1314040,0.149,47.99,-83,AMAN
NODE_01,1784103558,2026-07-15 15:19:18,297942,0.034,49.1,-81,AMAN
NODE_01,1784103618,2026-07-15 15:20:18,2064096,0.234,45.0,-75,AMAN
NODE_01,1784103678,2026-07-15 15:21:18,2090187,0.237,42.21,-56,AMAN
NODE_01,1784103738,2026-07-15 15:22:18,3410610,0.386,52.34,-57,AMAN
NODE_01,1784103798,2026-07-15 15:23:18,2225125,0.252,44.27,-58,AMAN
NODE_01,1784103858,2026-07-15 15:24:18,1891726,0.214,49.0,-79,AMAN
NODE_01,1784103918,2026-07-15 15:25:18,2083966,0.236,52.5,-74,AMAN
NODE_01,1784103978,2026-07-15 15:26:18,1572190,0.178,47.69,-61,AMAN
NODE_01,1784104038,2026-07-15 15:27:18,417378,0.047,48.21,-57,AMAN
NODE_01,1784104098,2026-07-15 15:28:18,4707340,0.533,51.18,-47,AMAN
NODE_01,1784104158,2026-07-15 15:29:18,927644,0.105,40.03,-48,AMAN
NODE_01,1784104218,2026-07-15 15:30:18,2284177,0.259,41.24,-65,AMAN
NODE_01,1784104278,2026-07-15 15:31:18,404016,0.046,42.37,-70,AMAN
NODE_01,1784104338,2026-07-15 15:32:18,3770046,0.427,44.99,-76,AMAN
NODE_01,1784104398,2026-07-15 15:33:18,2627087,0.298,52.36,-72,AMAN
NODE_01,1784104458,2026-07-15 15:34:18,1282494,0.145,44.73,-52,AMAN
NODE_01,1784104518,2026-07-15 15:35:18,2104595,0.238,46.04,-80,AMAN
NODE_01,1784104578,2026-07-15 15:36:18,4204052,0.476,41.22,-79,AMAN
NODE_01,1784104638,2026-07-15 15:37:18,4735290,0.536,46.28,-58,AMAN
NODE_01,1784104698,2026-07-15 15:38:18,1014693,0.115,51.8,-81,AMAN
NODE_01,1784104758,2026-07-15 15:39:18,3685267,0.418,51.14,-76,AMAN
NODE_01,1784104818,2026-07-15 15:40:18,2719399,0.308,45.43,-60,AMAN
NODE_01,1784104878,2026-07-15 15:41:18,1000318,0.113,46.3,-54,AMAN
NODE_01,1784104938,2026-07-15 15:42:18,4253417,0.482,43.57,-49,AMAN
NODE_01,1784104998,2026-07-15 15:43:18,2181505,0.247,49.01,-45,AMAN
NODE_01,1784105058,2026-07-15 15:44:18,2953896,0.335,53.41,-46,AMAN
NODE_01,1784105118,2026-07-15 15:45:18,2276383,0.258,45.13,-83,AMAN
NODE_01,1784105178,2026-07-15 15:46:18,2834637,0.321,54.73,-80,AMAN
NODE_01,1784105238,2026-07-15 15:47:18,4096207,0.464,42.06,-84,AMAN
NODE_01,1784105298,2026-07-15 15:48:18,2456823,0.278,45.57,-75,AMAN
NODE_01,1784105358,2026-07-15 15:49:18,27519,0.003,49.55,-50,AMAN
NODE_01,1784105418,2026-07-15 15:50:18,1953103,0.221,48.15,-53,AMAN
NODE_01,1784105478,2026-07-15 15:51:18,4962847,0.562,48.8,-54,AMAN
NODE_01,1784105538,2026-07-15 15:52:18,563015,0.064,43.5,-74,AMAN
NODE_01,1784105598,2026-07-15 15:53:18,708271,0.08,49.16,-71,AMAN
NODE_01,1784105658,2026-07-15 15:54:18,4756663,0.539,46.28,-47,AMAN
NODE_01,1784105718,2026-07-15 15:55:18,2154429,0.244,51.79,-60,AMAN
NODE_01,1784105778,2026-07-15 15:56:18,2613667,0.296,44.23,-61,AMAN
NODE_01,1784105838,2026-07-15 15:57:18,3612848,0.409,52.77,-80,AMAN
NODE_01,1784105898,2026-07-15 15:58:18,1930639,0.219,41.51,-75,AMAN
NODE_01,1784105958,2026-07-15 15:59:18,1452592,0.165,48.49,-68,AMAN
NODE_01,1784106018,2026-07-15 16:00:18,4740073,0.537,52.76,-77,AMAN
NODE_01,1784106078,2026-07-15 16:01:18,2840921,0.322,42.07,-71,AMAN
NODE_01,1784106138,2026-07-15 16:02:18,2788168,0.316,51.7,-78,AMAN
NODE_01,1784106198,2026-07-15 16:03:18,2539860,0.288,46.1,-58,AMAN
NODE_01,1784106258,2026-07-15 16:04:18,1819607,0.206,45.37,-60,AMAN
NODE_01,1784106318,2026-07-15 16:05:18,4373063,0.495,48.98,-78,AMAN
NODE_01,1784106378,2026-07-15 16:06:18,2227326,0.252,53.57,-77,AMAN
NODE_01,1784106438,2026-07-15 16:07:18,3116860,0.353,47.84,-49,AMAN
NODE_01,1784106498,2026-07-15 16:08:18,2271994,0.257,48.99,-57,AMAN
NODE_01,1784106558,2026-07-15 16:09:18,3835278,0.435,40.9,-62,AMAN
NODE_01,1784106618,2026-07-15 16:10:18,3389344,0.384,49.41,-50,AMAN
NODE_01,1784106678,2026-07-15 16:11:18,2228934,0.253,40.11,-68,AMAN
NODE_01,1784106738,2026-07-15 16:12:18,2546845,0.289,45.99,-84,AMAN
NODE_01,1784106798,2026-07-15 16:13:18,4081081,0.462,47.13,-74,AMAN
NODE_01,1784106858,2026-07-15 16:14:18,6032231,0.683,40.79,-70,AMAN
NODE_01,1784106918,2026-07-15 16:15:18,1160922,0.132,39.89,-62,AMAN
NODE_01,1784106978,2026-07-15 16:16:18,1256093,0.142,45.98,-46,AMAN
NODE_01,1784107038,2026-07-15 16:17:18,3031730,0.343,49.54,-78,AMAN
NODE_01,1784107098,2026-07-15 16:18:18,642849,0.073,49.95,-64,AMAN
NODE_01,1784107158,2026-07-15 16:19:18,2440686,0.277,41.98,-73,AMAN
NODE_01,1784107218,2026-07-15 16:20:18,1315477,0.149,44.14,-61,AMAN
NODE_01,1784107278,2026-07-15 16:21:18,4817945,0.546,44.04,-74,AMAN
NODE_01,1784107338,2026-07-15 16:22:18,948990,0.108,49.4,-70,AMAN
NODE_01,1784107398,2026-07-15 16:23:18,0,0.0,52.03,-59,AMAN
NODE_01,1784107458,2026-07-15 16:24:18,4759997,0.539,54.0,-45,AMAN
NODE_01,1784107518,2026-07-15 16:25:18,5937325,0.673,47.46,-82,AMAN
NODE_01,1784107578,2026-07-15 16:26:18,3303553,0.374,44.45,-67,AMAN
NODE_01,1784107638,2026-07-15 16:27:18,2162251,0.245,39.51,-51,AMAN
NODE_01,1784107698,2026-07-15 16:28:18,2918058,0.331,42.87,-77,AMAN
NODE_01,1784107758,2026-07-15 16:29:18,3453617,0.391,46.01,-63,AMAN
NODE_01,1784107818,2026-07-15 16:30:18,5500926,0.623,49.26,-69,AMAN
NODE_01,1784107878,2026-07-15 16:31:18,5415413,0.614,40.66,-80,AMAN
NODE_01,1784107938,2026-07-15 16:32:18,4163267,0.472,40.08,-62,AMAN
NODE_01,1784107998,2026-07-15 16:33:18,4092687,0.464,40.88,-84,AMAN
NODE_01,1784108058,2026-07-15 16:34:18,1204631,0.136,47.35,-76,AMAN
NODE_01,1784108118,2026-07-15 16:35:18,2585617,0.293,41.38,-60,AMAN
NODE_01,1784108178,2026-07-15 16:36:18,102889,0.012,40.92,-62,AMAN
NODE_01,1784108238,2026-07-15 16:37:18,2295594,0.26,42.1,-46,AMAN
NODE_01,1784108298,2026-07-15 16:38:18,2748897,0.311,44.42,-69,AMAN
NODE_01,1784108358,2026-07-15 16:39:18,4817561,0.546,43.82,-56,AMAN
NODE_01,1784108418,2026-07-15 16:40:18,5432222,0.615,43.49,-77,AMAN
NODE_01,1784108478,2026-07-15 16:41:18,2654456,0.301,47.5,-75,AMAN
NODE_01,1784108538,2026-07-15 16:42:18,2609399,0.296,43.05,-76,AMAN
NODE_01,1784108598,2026-07-15 16:43:18,3178997,0.36,46.99,-72,AMAN
NODE_01,1784108658,2026-07-15 16:44:18,4420724,0.501,41.82,-65,AMAN
NODE_01,1784108718,2026-07-15 16:45:18,2727278,0.309,41.77,-71,AMAN
NODE_01,1784108778,2026-07-15 16:46:18,1567305,0.178,54.1,-85,AMAN
NODE_01,1784108838,2026-07-15 16:47:18,5554918,0.629,54.34,-71,AMAN
NODE_01,1784108898,2026-07-15 16:48:18,2212320,0.251,49.86,-63,AMAN
NODE_01,1784108958,2026-07-15 16:49:18,1836595,0.208,47.75,-79,AMAN
NODE_01,1784109018,2026-07-15 16:50:18,4131964,0.468,43.52,-57,AMAN
NODE_01,1784109078,2026-07-15 16:51:18,2948105,0.334,40.59,-56,AMAN
NODE_01,1784109138,2026-07-15 16:52:18,948436,0.107,50.26,-71,AMAN
NODE_01,1784109198,2026-07-15 16:53:18,1970532,0.223,43.27,-50,AMAN
NODE_01,1784109258,2026-07-15 16:54:18,4667688,0.529,39.6,-46,AMAN
NODE_01,1784109318,2026-07-15 16:55:18,2355249,0.267,41.43,-48,AMAN
NODE_01,1784109378,2026-07-15 16:56:18,5214254,0.591,47.16,-53,AMAN
NODE_01,1784109438,2026-07-15 16:57:18,5144494,0.583,45.01,-49,AMAN
NODE_01,1784109498,2026-07-15 16:58:18,1597771,0.181,46.52,-80,AMAN
NODE_01,1784109558,2026-07-15 16:59:18,1396283,0.158,43.77,-54,AMAN
NODE_01,1784109618,2026-07-15 17:00:18,0,0.0,49.76,-66,AMAN
NODE_01,1784109678,2026-07-15 17:01:18,1725090,0.195,44.58,-63,AMAN
NODE_01,1784109738,2026-07-15 17:02:18,2781475,0.315,45.12,-48,AMAN
NODE_01,1784109798,2026-07-15 17:03:18,453186,0.051,54.04,-78,AMAN
NODE_01,1784109858,2026-07-15 17:04:18,4673929,0.53,41.22,-73,AMAN
NODE_01,1784109918,2026-07-15 17:05:18,2970191,0.337,43.5,-82,AMAN
NODE_01,1784109978,2026-07-15 17:06:18,4149406,0.47,49.85,-81,AMAN
NODE_01,1784110038,2026-07-15 17:07:18,1413993,0.16,46.48,-62,AMAN
NODE_01,1784110098,2026-07-15 17:08:18,83247,0.009,45.77,-65,AMAN
NODE_01,1784110158,2026-07-15 17:09:18,5273441,0.597,50.36,-77,AMAN
NODE_01,1784110218,2026-07-15 17:10:18,1162043,0.132,43.35,-70,AMAN
NODE_01,1784110278,2026-07-15 17:11:18,4340004,0.492,46.02,-58,AMAN
NODE_01,1784110338,2026-07-15 17:12:18,1575881,0.179,39.84,-70,AMAN
NODE_01,1784110398,2026-07-15 17:13:18,0,0.0,40.28,-69,AMAN
NODE_01,1784110458,2026-07-15 17:14:18,1972781,0.224,47.23,-81,AMAN
NODE_01,1784110518,2026-07-15 17:15:18,0,0.0,51.77,-79,AMAN
NODE_01,1784110578,2026-07-15 17:16:18,4190516,0.475,46.17,-78,AMAN
NODE_01,1784110638,2026-07-15 17:17:18,2635789,0.299,47.87,-80,AMAN
NODE_01,1784110698,2026-07-15 17:18:18,2758509,0.313,52.06,-77,AMAN
NODE_01,1784110758,2026-07-15 17:19:18,906047,0.103,43.94,-56,AMAN
NODE_01,1784110818,2026-07-15 17:20:18,4206302,0.477,40.77,-53,AMAN
NODE_01,1784110878,2026-07-15 17:21:18,4533128,0.514,41.78,-58,AMAN
NODE_01,1784110938,2026-07-15 17:22:18,5227563,0.592,43.29,-57,AMAN
NODE_01,1784110998,2026-07-15 17:23:18,3726779,0.422,46.11,-55,AMAN
NODE_01,1784111058,2026-07-15 17:24:18,2946724,0.334,46.81,-61,AMAN
NODE_01,1784111118,2026-07-15 17:25:18,4046735,0.458,41.89,-83,AMAN
NODE_01,1784111178,2026-07-15 17:26:18,2598815,0.294,40.5,-74,AMAN
NODE_01,1784111238,2026-07-15 17:27:18,143754,0.016,50.44,-65,AMAN
NODE_01,1784111298,2026-07-15 17:28:18,1342607,0.152,41.64,-64,AMAN
NODE_01,1784111358,2026-07-15 17:29:18,2019459,0.229,44.23,-49,AMAN
NODE_01,1784111418,2026-07-15 17:30:18,2145756,0.243,46.44,-69,AMAN
NODE_01,1784111478,2026-07-15 17:31:18,1560664,0.177,45.09,-54,AMAN
NODE_01,1784111538,2026-07-15 17:32:18,723210,0.082,40.56,-67,AMAN
NODE_01,1784111598,2026-07-15 17:33:18,258688,0.029,51.53,-57,AMAN
NODE_01,1784111658,2026-07-15 17:34:18,3570107,0.404,39.78,-71,AMAN
NODE_01,1784111718,2026-07-15 17:35:18,930675,0.105,54.66,-76,AMAN
NODE_01,1784111778,2026-07-15 17:36:18,0,0.0,45.24,-83,AMAN
NODE_01,1784111838,2026-07-15 17:37:18,3563337,0.404,42.01,-57,AMAN
NODE_01,1784111898,2026-07-15 17:38:18,3316996,0.376,43.89,-78,AMAN
NODE_01,1784111958,2026-07-15 17:39:18,4907394,0.556,40.47,-77,AMAN
NODE_01,1784112018,2026-07-15 17:40:18,1357735,0.154,53.37,-67,AMAN
NODE_01,1784112078,2026-07-15 17:41:18,473634,0.054,51.85,-67,AMAN
NODE_01,1784112138,2026-07-15 17:42:18,5231959,0.593,42.73,-68,AMAN
NODE_01,1784112198,2026-07-15 17:43:18,1389218,0.157,49.66,-51,AMAN
NODE_01,1784112258,2026-07-15 17:44:18,3449052,0.391,40.24,-62,AMAN
NODE_01,1784112318,2026-07-15 17:45:18,1070378,0.121,54.73,-79,AMAN
NODE_01,1784112378,2026-07-15 17:46:18,3037523,0.344,46.93,-85,AMAN
NODE_01,1784112438,2026-07-15 17:47:18,2777433,0.315,47.8,-67,AMAN
NODE_01,1784112498,2026-07-15 17:48:18,2634047,0.298,50.17,-66,AMAN
NODE_01,1784112558,2026-07-15 17:49:18,3111316,0.353,41.81,-50,AMAN
NODE_01,1784112618,2026-07-15 17:50:18,4046932,0.459,50.52,-59,AMAN
NODE_01,1784112678,2026-07-15 17:51:18,1997515,0.226,51.9,-73,AMAN
NODE_01,1784112738,2026-07-15 17:52:18,5315626,0.602,40.44,-58,AMAN
NODE_01,1784112798,2026-07-15 17:53:18,5811549,0.658,53.66,-80,AMAN
NODE_01,1784112858,2026-07-15 17:54:18,2729830,0.309,42.28,-50,AMAN
NODE_01,1784112918,2026-07-15 17:55:18,1385022,0.157,46.45,-62,AMAN
NODE_01,1784112978,2026-07-15 17:56:18,2537786,0.288,53.57,-52,AMAN
NODE_01,1784113038,2026-07-15 17:57:18,2613072,0.296,44.07,-63,AMAN
NODE_01,1784113098,2026-07-15 17:58:18,2342089,0.265,51.54,-81,AMAN
NODE_01,1784113158,2026-07-15 17:59:18,4109091,0.466,39.45,-49,AMAN
NODE_01,1784113218,2026-07-15 18:00:18,2694990,0.305,42.94,-60,AMAN
NODE_01,1784113278,2026-07-15 18:01:18,1137175,0.129,50.32,-85,AMAN
NODE_01,1784113338,2026-07-15 18:02:18,1397297,0.158,52.58,-77,AMAN
NODE_01,1784113398,2026-07-15 18:03:18,1283635,0.145,46.59,-67,AMAN
NODE_01,1784113458,2026-07-15 18:04:18,3892974,0.441,46.45,-70,AMAN
NODE_01,1784113518,2026-07-15 18:05:18,0,0.0,49.43,-59,AMAN
NODE_01,1784113578,2026-07-15 18:06:18,1905029,0.216,50.68,-45,AMAN
NODE_01,1784113638,2026-07-15 18:07:18,3391736,0.384,51.3,-85,AMAN
NODE_01,1784113698,2026-07-15 18:08:18,224128,0.025,42.27,-69,AMAN
NODE_01,1784113758,2026-07-15 18:09:18,149502,0.017,49.57,-49,AMAN
NODE_01,1784113818,2026-07-15 18:10:18,3794831,0.43,54.61,-70,AMAN
NODE_01,1784113878,2026-07-15 18:11:18,3207354,0.363,40.49,-58,AMAN
NODE_01,1784113938,2026-07-15 18:12:18,1191291,0.135,44.17,-46,AMAN
NODE_01,1784113998,2026-07-15 18:13:18,0,0.0,42.98,-85,AMAN
NODE_01,1784114058,2026-07-15 18:14:18,3141469,0.356,42.06,-76,AMAN
NODE_01,1784114118,2026-07-15 18:15:18,2921694,0.331,47.44,-47,AMAN
NODE_01,1784114178,2026-07-15 18:16:18,1773932,0.201,47.57,-52,AMAN
NODE_01,1784114238,2026-07-15 18:17:18,3248465,0.368,47.81,-50,AMAN
NODE_01,1784114298,2026-07-15 18:18:18,2910889,0.33,44.79,-65,AMAN
NODE_01,1784114358,2026-07-15 18:19:18,2067921,0.234,49.55,-63,AMAN
NODE_01,1784114418,2026-07-15 18:20:18,1930008,0.219,54.76,-62,AMAN
NODE_01,1784114478,2026-07-15 18:21:18,3267499,0.37,41.06,-50,AMAN
NODE_01,1784114538,2026-07-15 18:22:18,3623458,0.411,48.13,-47,AMAN
NODE_01,1784114598,2026-07-15 18:23:18,4366703,0.495,43.45,-64,AMAN
NODE_01,1784114658,2026-07-15 18:24:18,1288686,0.146,40.46,-71,AMAN
NODE_01,1784114718,2026-07-15 18:25:18,1319712,0.15,42.49,-85,AMAN
NODE_01,1784114778,2026-07-15 18:26:18,4093864,0.464,47.99,-67,AMAN
NODE_01,1784114838,2026-07-15 18:27:18,1232695,0.14,52.04,-74,AMAN
NODE_01,1784114898,2026-07-15 18:28:18,4060874,0.46,44.13,-46,AMAN
NODE_01,1784114958,2026-07-15 18:29:18,2342003,0.265,47.2,-50,AMAN
NODE_01,1784115018,2026-07-15 18:30:18,4757447,0.539,52.44,-73,AMAN
NODE_01,1784115078,2026-07-15 18:31:18,0,0.0,44.52,-77,AMAN
NODE_01,1784115138,2026-07-15 18:32:18,2445417,0.277,49.05,-72,AMAN
NODE_01,1784115198,2026-07-15 18:33:18,4204414,0.476,40.23,-53,AMAN
NODE_01,1784115258,2026-07-15 18:34:18,4137832,0.469,50.46,-67,AMAN
NODE_01,1784115318,2026-07-15 18:35:18,2479909,0.281,52.28,-81,AMAN
NODE_01,1784115378,2026-07-15 18:36:18,2274558,0.258,41.82,-81,AMAN
NODE_01,1784115438,2026-07-15 18:37:18,3128452,0.354,42.99,-49,AMAN
NODE_01,1784115498,2026-07-15 18:38:18,2503280,0.284,46.63,-84,AMAN
NODE_01,1784115558,2026-07-15 18:39:18,2931731,0.332,43.44,-68,AMAN
NODE_01,1784115618,2026-07-15 18:40:18,1037713,0.118,54.11,-54,AMAN
NODE_01,1784115678,2026-07-15 18:41:18,5117256,0.58,48.01,-77,AMAN
NODE_01,1784115738,2026-07-15 18:42:18,813998,0.092,42.24,-61,AMAN
NODE_01,1784115798,2026-07-15 18:43:18,2277237,0.258,41.44,-82,AMAN
NODE_01,1784115858,2026-07-15 18:44:18,819334,0.093,53.04,-57,AMAN
NODE_01,1784115918,2026-07-15 18:45:18,0,0.0,51.17,-79,AMAN
NODE_01,1784115978,2026-07-15 18:46:18,388536,0.044,39.6,-65,AMAN
NODE_01,1784116038,2026-07-15 18:47:18,2248422,0.255,45.75,-62,AMAN
NODE_01,1784116098,2026-07-15 18:48:18,1703360,0.193,52.1,-54,AMAN
NODE_01,1784116158,2026-07-15 18:49:18,2547345,0.289,40.12,-58,AMAN
NODE_01,1784116218,2026-07-15 18:50:18,3969827,0.45,48.88,-47,AMAN
NODE_01,1784116278,2026-07-15 18:51:18,2971346,0.337,45.13,-68,AMAN
NODE_01,1784116338,2026-07-15 18:52:18,3965146,0.449,46.0,-55,AMAN
NODE_01,1784116398,2026-07-15 18:53:18,3746238,0.424,43.77,-85,AMAN
NODE_01,1784116458,2026-07-15 18:54:18,285392,0.032,50.83,-55,AMAN
NODE_01,1784116518,2026-07-15 18:55:18,3229823,0.366,49.2,-67,AMAN
NODE_01,1784116578,2026-07-15 18:56:18,3266179,0.37,49.75,-75,AMAN
NODE_01,1784116638,2026-07-15 18:57:18,4846787,0.549,54.39,-71,AMAN
NODE_01,1784116698,2026-07-15 18:58:18,3775281,0.428,49.6,-81,AMAN
NODE_01,1784116758,2026-07-15 18:59:18,3277171,0.371,48.63,-77,AMAN
NODE_01,1784116818,2026-07-15 19:00:18,3104363,0.352,51.51,-65,AMAN
NODE_01,1784116878,2026-07-15 19:01:18,2944719,0.334,52.57,-85,AMAN
NODE_01,1784116938,2026-07-15 19:02:18,1597191,0.181,46.91,-82,AMAN
NODE_01,1784116998,2026-07-15 19:03:18,1124245,0.127,54.02,-50,AMAN
NODE_01,1784117058,2026-07-15 19:04:18,667912,0.076,51.24,-68,AMAN
NODE_01,1784117118,2026-07-15 19:05:18,1017455,0.115,41.68,-76,AMAN
NODE_01,1784117178,2026-07-15 19:06:18,74887,0.008,48.0,-78,AMAN
NODE_01,1784117238,2026-07-15 19:07:18,4774413,0.541,44.08,-59,AMAN
NODE_01,1784117298,2026-07-15 19:08:18,2190777,0.248,41.25,-83,AMAN
NODE_01,1784117358,2026-07-15 19:09:18,2267635,0.257,50.17,-72,AMAN
NODE_01,1784117418,2026-07-15 19:10:18,2934309,0.332,50.56,-59,AMAN
NODE_01,1784117478,2026-07-15 19:11:18,2331451,0.264,54.55,-81,AMAN
NODE_01,1784117538,2026-07-15 19:12:18,1746066,0.198,45.03,-48,AMAN
NODE_01,1784117598,2026-07-15 19:13:18,1397944,0.158,42.09,-77,AMAN
NODE_01,1784117658,2026-07-15 19:14:18,793383,0.09,42.33,-61,AMAN
NODE_01,1784117718,2026-07-15 19:15:18,4827305,0.547,45.05,-66,AMAN
NODE_01,1784117778,2026-07-15 19:16:18,2571918,0.291,50.67,-71,AMAN
NODE_01,1784117838,2026-07-15 19:17:18,1803309,0.204,40.91,-59,AMAN
NODE_01,1784117898,2026-07-15 19:18:18,2889723,0.327,54.39,-83,AMAN
NODE_01,1784117958,2026-07-15 19:19:18,1247960,0.141,39.88,-59,AMAN
NODE_01,1784118018,2026-07-15 19:20:18,2962612,0.336,52.22,-76,AMAN
NODE_01,1784118078,2026-07-15 19:21:18,3070963,0.348,44.75,-85,AMAN
NODE_01,1784118138,2026-07-15 19:22:18,1335776,0.151,54.0,-57,AMAN
NODE_01,1784118198,2026-07-15 19:23:18,3744083,0.424,44.25,-85,AMAN
NODE_01,1784118258,2026-07-15 19:24:18,3279311,0.372,49.98,-84,AMAN
NODE_01,1784118318,2026-07-15 19:25:18,3857690,0.437,45.58,-55,AMAN
NODE_01,1784118378,2026-07-15 19:26:18,2167432,0.246,43.02,-59,AMAN
NODE_01,1784118438,2026-07-15 19:27:18,1875443,0.212,42.23,-85,AMAN
NODE_01,1784118498,2026-07-15 19:28:18,4834518,0.548,51.67,-62,AMAN
NODE_01,1784118558,2026-07-15 19:29:18,3231209,0.366,50.13,-48,AMAN
NODE_01,1784118618,2026-07-15 19:30:18,3664045,0.415,49.96,-62,AMAN
NODE_01,1784118678,2026-07-15 19:31:18,2322046,0.263,42.0,-50,AMAN
NODE_01,1784118738,2026-07-15 19:32:18,3065361,0.347,43.29,-53,AMAN
NODE_01,1784118798,2026-07-15 19:33:18,4917208,0.557,46.09,-85,AMAN
NODE_01,1784118858,2026-07-15 19:34:18,1903394,0.216,51.4,-83,AMAN
NODE_01,1784118918,2026-07-15 19:35:18,2033962,0.23,52.74,-76,AMAN
NODE_01,1784118978,2026-07-15 19:36:18,1563651,0.177,43.21,-72,AMAN
NODE_01,1784119038,2026-07-15 19:37:18,2487037,0.282,43.79,-81,AMAN
NODE_01,1784119098,2026-07-15 19:38:18,1448814,0.164,52.86,-80,AMAN
NODE_01,1784119158,2026-07-15 19:39:18,2555995,0.29,51.21,-79,AMAN
NODE_01,1784119218,2026-07-15 19:40:18,5873265,0.665,41.04,-82,AMAN
NODE_01,1784119278,2026-07-15 19:41:18,209031,0.024,41.3,-83,AMAN
NODE_01,1784119338,2026-07-15 19:42:18,2619612,0.297,54.04,-49,AMAN
NODE_01,1784119398,2026-07-15 19:43:18,1695544,0.192,41.52,-74,AMAN
NODE_01,1784119458,2026-07-15 19:44:18,1516705,0.172,48.22,-70,AMAN
NODE_01,1784119518,2026-07-15 19:45:18,604508,0.068,45.11,-82,AMAN
NODE_01,1784119578,2026-07-15 19:46:18,679423,0.077,50.11,-60,AMAN
NODE_01,1784119638,2026-07-15 19:47:18,2480601,0.281,46.48,-82,AMAN
NODE_01,1784119698,2026-07-15 19:48:18,5512307,0.625,48.65,-57,AMAN
NODE_01,1784119758,2026-07-15 19:49:18,3030012,0.343,43.2,-56,AMAN
NODE_01,1784119818,2026-07-15 19:50:18,2824780,0.32,52.74,-47,AMAN
NODE_01,1784119878,2026-07-15 19:51:18,1177528,0.133,47.39,-76,AMAN
NODE_01,1784119938,2026-07-15 19:52:18,482690,0.055,41.58,-69,AMAN
NODE_01,1784119998,2026-07-15 19:53:18,5604514,0.635,51.4,-51,AMAN
NODE_01,1784120058,2026-07-15 19:54:18,2086633,0.236,53.98,-45,AMAN
NODE_01,1784120118,2026-07-15 19:55:18,5003010,0.567,53.39,-54,AMAN
NODE_01,1784120178,2026-07-15 19:56:18,158093,0.018,41.53,-71,AMAN
NODE_01,1784120238,2026-07-15 19:57:18,2507046,0.284,49.64,-74,AMAN
NODE_01,1784120298,2026-07-15 19:58:18,3895762,0.441,44.42,-75,AMAN
NODE_01,1784120358,2026-07-15 19:59:18,3866152,0.438,51.04,-69,AMAN
NODE_01,1784120418,2026-07-15 20:00:18,4118086,0.467,40.56,-53,AMAN
NODE_01,1784120478,2026-07-15 20:01:18,4433345,0.502,48.03,-53,AMAN
NODE_01,1784120538,2026-07-15 20:02:18,5710593,0.647,44.6,-55,AMAN
NODE_01,1784120598,2026-07-15 20:03:18,5917695,0.67,51.85,-78,AMAN
NODE_01,1784120658,2026-07-15 20:04:18,5806518,0.658,45.17,-77,AMAN
NODE_01,1784120718,2026-07-15 20:05:18,3172002,0.359,43.67,-73,AMAN
NODE_01,1784120778,2026-07-15 20:06:18,1533896,0.174,46.8,-75,AMAN
NODE_01,1784120838,2026-07-15 20:07:18,525676,0.06,53.73,-50,AMAN
NODE_01,1784120898,2026-07-15 20:08:18,4481699,0.508,47.04,-72,AMAN
NODE_01,1784120958,2026-07-15 20:09:18,4792272,0.543,50.7,-82,AMAN
NODE_01,1784121018,2026-07-15 20:10:18,2293608,0.26,46.9,-73,AMAN
NODE_01,1784121078,2026-07-15 20:11:18,3156800,0.358,44.23,-67,AMAN
NODE_01,1784121138,2026-07-15 20:12:18,2205915,0.25,52.07,-60,AMAN
NODE_01,1784121198,2026-07-15 20:13:18,3298065,0.374,50.89,-48,AMAN
NODE_01,1784121258,2026-07-15 20:14:18,906494,0.103,49.47,-82,AMAN
NODE_01,1784121318,2026-07-15 20:15:18,5023085,0.569,47.28,-76,AMAN
NODE_01,1784121378,2026-07-15 20:16:18,1034918,0.117,47.6,-80,AMAN
NODE_01,1784121438,2026-07-15 20:17:18,2649601,0.3,41.77,-65,AMAN
NODE_01,1784121498,2026-07-15 20:18:18,3976215,0.45,53.82,-83,AMAN
NODE_01,1784121558,2026-07-15 20:19:18,4722324,0.535,45.43,-79,AMAN
NODE_01,1784121618,2026-07-15 20:20:18,3179871,0.36,48.34,-67,AMAN
NODE_01,1784121678,2026-07-15 20:21:18,2106161,0.239,50.87,-78,AMAN
NODE_01,1784121738,2026-07-15 20:22:18,3163108,0.358,43.57,-76,AMAN
NODE_01,1784121798,2026-07-15 20:23:18,89048,0.01,44.17,-85,AMAN
NODE_01,1784121858,2026-07-15 20:24:18,0,0.0,53.31,-54,AMAN
NODE_01,1784121918,2026-07-15 20:25:18,460065,0.052,53.39,-55,AMAN
NODE_01,1784121978,2026-07-15 20:26:18,2837408,0.321,45.95,-69,AMAN
NODE_01,1784122038,2026-07-15 20:27:18,1137348,0.129,47.98,-61,AMAN
NODE_01,1784122098,2026-07-15 20:28:18,4126277,0.467,52.01,-62,AMAN
NODE_01,1784122158,2026-07-15 20:29:18,3308970,0.375,49.3,-48,AMAN
NODE_01,1784122218,2026-07-15 20:30:18,2912131,0.33,46.28,-46,AMAN
NODE_01,1784122278,2026-07-15 20:31:18,2866356,0.325,41.49,-49,AMAN
NODE_01,1784122338,2026-07-15 20:32:18,4859994,0.551,44.96,-82,AMAN
NODE_01,1784122398,2026-07-15 20:33:18,2394687,0.271,48.03,-48,AMAN
NODE_01,1784122458,2026-07-15 20:34:18,4047689,0.459,47.68,-64,AMAN
NODE_01,1784122518,2026-07-15 20:35:18,4012399,0.455,52.24,-81,AMAN
NODE_01,1784122578,2026-07-15 20:36:18,3450176,0.391,51.67,-56,AMAN
NODE_01,1784122638,2026-07-15 20:37:18,3692953,0.418,53.32,-76,AMAN
NODE_01,1784122698,2026-07-15 20:38:18,1507552,0.171,48.73,-84,AMAN
NODE_01,1784122758,2026-07-15 20:39:18,2504383,0.284,45.59,-52,AMAN
NODE_01,1784122818,2026-07-15 20:40:18,1331248,0.151,46.38,-48,AMAN
NODE_01,1784122878,2026-07-15 20:41:18,324726,0.037,46.58,-52,AMAN
NODE_01,1784122938,2026-07-15 20:42:18,4122830,0.467,50.75,-85,AMAN
NODE_01,1784122998,2026-07-15 20:43:18,871719,0.099,45.2,-60,AMAN
NODE_01,1784123058,2026-07-15 20:44:18,2023671,0.229,49.72,-72,AMAN
NODE_01,1784123118,2026-07-15 20:45:18,3767234,0.427,45.72,-72,AMAN
NODE_01,1784123178,2026-07-15 20:46:18,4198936,0.476,53.88,-49,AMAN
NODE_01,1784123238,2026-07-15 20:47:18,2882181,0.327,50.95,-68,AMAN
NODE_01,1784123298,2026-07-15 20:48:18,2450886,0.278,40.32,-76,AMAN
NODE_01,1784123358,2026-07-15 20:49:18,3500855,0.397,47.11,-65,AMAN
NODE_01,1784123418,2026-07-15 20:50:18,3161137,0.358,50.85,-85,AMAN
NODE_01,1784123478,2026-07-15 20:51:18,2506442,0.284,52.27,-51,AMAN
NODE_01,1784123538,2026-07-15 20:52:18,4552171,0.516,50.17,-46,AMAN
NODE_01,1784123598,2026-07-15 20:53:18,2301029,0.261,49.12,-62,AMAN
NODE_01,1784123658,2026-07-15 20:54:18,2976760,0.337,55.05,-62,AMAN
NODE_01,1784123718,2026-07-15 20:55:18,3177870,0.36,48.19,-51,AMAN
NODE_01,1784123778,2026-07-15 20:56:18,2434777,0.276,51.45,-53,AMAN
NODE_01,1784123838,2026-07-15 20:57:18,0,0.0,52.69,-83,AMAN
NODE_01,1784123898,2026-07-15 20:58:18,641070,0.073,50.21,-65,AMAN
NODE_01,1784123958,2026-07-15 20:59:18,3957080,0.448,53.34,-70,AMAN
NODE_01,1784124018,2026-07-15 21:00:18,1654602,0.187,41.84,-56,AMAN
NODE_01,1784124078,2026-07-15 21:01:18,2165573,0.245,41.41,-52,AMAN
NODE_01,1784124138,2026-07-15 21:02:18,3701195,0.419,51.95,-58,AMAN
NODE_01,1784124198,2026-07-15 21:03:18,3676236,0.417,47.08,-53,AMAN
NODE_01,1784124258,2026-07-15 21:04:18,3198561,0.362,40.45,-72,AMAN
NODE_01,1784124318,2026-07-15 21:05:18,2102101,0.238,51.13,-58,AMAN
NODE_01,1784124378,2026-07-15 21:06:18,1242217,0.141,44.26,-77,AMAN
NODE_01,1784124438,2026-07-15 21:07:18,2183870,0.247,51.94,-82,AMAN
NODE_01,1784124498,2026-07-15 21:08:18,2493135,0.282,54.65,-65,AMAN
NODE_01,1784124558,2026-07-15 21:09:18,0,0.0,40.59,-85,AMAN
NODE_01,1784124618,2026-07-15 21:10:18,2838200,0.322,47.13,-49,AMAN
NODE_01,1784124678,2026-07-15 21:11:18,2707733,0.307,50.65,-56,AMAN
NODE_01,1784124738,2026-07-15 21:12:18,4153807,0.471,44.95,-76,AMAN
NODE_01,1784124798,2026-07-15 21:13:18,4325825,0.49,51.1,-81,AMAN
NODE_01,1784124858,2026-07-15 21:14:18,3109993,0.352,43.14,-50,AMAN
NODE_01,1784124918,2026-07-15 21:15:18,4439055,0.503,51.45,-45,AMAN
NODE_01,1784124978,2026-07-15 21:16:18,3970191,0.45,40.87,-60,AMAN
NODE_01,1784125038,2026-07-15 21:17:18,3813116,0.432,44.2,-65,AMAN
NODE_01,1784125098,2026-07-15 21:18:18,4283156,0.485,49.83,-82,AMAN
NODE_01,1784125158,2026-07-15 21:19:18,1015514,0.115,51.55,-45,AMAN
NODE_01,1784125218,2026-07-15 21:20:18,2627454,0.298,39.78,-50,AMAN
NODE_01,1784125278,2026-07-15 21:21:18,3320811,0.376,40.32,-56,AMAN
NODE_01,1784125338,2026-07-15 21:22:18,3133422,0.355,44.15,-65,AMAN
NODE_01,1784125398,2026-07-15 21:23:18,2773972,0.314,51.47,-76,AMAN
NODE_01,1784125458,2026-07-15 21:24:18,4102648,0.465,48.95,-76,AMAN
NODE_01,1784125518,2026-07-15 21:25:18,2906793,0.329,45.92,-68,AMAN
NODE_01,1784125578,2026-07-15 21:26:18,3335315,0.378,51.65,-49,AMAN
NODE_01,1784125638,2026-07-15 21:27:18,1548385,0.175,47.1,-47,AMAN
NODE_01,1784125698,2026-07-15 21:28:18,2157828,0.244,42.55,-62,AMAN
NODE_01,1784125758,2026-07-15 21:29:18,2371361,0.269,41.45,-81,AMAN
NODE_01,1784125818,2026-07-15 21:30:18,3160431,0.358,40.75,-58,AMAN
NODE_01,1784125878,2026-07-15 21:31:18,3930415,0.445,42.58,-79,AMAN
NODE_01,1784125938,2026-07-15 21:32:18,880852,0.1,49.55,-69,AMAN
NODE_01,1784125998,2026-07-15 21:33:18,2431181,0.275,42.92,-61,AMAN
NODE_01,1784126058,2026-07-15 21:34:18,3227939,0.366,42.85,-76,AMAN
NODE_01,1784126118,2026-07-15 21:35:18,1538518,0.174,54.08,-66,AMAN
NODE_01,1784126178,2026-07-15 21:36:18,917608,0.104,46.9,-48,AMAN
NODE_01,1784126238,2026-07-15 21:37:18,2191287,0.248,49.27,-79,AMAN
NODE_01,1784126298,2026-07-15 21:38:18,998905,0.113,43.73,-60,AMAN
NODE_01,1784126358,2026-07-15 21:39:18,1833179,0.208,49.47,-64,AMAN
NODE_01,1784126418,2026-07-15 21:40:18,3150955,0.357,46.45,-71,AMAN
NODE_01,1784126478,2026-07-15 21:41:18,2379178,0.27,54.21,-61,AMAN
NODE_01,1784126538,2026-07-15 21:42:18,5163040,0.585,42.79,-57,AMAN
NODE_01,1784126598,2026-07-15 21:43:18,2749498,0.312,43.46,-57,AMAN
NODE_01,1784126658,2026-07-15 21:44:18,0,0.0,44.07,-75,AMAN
NODE_01,1784126718,2026-07-15 21:45:18,3611209,0.409,47.1,-69,AMAN
NODE_01,1784126778,2026-07-15 21:46:18,2242817,0.254,47.47,-73,AMAN
NODE_01,1784126838,2026-07-15 21:47:18,988463,0.112,51.21,-63,AMAN
NODE_01,1784126898,2026-07-15 21:48:18,0,0.0,40.72,-51,AMAN
NODE_01,1784126958,2026-07-15 21:49:18,4509747,0.511,45.12,-47,AMAN
NODE_01,1784127018,2026-07-15 21:50:18,2433006,0.276,45.32,-50,AMAN
NODE_01,1784127078,2026-07-15 21:51:18,901364,0.102,47.81,-50,AMAN
NODE_01,1784127138,2026-07-15 21:52:18,385534,0.044,45.64,-82,AMAN
NODE_01,1784127198,2026-07-15 21:53:18,1434475,0.163,44.81,-80,AMAN
NODE_01,1784127258,2026-07-15 21:54:18,2747605,0.311,41.59,-50,AMAN
NODE_01,1784127318,2026-07-15 21:55:18,2022570,0.229,53.69,-49,AMAN
NODE_01,1784127378,2026-07-15 21:56:18,0,0.0,51.76,-73,AMAN
NODE_01,1784127438,2026-07-15 21:57:18,2849354,0.323,51.11,-68,AMAN
NODE_01,1784127498,2026-07-15 21:58:18,1144330,0.13,46.05,-53,AMAN
NODE_01,1784127558,2026-07-15 21:59:18,862802,0.098,51.75,-66,AMAN
NODE_01,1784127618,2026-07-15 22:00:18,1649916,0.187,50.12,-79,AMAN
NODE_01,1784127678,2026-07-15 22:01:18,1539662,0.174,51.13,-74,AMAN
NODE_01,1784127738,2026-07-15 22:02:18,4263651,0.483,46.52,-67,AMAN
NODE_01,1784127798,2026-07-15 22:03:18,3228285,0.366,41.31,-65,AMAN
NODE_01,1784127858,2026-07-15 22:04:18,0,0.0,43.9,-82,AMAN
NODE_01,1784127918,2026-07-15 22:05:18,3965183,0.449,52.71,-70,AMAN
NODE_01,1784127978,2026-07-15 22:06:18,162935,0.018,43.57,-73,AMAN
NODE_01,1784128038,2026-07-15 22:07:18,0,0.0,48.3,-83,AMAN
NODE_01,1784128098,2026-07-15 22:08:18,2357980,0.267,44.22,-75,AMAN
NODE_01,1784128158,2026-07-15 22:09:18,3227157,0.366,44.57,-52,AMAN
NODE_01,1784128218,2026-07-15 22:10:18,2619662,0.297,48.39,-62,AMAN
NODE_01,1784128278,2026-07-15 22:11:18,1116896,0.127,46.21,-81,AMAN
NODE_01,1784128338,2026-07-15 22:12:18,3965079,0.449,50.92,-84,AMAN
NODE_01,1784128398,2026-07-15 22:13:18,3242636,0.367,47.75,-78,AMAN
NODE_01,1784128458,2026-07-15 22:14:18,884434,0.1,49.97,-77,AMAN
NODE_01,1784128518,2026-07-15 22:15:18,3894767,0.441,44.0,-78,AMAN
NODE_01,1784128578,2026-07-15 22:16:18,1812783,0.205,50.34,-62,AMAN
NODE_01,1784128638,2026-07-15 22:17:18,4005546,0.454,48.46,-58,AMAN
NODE_01,1784128698,2026-07-15 22:18:18,2012083,0.228,49.47,-58,AMAN
NODE_01,1784128758,2026-07-15 22:19:18,1573711,0.178,51.91,-76,AMAN
NODE_01,1784128818,2026-07-15 22:20:18,3609663,0.409,52.91,-58,AMAN
NODE_01,1784128878,2026-07-15 22:21:18,2298903,0.26,55.54,-82,AMAN
NODE_01,1784128938,2026-07-15 22:22:18,1202546,0.136,43.13,-64,AMAN
NODE_01,1784128998,2026-07-15 22:23:18,209124,0.024,51.33,-85,AMAN
NODE_01,1784129058,2026-07-15 22:24:18,5243318,0.594,50.79,-60,AMAN
NODE_01,1784129118,2026-07-15 22:25:18,4010450,0.454,41.96,-51,AMAN
NODE_01,1784129178,2026-07-15 22:26:18,1464227,0.166,45.79,-49,AMAN
NODE_01,1784129238,2026-07-15 22:27:18,1933990,0.219,54.6,-66,AMAN
NODE_01,1784129298,2026-07-15 22:28:18,4928209,0.558,53.71,-58,AMAN
NODE_01,1784129358,2026-07-15 22:29:18,3405465,0.386,43.03,-51,AMAN
NODE_01,1784129418,2026-07-15 22:30:18,1355059,0.154,41.46,-72,AMAN
NODE_01,1784129478,2026-07-15 22:31:18,2593955,0.294,48.47,-46,AMAN
NODE_01,1784129538,2026-07-15 22:32:18,2600351,0.295,43.12,-82,AMAN
NODE_01,1784129598,2026-07-15 22:33:18,2693079,0.305,47.08,-84,AMAN
NODE_01,1784129658,2026-07-15 22:34:18,0,0.0,46.16,-45,AMAN
NODE_01,1784129718,2026-07-15 22:35:18,877761,0.099,42.65,-53,AMAN
NODE_01,1784129778,2026-07-15 22:36:18,4415655,0.5,46.99,-80,AMAN
NODE_01,1784129838,2026-07-15 22:37:18,1655264,0.188,46.27,-62,AMAN
NODE_01,1784129898,2026-07-15 22:38:18,1042803,0.118,41.72,-65,AMAN
NODE_01,1784129958,2026-07-15 22:39:18,2692238,0.305,52.62,-47,AMAN
NODE_01,1784130018,2026-07-15 22:40:18,1134835,0.129,45.93,-60,AMAN
NODE_01,1784130078,2026-07-15 22:41:18,3911412,0.443,49.61,-46,AMAN
NODE_01,1784130138,2026-07-15 22:42:18,1007388,0.114,39.49,-48,AMAN
NODE_01,1784130198,2026-07-15 22:43:18,1305834,0.148,48.93,-81,AMAN
NODE_01,1784130258,2026-07-15 22:44:18,4118231,0.467,54.67,-64,AMAN
NODE_01,1784130318,2026-07-15 22:45:18,0,0.0,50.33,-59,AMAN
NODE_01,1784130378,2026-07-15 22:46:18,1658337,0.188,49.55,-81,AMAN
NODE_01,1784130438,2026-07-15 22:47:18,5506348,0.624,49.84,-79,AMAN
NODE_01,1784130498,2026-07-15 22:48:18,5330939,0.604,54.09,-49,AMAN
NODE_01,1784130558,2026-07-15 22:49:18,1338974,0.152,41.66,-54,AMAN
NODE_01,1784130618,2026-07-15 22:50:18,3156568,0.358,52.6,-58,AMAN
NODE_01,1784130678,2026-07-15 22:51:18,1010426,0.114,41.07,-56,AMAN
NODE_01,1784130738,2026-07-15 22:52:18,2041064,0.231,46.47,-70,AMAN
NODE_01,1784130798,2026-07-15 22:53:18,2655068,0.301,46.1,-49,AMAN
NODE_01,1784130858,2026-07-15 22:54:18,2296135,0.26,50.76,-56,AMAN
NODE_01,1784130918,2026-07-15 22:55:18,3868318,0.438,51.08,-59,AMAN
NODE_01,1784130978,2026-07-15 22:56:18,2715978,0.308,53.44,-67,AMAN
NODE_01,1784131038,2026-07-15 22:57:18,3284009,0.372,46.62,-84,AMAN
NODE_01,1784131098,2026-07-15 22:58:18,3030317,0.343,42.53,-66,AMAN
NODE_01,1784131158,2026-07-15 22:59:18,2121254,0.24,49.65,-50,AMAN
NODE_01,1784131218,2026-07-15 23:00:18,804961,0.091,48.39,-56,AMAN
NODE_01,1784131278,2026-07-15 23:01:18,3882585,0.44,44.14,-70,AMAN
NODE_01,1784131338,2026-07-15 23:02:18,1825466,0.207,43.78,-56,AMAN
NODE_01,1784131398,2026-07-15 23:03:18,2271116,0.257,43.62,-69,AMAN
NODE_01,1784131458,2026-07-15 23:04:18,3271835,0.371,46.81,-66,AMAN
NODE_01,1784131518,2026-07-15 23:05:18,958224,0.109,49.13,-46,AMAN
NODE_01,1784131578,2026-07-15 23:06:18,0,0.0,43.54,-56,AMAN
NODE_01,1784131638,2026-07-15 23:07:18,2226454,0.252,48.99,-71,AMAN
NODE_01,1784131698,2026-07-15 23:08:18,4357956,0.494,52.13,-59,AMAN
NODE_01,1784131758,2026-07-15 23:09:18,2604205,0.295,46.16,-68,AMAN
NODE_01,1784131818,2026-07-15 23:10:18,3877817,0.439,47.58,-84,AMAN
NODE_01,1784131878,2026-07-15 23:11:18,2914028,0.33,43.81,-80,AMAN
NODE_01,1784131938,2026-07-15 23:12:18,3213212,0.364,46.13,-56,AMAN
NODE_01,1784131998,2026-07-15 23:13:18,5398745,0.612,52.49,-64,AMAN
NODE_01,1784132058,2026-07-15 23:14:18,1686414,0.191,54.11,-61,AMAN
NODE_01,1784132118,2026-07-15 23:15:18,2408733,0.273,46.62,-74,AMAN
NODE_01,1784132178,2026-07-15 23:16:18,1867708,0.212,52.76,-50,AMAN
NODE_01,1784132238,2026-07-15 23:17:18,3197929,0.362,44.16,-71,AMAN
NODE_01,1784132298,2026-07-15 23:18:18,2011827,0.228,48.27,-47,AMAN
NODE_01,1784132358,2026-07-15 23:19:18,2746362,0.311,53.72,-56,AMAN
NODE_01,1784132418,2026-07-15 23:20:18,2707124,0.307,48.11,-71,AMAN
NODE_01,1784132478,2026-07-15 23:21:18,3568955,0.404,43.3,-75,AMAN
NODE_01,1784132538,2026-07-15 23:22:18,993407,0.113,53.34,-51,AMAN
NODE_01,1784132598,2026-07-15 23:23:18,2639302,0.299,44.79,-55,AMAN
NODE_01,1784132658,2026-07-15 23:24:18,4179944,0.474,41.7,-52,AMAN
NODE_01,1784132718,2026-07-15 23:25:18,462874,0.052,53.22,-63,AMAN
NODE_01,1784132778,2026-07-15 23:26:18,2432120,0.276,51.85,-84,AMAN
NODE_01,1784132838,2026-07-15 23:27:18,1981689,0.225,53.36,-77,AMAN
NODE_01,1784132898,2026-07-15 23:28:18,1025356,0.116,47.54,-53,AMAN
NODE_01,1784132958,2026-07-15 23:29:18,2618099,0.297,48.52,-60,AMAN
NODE_01,1784133018,2026-07-15 23:30:18,2839735,0.322,55.53,-62,AMAN
NODE_01,1784133078,2026-07-15 23:31:18,1758831,0.199,45.65,-53,AMAN
NODE_01,1784133138,2026-07-15 23:32:18,4717650,0.534,43.34,-51,AMAN
NODE_01,1784133198,2026-07-15 23:33:18,3734528,0.423,51.83,-45,AMAN
NODE_01,1784133258,2026-07-15 23:34:18,2110168,0.239,48.67,-78,AMAN
NODE_01,1784133318,2026-07-15 23:35:18,2004303,0.227,41.38,-68,AMAN
NODE_01,1784133378,2026-07-15 23:36:18,2472289,0.28,43.64,-53,AMAN
NODE_01,1784133438,2026-07-15 23:37:18,5585426,0.633,53.12,-75,AMAN
NODE_01,1784133498,2026-07-15 23:38:18,0,0.0,50.92,-81,AMAN
NODE_01,1784133558,2026-07-15 23:39:18,1267527,0.144,51.61,-57,AMAN
NODE_01,1784133618,2026-07-15 23:40:18,4589875,0.52,43.5,-45,AMAN
NODE_01,1784133678,2026-07-15 23:41:18,3056395,0.346,53.85,-74,AMAN
NODE_01,1784133738,2026-07-15 23:42:18,3087701,0.35,43.81,-77,AMAN
NODE_01,1784133798,2026-07-15 23:43:18,731252,0.083,40.74,-60,AMAN
NODE_01,1784133858,2026-07-15 23:44:18,5200780,0.589,52.66,-55,AMAN
NODE_01,1784133918,2026-07-15 23:45:18,2831444,0.321,42.74,-79,AMAN
NODE_01,1784133978,2026-07-15 23:46:18,3715407,0.421,41.2,-57,AMAN
NODE_01,1784134038,2026-07-15 23:47:18,4533819,0.514,51.55,-54,AMAN
NODE_01,1784134098,2026-07-15 23:48:18,1250486,0.142,51.85,-56,AMAN
NODE_01,1784134158,2026-07-15 23:49:18,936405,0.106,46.86,-55,AMAN
NODE_01,1784134218,2026-07-15 23:50:18,0,0.0,48.07,-56,AMAN
NODE_01,1784134278,2026-07-15 23:51:18,1039653,0.118,44.26,-62,AMAN
NODE_01,1784134338,2026-07-15 23:52:18,3001160,0.34,42.47,-55,AMAN
NODE_01,1784134398,2026-07-15 23:53:18,175001,0.02,44.96,-73,AMAN
NODE_01,1784134458,2026-07-15 23:54:18,0,0.0,54.91,-73,AMAN
NODE_01,1784134518,2026-07-15 23:55:18,3667332,0.415,49.48,-48,AMAN
NODE_01,1784134578,2026-07-15 23:56:18,1370016,0.155,50.43,-59,AMAN
NODE_01,1784134638,2026-07-15 23:57:18,3554577,0.403,49.53,-72,AMAN
NODE_01,1784134698,2026-07-15 23:58:18,3191944,0.362,40.13,-71,AMAN
NODE_01,1784134758,2026-07-15 23:59:18,2427814,0.275,51.13,-71,AMAN
NODE_01,1784134818,2026-07-16 00:00:18,4538825,0.514,48.67,-64,AMAN
NODE_01,1784134878,2026-07-16 00:01:18,3013328,0.341,45.44,-85,AMAN
NODE_01,1784134938,2026-07-16 00:02:18,4021182,0.456,53.2,-60,AMAN
NODE_01,1784134998,2026-07-16 00:03:18,1715924,0.194,47.22,-83,AMAN
NODE_01,1784135058,2026-07-16 00:04:18,3583697,0.406,47.63,-67,AMAN
NODE_01,1784135118,2026-07-16 00:05:18,1732136,0.196,55.23,-55,AMAN
NODE_01,1784135178,2026-07-16 00:06:18,4152830,0.471,48.83,-53,AMAN
NODE_01,1784135238,2026-07-16 00:07:18,3153226,0.357,50.99,-45,AMAN
NODE_01,1784135298,2026-07-16 00:08:18,5287883,0.599,45.12,-50,AMAN
NODE_01,1784135358,2026-07-16 00:09:18,1988250,0.225,44.98,-77,AMAN
NODE_01,1784135418,2026-07-16 00:10:18,3920994,0.444,45.35,-55,AMAN
NODE_01,1784135478,2026-07-16 00:11:18,1125571,0.128,45.19,-65,AMAN
NODE_01,1784135538,2026-07-16 00:12:18,987245,0.112,50.15,-58,AMAN
NODE_01,1784135598,2026-07-16 00:13:18,3120118,0.353,50.1,-58,AMAN
NODE_01,1784135658,2026-07-16 00:14:18,4139961,0.469,45.55,-46,AMAN
NODE_01,1784135718,2026-07-16 00:15:18,2159872,0.245,45.8,-58,AMAN
NODE_01,1784135778,2026-07-16 00:16:18,3048605,0.345,50.07,-64,AMAN
NODE_01,1784135838,2026-07-16 00:17:18,2781315,0.315,42.65,-80,AMAN
NODE_01,1784135898,2026-07-16 00:18:18,3111585,0.353,43.27,-81,AMAN
NODE_01,1784135958,2026-07-16 00:19:18,1818037,0.206,54.69,-83,AMAN
NODE_01,1784136018,2026-07-16 00:20:18,2249629,0.255,52.36,-85,AMAN
NODE_01,1784136078,2026-07-16 00:21:18,2390156,0.271,41.98,-79,AMAN
NODE_01,1784136138,2026-07-16 00:22:18,1702310,0.193,49.18,-49,AMAN
NODE_01,1784136198,2026-07-16 00:23:18,2186021,0.248,55.34,-66,AMAN
NODE_01,1784136258,2026-07-16 00:24:18,1758903,0.199,53.92,-45,AMAN
NODE_01,1784136318,2026-07-16 00:25:18,1706134,0.193,42.43,-57,AMAN
NODE_01,1784136378,2026-07-16 00:26:18,2121234,0.24,50.22,-80,AMAN
NODE_01,1784136438,2026-07-16 00:27:18,1234098,0.14,53.38,-81,AMAN
NODE_01,1784136498,2026-07-16 00:28:18,305390,0.035,48.11,-62,AMAN
NODE_01,1784136558,2026-07-16 00:29:18,3018351,0.342,50.01,-65,AMAN
NODE_01,1784136618,2026-07-16 00:30:18,2159771,0.245,50.47,-64,AMAN
NODE_01,1784136678,2026-07-16 00:31:18,1391948,0.158,48.44,-64,AMAN
NODE_01,1784136738,2026-07-16 00:32:18,2251024,0.255,45.37,-49,AMAN
NODE_01,1784136798,2026-07-16 00:33:18,5091744,0.577,50.04,-45,AMAN
NODE_01,1784136858,2026-07-16 00:34:18,4284143,0.485,46.06,-82,AMAN
NODE_01,1784136918,2026-07-16 00:35:18,284525,0.032,45.23,-71,AMAN
NODE_01,1784136978,2026-07-16 00:36:18,4195571,0.475,43.11,-60,AMAN
NODE_01,1784137038,2026-07-16 00:37:18,3184537,0.361,50.56,-52,AMAN
NODE_01,1784137098,2026-07-16 00:38:18,5060454,0.573,42.13,-67,AMAN
NODE_01,1784137158,2026-07-16 00:39:18,1445938,0.164,42.64,-50,AMAN
NODE_01,1784137218,2026-07-16 00:40:18,3910865,0.443,52.75,-76,AMAN
NODE_01,1784137278,2026-07-16 00:41:18,4687137,0.531,51.56,-75,AMAN
NODE_01,1784137338,2026-07-16 00:42:18,4030608,0.457,50.7,-71,AMAN
NODE_01,1784137398,2026-07-16 00:43:18,1510486,0.171,52.85,-80,AMAN
NODE_01,1784137458,2026-07-16 00:44:18,1662705,0.188,42.89,-53,AMAN
NODE_01,1784137518,2026-07-16 00:45:18,2029286,0.23,50.64,-50,AMAN
NODE_01,1784137578,2026-07-16 00:46:18,1303735,0.148,46.34,-81,AMAN
NODE_01,1784137638,2026-07-16 00:47:18,3936131,0.446,52.14,-54,AMAN
NODE_01,1784137698,2026-07-16 00:48:18,4147014,0.47,44.66,-82,AMAN
NODE_01,1784137758,2026-07-16 00:49:18,4050642,0.459,42.55,-76,AMAN
NODE_01,1784137818,2026-07-16 00:50:18,69706,0.008,49.67,-65,AMAN
NODE_01,1784137878,2026-07-16 00:51:18,2520697,0.286,45.15,-85,AMAN
NODE_01,1784137938,2026-07-16 00:52:18,3634319,0.412,46.0,-70,AMAN
NODE_01,1784137998,2026-07-16 00:53:18,2640621,0.299,41.47,-50,AMAN
NODE_01,1784138058,2026-07-16 00:54:18,2389237,0.271,40.52,-73,AMAN
NODE_01,1784138118,2026-07-16 00:55:18,2829519,0.321,50.71,-60,AMAN
NODE_01,1784138178,2026-07-16 00:56:18,2837721,0.322,43.61,-54,AMAN
NODE_01,1784138238,2026-07-16 00:57:18,2282223,0.259,42.44,-73,AMAN
NODE_01,1784138298,2026-07-16 00:58:18,3226291,0.366,47.11,-61,AMAN
NODE_01,1784138358,2026-07-16 00:59:18,2639275,0.299,51.86,-62,AMAN
NODE_01,1784138418,2026-07-16 01:00:18,711920,0.081,42.6,-64,AMAN
NODE_01,1784138478,2026-07-16 01:01:18,597271,0.068,46.59,-65,AMAN
NODE_01,1784138538,2026-07-16 01:02:18,3586247,0.406,41.02,-55,AMAN
NODE_01,1784138598,2026-07-16 01:03:18,2535470,0.287,55.23,-73,AMAN
NODE_01,1784138658,2026-07-16 01:04:18,3095036,0.351,52.72,-51,AMAN
NODE_01,1784138718,2026-07-16 01:05:18,2449675,0.278,46.75,-51,AMAN
NODE_01,1784138778,2026-07-16 01:06:18,2677700,0.303,39.41,-65,AMAN
NODE_01,1784138838,2026-07-16 01:07:18,1772618,0.201,41.37,-54,AMAN
NODE_01,1784138898,2026-07-16 01:08:18,4747717,0.538,52.97,-64,AMAN
NODE_01,1784138958,2026-07-16 01:09:18,3908974,0.443,40.96,-62,AMAN
NODE_01,1784139018,2026-07-16 01:10:18,3639164,0.412,41.67,-50,AMAN
NODE_01,1784139078,2026-07-16 01:11:18,5112101,0.579,48.4,-85,AMAN
NODE_01,1784139138,2026-07-16 01:12:18,333762,0.038,47.5,-52,AMAN
NODE_01,1784139198,2026-07-16 01:13:18,1042859,0.118,46.88,-49,AMAN
NODE_01,1784139258,2026-07-16 01:14:18,4083317,0.463,51.98,-50,AMAN
NODE_01,1784139318,2026-07-16 01:15:18,4601860,0.521,41.05,-59,AMAN
NODE_01,1784139378,2026-07-16 01:16:18,4616292,0.523,42.98,-62,AMAN
NODE_01,1784139438,2026-07-16 01:17:18,4204089,0.476,51.2,-71,AMAN
NODE_01,1784139498,2026-07-16 01:18:18,5463370,0.619,45.65,-49,AMAN
NODE_01,1784139558,2026-07-16 01:19:18,963936,0.109,51.05,-66,AMAN
NODE_01,1784139618,2026-07-16 01:20:18,3342880,0.379,49.27,-60,AMAN
NODE_01,1784139678,2026-07-16 01:21:18,5332298,0.604,52.98,-64,AMAN
NODE_01,1784139738,2026-07-16 01:22:18,846658,0.096,44.41,-60,AMAN
NODE_01,1784139798,2026-07-16 01:23:18,2083055,0.236,48.18,-82,AMAN
NODE_01,1784139858,2026-07-16 01:24:18,0,0.0,45.47,-62,AMAN
NODE_01,1784139918,2026-07-16 01:25:18,2211700,0.251,50.96,-74,AMAN
NODE_01,1784139978,2026-07-16 01:26:18,1860652,0.211,51.51,-81,AMAN
NODE_01,1784140038,2026-07-16 01:27:18,2606708,0.295,53.09,-49,AMAN
NODE_01,1784140098,2026-07-16 01:28:18,2930995,0.332,47.99,-64,AMAN
NODE_01,1784140158,2026-07-16 01:29:18,3071267,0.348,41.73,-66,AMAN
NODE_01,1784140218,2026-07-16 01:30:18,2852097,0.323,45.95,-59,AMAN
NODE_01,1784140278,2026-07-16 01:31:18,4533841,0.514,53.37,-72,AMAN
NODE_01,1784140338,2026-07-16 01:32:18,772933,0.088,44.59,-85,AMAN
NODE_01,1784140398,2026-07-16 01:33:18,2620643,0.297,42.37,-47,AMAN
NODE_01,1784140458,2026-07-16 01:34:18,1941760,0.22,43.85,-57,AMAN
NODE_01,1784140518,2026-07-16 01:35:18,1515234,0.172,54.56,-72,AMAN
NODE_01,1784140578,2026-07-16 01:36:18,2506456,0.284,47.14,-45,AMAN
NODE_01,1784140638,2026-07-16 01:37:18,3653048,0.414,48.62,-47,AMAN
NODE_01,1784140698,2026-07-16 01:38:18,409734,0.046,41.65,-75,AMAN
NODE_01,1784140758,2026-07-16 01:39:18,3708541,0.42,47.36,-73,AMAN
NODE_01,1784140818,2026-07-16 01:40:18,2761416,0.313,48.6,-50,AMAN
NODE_01,1784140878,2026-07-16 01:41:18,2009790,0.228,45.95,-71,AMAN
NODE_01,1784140938,2026-07-16 01:42:18,2134319,0.242,45.18,-76,AMAN
NODE_01,1784140998,2026-07-16 01:43:18,2034763,0.231,49.07,-61,AMAN
NODE_01,1784141058,2026-07-16 01:44:18,1340686,0.152,53.13,-55,AMAN
NODE_01,1784141118,2026-07-16 01:45:18,625089,0.071,50.3,-71,AMAN
NODE_01,1784141178,2026-07-16 01:46:18,3534394,0.4,40.57,-60,AMAN
NODE_01,1784141238,2026-07-16 01:47:18,698107,0.079,52.85,-60,AMAN
NODE_01,1784141298,2026-07-16 01:48:18,5893018,0.668,46.04,-64,AMAN
NODE_01,1784141358,2026-07-16 01:49:18,4563062,0.517,40.77,-83,AMAN
NODE_01,1784141418,2026-07-16 01:50:18,4136700,0.469,47.44,-80,AMAN
NODE_01,1784141478,2026-07-16 01:51:18,423938,0.048,42.12,-84,AMAN
NODE_01,1784141538,2026-07-16 01:52:18,3111813,0.353,44.53,-56,AMAN
NODE_01,1784141598,2026-07-16 01:53:18,2193394,0.249,42.22,-80,AMAN
NODE_01,1784141658,2026-07-16 01:54:18,2951225,0.334,41.75,-56,AMAN
NODE_01,1784141718,2026-07-16 01:55:18,5559197,0.63,47.21,-69,AMAN
NODE_01,1784141778,2026-07-16 01:56:18,2809475,0.318,42.52,-60,AMAN
NODE_01,1784141838,2026-07-16 01:57:18,0,0.0,43.36,-78,AMAN
NODE_01,1784141898,2026-07-16 01:58:18,2030783,0.23,47.52,-60,AMAN
NODE_01,1784141958,2026-07-16 01:59:18,304305,0.034,51.07,-55,AMAN
NODE_01,1784142018,2026-07-16 02:00:18,470830,0.053,52.03,-59,AMAN
NODE_01,1784142078,2026-07-16 02:01:18,2956914,0.335,44.71,-53,AMAN
NODE_01,1784142138,2026-07-16 02:02:18,3239877,0.367,55.44,-72,AMAN
NODE_01,1784142198,2026-07-16 02:03:18,4737641,0.537,41.85,-62,AMAN
NODE_01,1784142258,2026-07-16 02:04:18,2975689,0.337,40.06,-77,AMAN
NODE_01,1784142318,2026-07-16 02:05:18,4364847,0.495,41.38,-84,AMAN
NODE_01,1784142378,2026-07-16 02:06:18,2437617,0.276,43.4,-50,AMAN
NODE_01,1784142438,2026-07-16 02:07:18,3656066,0.414,42.6,-47,AMAN
NODE_01,1784142498,2026-07-16 02:08:18,3334520,0.378,47.82,-53,AMAN
NODE_01,1784142558,2026-07-16 02:09:18,4805560,0.544,43.0,-49,AMAN
NODE_01,1784142618,2026-07-16 02:10:18,3938263,0.446,50.09,-74,AMAN
NODE_01,1784142678,2026-07-16 02:11:18,544220,0.062,40.26,-54,AMAN
NODE_01,1784142738,2026-07-16 02:12:18,1415469,0.16,46.48,-59,AMAN
NODE_01,1784142798,2026-07-16 02:13:18,4623500,0.524,47.08,-78,AMAN
NODE_01,1784142858,2026-07-16 02:14:18,4399899,0.498,51.12,-66,AMAN
NODE_01,1784142918,2026-07-16 02:15:18,946645,0.107,44.35,-81,AMAN
NODE_01,1784142978,2026-07-16 02:16:18,4020744,0.456,52.9,-85,AMAN
NODE_01,1784143038,2026-07-16 02:17:18,4025922,0.456,53.64,-70,AMAN
NODE_01,1784143098,2026-07-16 02:18:18,2049391,0.232,48.68,-78,AMAN
NODE_01,1784143158,2026-07-16 02:19:18,3930775,0.445,49.51,-68,AMAN
NODE_01,1784143218,2026-07-16 02:20:18,1878492,0.213,43.18,-49,AMAN
NODE_01,1784143278,2026-07-16 02:21:18,1047476,0.119,53.33,-46,AMAN
NODE_01,1784143338,2026-07-16 02:22:18,3776395,0.428,44.41,-58,AMAN
NODE_01,1784143398,2026-07-16 02:23:18,1966856,0.223,46.2,-83,AMAN
NODE_01,1784143458,2026-07-16 02:24:18,4492407,0.509,50.75,-65,AMAN
NODE_01,1784143518,2026-07-16 02:25:18,1091225,0.124,42.36,-54,AMAN
NODE_01,1784143578,2026-07-16 02:26:18,4167933,0.472,55.23,-72,AMAN
NODE_01,1784143638,2026-07-16 02:27:18,2479397,0.281,51.11,-51,AMAN
NODE_01,1784143698,2026-07-16 02:28:18,4153629,0.471,41.78,-77,AMAN
NODE_01,1784143758,2026-07-16 02:29:18,4057857,0.46,50.34,-77,AMAN
NODE_01,1784143818,2026-07-16 02:30:18,0,0.0,45.06,-81,AMAN
NODE_01,1784143878,2026-07-16 02:31:18,4205915,0.477,52.43,-79,AMAN
NODE_01,1784143938,2026-07-16 02:32:18,3887534,0.44,53.94,-71,AMAN
NODE_01,1784143998,2026-07-16 02:33:18,2837997,0.322,49.87,-63,AMAN
NODE_01,1784144058,2026-07-16 02:34:18,1790669,0.203,40.42,-65,AMAN
NODE_01,1784144118,2026-07-16 02:35:18,1429354,0.162,42.78,-46,AMAN
NODE_01,1784144178,2026-07-16 02:36:18,614665,0.07,54.39,-55,AMAN
NODE_01,1784144238,2026-07-16 02:37:18,488997,0.055,47.65,-85,AMAN
NODE_01,1784144298,2026-07-16 02:38:18,1497677,0.17,54.79,-53,AMAN
NODE_01,1784144358,2026-07-16 02:39:18,2446869,0.277,46.51,-76,AMAN
NODE_01,1784144418,2026-07-16 02:40:18,4389289,0.497,47.14,-61,AMAN
NODE_01,1784144478,2026-07-16 02:41:18,2135580,0.242,52.75,-46,AMAN
NODE_01,1784144538,2026-07-16 02:42:18,722164,0.082,53.7,-47,AMAN
NODE_01,1784144598,2026-07-16 02:43:18,2863221,0.324,49.72,-53,AMAN
NODE_01,1784144658,2026-07-16 02:44:18,3068600,0.348,47.81,-82,AMAN
NODE_01,1784144718,2026-07-16 02:45:18,3100128,0.351,47.93,-59,AMAN
NODE_01,1784144778,2026-07-16 02:46:18,3390909,0.384,44.23,-69,AMAN
NODE_01,1784144838,2026-07-16 02:47:18,2350312,0.266,39.81,-62,AMAN
NODE_01,1784144898,2026-07-16 02:48:18,3253430,0.369,46.23,-84,AMAN
NODE_01,1784144958,2026-07-16 02:49:18,830624,0.094,48.84,-83,AMAN
NODE_01,1784145018,2026-07-16 02:50:18,252308,0.029,52.84,-45,AMAN
NODE_01,1784145078,2026-07-16 02:51:18,3913294,0.443,52.96,-57,AMAN
NODE_01,1784145138,2026-07-16 02:52:18,0,0.0,46.15,-77,AMAN
NODE_01,1784145198,2026-07-16 02:53:18,655022,0.074,52.82,-45,AMAN
NODE_01,1784145258,2026-07-16 02:54:18,2270437,0.257,44.57,-72,AMAN
NODE_01,1784145318,2026-07-16 02:55:18,4261898,0.483,41.82,-81,AMAN
NODE_01,1784145378,2026-07-16 02:56:18,2267078,0.257,52.37,-85,AMAN
NODE_01,1784145438,2026-07-16 02:57:18,4466465,0.506,53.37,-62,AMAN
NODE_01,1784145498,2026-07-16 02:58:18,2721648,0.308,46.92,-48,AMAN
NODE_01,1784145558,2026-07-16 02:59:18,3129782,0.355,44.99,-64,AMAN
NODE_01,1784145618,2026-07-16 03:00:18,895892,0.102,48.23,-62,AMAN
NODE_01,1784145678,2026-07-16 03:01:18,2231562,0.253,40.8,-85,AMAN
NODE_01,1784145738,2026-07-16 03:02:18,2746162,0.311,48.22,-68,AMAN
NODE_01,1784145798,2026-07-16 03:03:18,2228644,0.252,54.46,-65,AMAN
NODE_01,1784145858,2026-07-16 03:04:18,1306181,0.148,47.59,-45,AMAN
NODE_01,1784145918,2026-07-16 03:05:18,440047,0.05,40.85,-72,AMAN
NODE_01,1784145978,2026-07-16 03:06:18,3881690,0.44,46.69,-84,AMAN
NODE_01,1784146038,2026-07-16 03:07:18,1059960,0.12,53.23,-64,AMAN
NODE_01,1784146098,2026-07-16 03:08:18,3678345,0.417,50.37,-70,AMAN
NODE_01,1784146158,2026-07-16 03:09:18,0,0.0,40.42,-62,AMAN
NODE_01,1784146218,2026-07-16 03:10:18,1520813,0.172,49.48,-69,AMAN
NODE_01,1784146278,2026-07-16 03:11:18,2134491,0.242,53.66,-73,AMAN
NODE_01,1784146338,2026-07-16 03:12:18,757133,0.086,54.79,-81,AMAN
NODE_01,1784146398,2026-07-16 03:13:18,486887,0.055,43.25,-65,AMAN
NODE_01,1784146458,2026-07-16 03:14:18,1958508,0.222,42.51,-45,AMAN
NODE_01,1784146518,2026-07-16 03:15:18,201456,0.023,55.19,-49,AMAN
NODE_01,1784146578,2026-07-16 03:16:18,44016,0.005,52.42,-47,AMAN
NODE_01,1784146638,2026-07-16 03:17:18,3551453,0.402,42.04,-62,AMAN
NODE_01,1784146698,2026-07-16 03:18:18,2373338,0.269,41.56,-77,AMAN
NODE_01,1784146758,2026-07-16 03:19:18,3025243,0.343,55.28,-72,AMAN
NODE_01,1784146818,2026-07-16 03:20:18,885596,0.1,52.85,-70,AMAN
NODE_01,1784146878,2026-07-16 03:21:18,3204232,0.363,50.63,-83,AMAN
NODE_01,1784146938,2026-07-16 03:22:18,1204349,0.136,46.15,-63,AMAN
NODE_01,1784146998,2026-07-16 03:23:18,829468,0.094,50.39,-62,AMAN
NODE_01,1784147058,2026-07-16 03:24:18,2567312,0.291,47.77,-85,AMAN
NODE_01,1784147118,2026-07-16 03:25:18,2194860,0.249,46.23,-62,AMAN
NODE_01,1784147178,2026-07-16 03:26:18,3457015,0.392,40.62,-81,AMAN
NODE_01,1784147238,2026-07-16 03:27:18,4248865,0.481,47.91,-54,AMAN
NODE_01,1784147298,2026-07-16 03:28:18,994647,0.113,44.56,-47,AMAN
NODE_01,1784147358,2026-07-16 03:29:18,2357062,0.267,54.09,-58,AMAN
NODE_01,1784147418,2026-07-16 03:30:18,1228847,0.139,47.59,-81,AMAN
NODE_01,1784147478,2026-07-16 03:31:18,4573481,0.518,50.04,-80,AMAN
NODE_01,1784147538,2026-07-16 03:32:18,2010591,0.228,45.02,-70,AMAN
NODE_01,1784147598,2026-07-16 03:33:18,1443047,0.163,48.64,-82,AMAN
NODE_01,1784147658,2026-07-16 03:34:18,4177047,0.473,42.99,-72,AMAN
NODE_01,1784147718,2026-07-16 03:35:18,1424326,0.161,43.44,-52,AMAN
NODE_01,1784147778,2026-07-16 03:36:18,476648,0.054,48.79,-57,AMAN
NODE_01,1784147838,2026-07-16 03:37:18,1453414,0.165,42.86,-83,AMAN
NODE_01,1784147898,2026-07-16 03:38:18,2202170,0.249,54.86,-77,AMAN
NODE_01,1784147958,2026-07-16 03:39:18,1718008,0.195,44.88,-74,AMAN
NODE_01,1784148018,2026-07-16 03:40:18,3944048,0.447,49.12,-81,AMAN
NODE_01,1784148078,2026-07-16 03:41:18,1036969,0.117,47.95,-54,AMAN
NODE_01,1784148138,2026-07-16 03:42:18,2552495,0.289,48.02,-72,AMAN
NODE_01,1784148198,2026-07-16 03:43:18,894034,0.101,53.02,-45,AMAN
NODE_01,1784148258,2026-07-16 03:44:18,3815207,0.432,45.11,-48,AMAN
NODE_01,1784148318,2026-07-16 03:45:18,5932354,0.672,45.72,-59,AMAN
NODE_01,1784148378,2026-07-16 03:46:18,368981,0.042,42.42,-61,AMAN
NODE_01,1784148438,2026-07-16 03:47:18,546793,0.062,53.93,-70,AMAN
NODE_01,1784148498,2026-07-16 03:48:18,3670177,0.416,44.02,-57,AMAN
NODE_01,1784148558,2026-07-16 03:49:18,3331698,0.377,50.24,-75,AMAN
NODE_01,1784148618,2026-07-16 03:50:18,857029,0.097,40.71,-66,AMAN
NODE_01,1784148678,2026-07-16 03:51:18,2592290,0.294,51.0,-67,AMAN
NODE_01,1784148738,2026-07-16 03:52:18,233621,0.026,51.02,-57,AMAN
NODE_01,1784148798,2026-07-16 03:53:18,1214682,0.138,42.14,-83,AMAN
NODE_01,1784148858,2026-07-16 03:54:18,0,0.0,54.75,-73,AMAN
NODE_01,1784148918,2026-07-16 03:55:18,4798596,0.544,48.13,-75,AMAN
NODE_01,1784148978,2026-07-16 03:56:18,0,0.0,53.45,-69,AMAN
NODE_01,1784149038,2026-07-16 03:57:18,5460623,0.619,40.35,-82,AMAN
NODE_01,1784149098,2026-07-16 03:58:18,1007469,0.114,52.07,-50,AMAN
NODE_01,1784149158,2026-07-16 03:59:18,3928169,0.445,49.42,-79,AMAN
NODE_01,1784149218,2026-07-16 04:00:18,2147313,0.243,54.21,-74,AMAN
NODE_01,1784149278,2026-07-16 04:01:18,4306231,0.488,44.66,-62,AMAN
NODE_01,1784149338,2026-07-16 04:02:18,2362051,0.268,42.95,-65,AMAN
NODE_01,1784149398,2026-07-16 04:03:18,818651,0.093,41.05,-83,AMAN
NODE_01,1784149458,2026-07-16 04:04:18,2151919,0.244,46.08,-47,AMAN
NODE_01,1784149518,2026-07-16 04:05:18,3367815,0.382,49.02,-68,AMAN
NODE_01,1784149578,2026-07-16 04:06:18,2614306,0.296,51.32,-61,AMAN
NODE_01,1784149638,2026-07-16 04:07:18,1935748,0.219,50.2,-84,AMAN
NODE_01,1784149698,2026-07-16 04:08:18,3980097,0.451,45.54,-54,AMAN
NODE_01,1784149758,2026-07-16 04:09:18,4693895,0.532,42.59,-72,AMAN
NODE_01,1784149818,2026-07-16 04:10:18,4299462,0.487,53.45,-82,AMAN
NODE_01,1784149878,2026-07-16 04:11:18,854811,0.097,52.56,-68,AMAN
NODE_01,1784149938,2026-07-16 04:12:18,119596,0.014,48.57,-69,AMAN
NODE_01,1784149998,2026-07-16 04:13:18,1841173,0.209,45.2,-54,AMAN
NODE_01,1784150058,2026-07-16 04:14:18,5265950,0.597,50.53,-53,AMAN
NODE_01,1784150118,2026-07-16 04:15:18,1999485,0.227,44.21,-49,AMAN
NODE_01,1784150178,2026-07-16 04:16:18,993930,0.113,43.69,-82,AMAN
NODE_01,1784150238,2026-07-16 04:17:18,3019324,0.342,50.49,-60,AMAN
NODE_01,1784150298,2026-07-16 04:18:18,4465861,0.506,47.7,-69,AMAN
NODE_01,1784150358,2026-07-16 04:19:18,2517110,0.285,45.66,-85,AMAN
NODE_01,1784150418,2026-07-16 04:20:18,3595914,0.407,52.06,-65,AMAN
NODE_01,1784150478,2026-07-16 04:21:18,2057254,0.233,48.23,-62,AMAN
NODE_01,1784150538,2026-07-16 04:22:18,0,0.0,46.54,-53,AMAN
NODE_01,1784150598,2026-07-16 04:23:18,0,0.0,52.35,-67,AMAN
NODE_01,1784150658,2026-07-16 04:24:18,5819900,0.659,50.32,-72,AMAN
NODE_01,1784150718,2026-07-16 04:25:18,0,0.0,40.64,-74,AMAN
NODE_01,1784150778,2026-07-16 04:26:18,2279869,0.258,47.85,-75,AMAN
NODE_01,1784150838,2026-07-16 04:27:18,2504186,0.284,51.39,-83,AMAN
NODE_01,1784150898,2026-07-16 04:28:18,3730967,0.423,50.78,-63,AMAN
NODE_01,1784150958,2026-07-16 04:29:18,2084424,0.236,49.28,-84,AMAN
NODE_01,1784151018,2026-07-16 04:30:18,3895263,0.441,46.49,-46,AMAN
NODE_01,1784151078,2026-07-16 04:31:18,3756263,0.426,52.28,-67,AMAN
NODE_01,1784151138,2026-07-16 04:32:18,0,0.0,45.93,-63,AMAN
NODE_01,1784151198,2026-07-16 04:33:18,2575752,0.292,50.04,-82,AMAN
NODE_01,1784151258,2026-07-16 04:34:18,1113083,0.126,48.13,-67,AMAN
NODE_01,1784151318,2026-07-16 04:35:18,2227742,0.252,43.96,-71,AMAN
NODE_01,1784151378,2026-07-16 04:36:18,89214,0.01,50.28,-82,AMAN
NODE_01,1784151438,2026-07-16 04:37:18,371155,0.042,53.32,-59,AMAN
NODE_01,1784151498,2026-07-16 04:38:18,4181466,0.474,51.21,-47,AMAN
NODE_01,1784151558,2026-07-16 04:39:18,833087,0.094,45.37,-51,AMAN
NODE_01,1784151618,2026-07-16 04:40:18,4106782,0.465,47.85,-69,AMAN
NODE_01,1784151678,2026-07-16 04:41:18,940511,0.107,43.5,-73,AMAN
NODE_01,1784151738,2026-07-16 04:42:18,3253259,0.369,47.65,-55,AMAN
NODE_01,1784151798,2026-07-16 04:43:18,1770598,0.201,49.63,-72,AMAN
NODE_01,1784151858,2026-07-16 04:44:18,3801488,0.431,51.95,-79,AMAN
NODE_01,1784151918,2026-07-16 04:45:18,4340901,0.492,45.72,-58,AMAN
NODE_01,1784151978,2026-07-16 04:46:18,2968915,0.336,54.07,-47,AMAN
NODE_01,1784152038,2026-07-16 04:47:18,2697103,0.306,45.11,-79,AMAN
NODE_01,1784152098,2026-07-16 04:48:18,1143882,0.13,44.7,-68,AMAN
NODE_01,1784152158,2026-07-16 04:49:18,4122522,0.467,40.57,-56,AMAN
NODE_01,1784152218,2026-07-16 04:50:18,3221750,0.365,48.38,-58,AMAN
NODE_01,1784152278,2026-07-16 04:51:18,1557790,0.176,50.25,-45,AMAN
NODE_01,1784152338,2026-07-16 04:52:18,1860020,0.211,50.78,-79,AMAN
NODE_01,1784152398,2026-07-16 04:53:18,2557353,0.29,54.59,-80,AMAN
NODE_01,1784152458,2026-07-16 04:54:18,3116801,0.353,47.62,-54,AMAN
NODE_01,1784152518,2026-07-16 04:55:18,3243940,0.368,49.25,-71,AMAN
NODE_01,1784152578,2026-07-16 04:56:18,650287,0.074,44.92,-72,AMAN
NODE_01,1784152638,2026-07-16 04:57:18,3588523,0.407,43.64,-74,AMAN
NODE_01,1784152698,2026-07-16 04:58:18,5473035,0.62,53.25,-82,AMAN
NODE_01,1784152758,2026-07-16 04:59:18,3850197,0.436,55.03,-56,AMAN
NODE_01,1784152818,2026-07-16 05:00:18,0,0.0,53.7,-57,AMAN
NODE_01,1784152878,2026-07-16 05:01:18,2233596,0.253,52.37,-51,AMAN
NODE_01,1784152938,2026-07-16 05:02:18,2203930,0.25,52.4,-66,AMAN
NODE_01,1784152998,2026-07-16 05:03:18,513433,0.058,44.68,-69,AMAN
NODE_01,1784153058,2026-07-16 05:04:18,831697,0.094,45.47,-60,AMAN
NODE_01,1784153118,2026-07-16 05:05:18,1535590,0.174,47.6,-81,AMAN
NODE_01,1784153178,2026-07-16 05:06:18,1523608,0.173,50.43,-70,AMAN
NODE_01,1784153238,2026-07-16 05:07:18,1612131,0.183,52.0,-74,AMAN
NODE_01,1784153298,2026-07-16 05:08:18,3896461,0.441,44.08,-80,AMAN
NODE_01,1784153358,2026-07-16 05:09:18,4412331,0.5,43.49,-82,AMAN
NODE_01,1784153418,2026-07-16 05:10:18,0,0.0,53.54,-50,AMAN
NODE_01,1784153478,2026-07-16 05:11:18,2447758,0.277,45.72,-56,AMAN
NODE_01,1784153538,2026-07-16 05:12:18,4704223,0.533,45.8,-55,AMAN
NODE_01,1784153598,2026-07-16 05:13:18,2569214,0.291,42.44,-52,AMAN
NODE_01,1784153658,2026-07-16 05:14:18,3926190,0.445,43.52,-56,AMAN
NODE_01,1784153718,2026-07-16 05:15:18,2202472,0.25,42.18,-51,AMAN
NODE_01,1784153778,2026-07-16 05:16:18,2784872,0.316,41.72,-53,AMAN
NODE_01,1784153838,2026-07-16 05:17:18,2853688,0.323,50.83,-50,AMAN
NODE_01,1784153898,2026-07-16 05:18:18,1342493,0.152,49.27,-47,AMAN
NODE_01,1784153958,2026-07-16 05:19:18,2387378,0.27,41.09,-54,AMAN
NODE_01,1784154018,2026-07-16 05:20:18,3087593,0.35,43.89,-59,AMAN
NODE_01,1784154078,2026-07-16 05:21:18,0,0.0,46.63,-74,AMAN
NODE_01,1784154138,2026-07-16 05:22:18,1442648,0.163,41.01,-83,AMAN
NODE_01,1784154198,2026-07-16 05:23:18,918336,0.104,52.03,-78,AMAN
NODE_01,1784154258,2026-07-16 05:24:18,2832433,0.321,53.03,-72,AMAN
NODE_01,1784154318,2026-07-16 05:25:18,1763065,0.2,44.85,-77,AMAN
NODE_01,1784154378,2026-07-16 05:26:18,2117467,0.24,45.18,-73,AMAN
NODE_01,1784154438,2026-07-16 05:27:18,4385795,0.497,44.08,-83,AMAN
NODE_01,1784154498,2026-07-16 05:28:18,3484990,0.395,45.57,-55,AMAN
NODE_01,1784154558,2026-07-16 05:29:18,3615472,0.41,53.73,-57,AMAN
NODE_01,1784154618,2026-07-16 05:30:18,2591160,0.294,53.53,-75,AMAN
NODE_01,1784154678,2026-07-16 05:31:18,2730310,0.309,50.35,-81,AMAN
NODE_01,1784154738,2026-07-16 05:32:18,3638613,0.412,49.92,-50,AMAN
NODE_01,1784154798,2026-07-16 05:33:18,2026697,0.23,55.07,-68,AMAN
NODE_01,1784154858,2026-07-16 05:34:18,610217,0.069,43.07,-69,AMAN
NODE_01,1784154918,2026-07-16 05:35:18,1258693,0.143,49.3,-83,AMAN
NODE_01,1784154978,2026-07-16 05:36:18,2514742,0.285,45.39,-72,AMAN
NODE_01,1784155038,2026-07-16 05:37:18,1389394,0.157,44.01,-76,AMAN
NODE_01,1784155098,2026-07-16 05:38:18,4493965,0.509,55.29,-65,AMAN
NODE_01,1784155158,2026-07-16 05:39:18,4001029,0.453,42.11,-66,AMAN
NODE_01,1784155218,2026-07-16 05:40:18,2821745,0.32,51.16,-85,AMAN
NODE_01,1784155278,2026-07-16 05:41:18,2717820,0.308,43.73,-62,AMAN
NODE_01,1784155338,2026-07-16 05:42:18,3188010,0.361,45.2,-80,AMAN
NODE_01,1784155398,2026-07-16 05:43:18,3083158,0.349,46.27,-59,AMAN
NODE_01,1784155458,2026-07-16 05:44:18,2955816,0.335,53.55,-69,AMAN
NODE_01,1784155518,2026-07-16 05:45:18,982754,0.111,42.16,-60,AMAN
NODE_01,1784155578,2026-07-16 05:46:18,1317705,0.149,43.36,-75,AMAN
NODE_01,1784155638,2026-07-16 05:47:18,0,0.0,46.64,-70,AMAN
NODE_01,1784155698,2026-07-16 05:48:18,1885504,0.214,50.92,-75,AMAN
NODE_01,1784155758,2026-07-16 05:49:18,3677548,0.417,55.15,-73,AMAN
NODE_01,1784155818,2026-07-16 05:50:18,2314154,0.262,49.99,-61,AMAN
NODE_01,1784155878,2026-07-16 05:51:18,4749486,0.538,47.98,-83,AMAN
NODE_01,1784155938,2026-07-16 05:52:18,2396982,0.272,49.4,-85,AMAN
NODE_01,1784155998,2026-07-16 05:53:18,3876510,0.439,55.04,-47,AMAN
NODE_01,1784156058,2026-07-16 05:54:18,2977928,0.337,43.77,-81,AMAN
NODE_01,1784156118,2026-07-16 05:55:18,3801773,0.431,53.7,-81,AMAN
NODE_01,1784156178,2026-07-16 05:56:18,798630,0.09,55.15,-80,AMAN
NODE_01,1784156238,2026-07-16 05:57:18,1856834,0.21,53.0,-82,AMAN
NODE_01,1784156298,2026-07-16 05:58:18,4598167,0.521,49.52,-63,AMAN
NODE_01,1784156358,2026-07-16 05:59:18,3708974,0.42,52.62,-62,AMAN
NODE_01,1784156418,2026-07-16 06:00:18,2540027,0.288,46.36,-72,AMAN
NODE_01,1784156478,2026-07-16 06:01:18,2679513,0.304,45.56,-75,AMAN
NODE_01,1784156538,2026-07-16 06:02:18,2375514,0.269,49.38,-81,AMAN
NODE_01,1784156598,2026-07-16 06:03:18,4033861,0.457,47.27,-85,AMAN
NODE_01,1784156658,2026-07-16 06:04:18,2546325,0.288,51.71,-67,AMAN
NODE_01,1784156718,2026-07-16 06:05:18,1115355,0.126,41.57,-69,AMAN
NODE_01,1784156778,2026-07-16 06:06:18,1138668,0.129,41.79,-75,AMAN
NODE_01,1784156838,2026-07-16 06:07:18,3719309,0.421,51.61,-47,AMAN
NODE_01,1784156898,2026-07-16 06:08:18,417272,0.047,52.39,-79,AMAN
NODE_01,1784156958,2026-07-16 06:09:18,642885,0.073,53.42,-47,AMAN
NODE_01,1784157018,2026-07-16 06:10:18,3439247,0.39,48.16,-75,AMAN
NODE_01,1784157078,2026-07-16 06:11:18,3793843,0.43,52.72,-70,AMAN
NODE_01,1784157138,2026-07-16 06:12:18,2692936,0.305,47.76,-61,AMAN
NODE_01,1784157198,2026-07-16 06:13:18,5321292,0.603,41.57,-60,AMAN
NODE_01,1784157258,2026-07-16 06:14:18,2392619,0.271,48.19,-64,AMAN
NODE_01,1784157318,2026-07-16 06:15:18,1355540,0.154,46.81,-67,AMAN
NODE_01,1784157378,2026-07-16 06:16:18,2281922,0.259,48.19,-81,AMAN
NODE_01,1784157438,2026-07-16 06:17:18,349875,0.04,42.08,-52,AMAN
NODE_01,1784157498,2026-07-16 06:18:18,690122,0.078,54.55,-57,AMAN
NODE_01,1784157558,2026-07-16 06:19:18,334638,0.038,44.06,-67,AMAN
NODE_01,1784157618,2026-07-16 06:20:18,0,0.0,47.63,-61,AMAN
NODE_01,1784157678,2026-07-16 06:21:18,3275349,0.371,53.14,-51,AMAN
NODE_01,1784157738,2026-07-16 06:22:18,6113547,0.693,54.41,-60,AMAN
NODE_01,1784157798,2026-07-16 06:23:18,2564684,0.291,39.99,-64,AMAN
NODE_01,1784157858,2026-07-16 06:24:18,5909226,0.669,51.6,-79,AMAN
NODE_01,1784157918,2026-07-16 06:25:18,4407530,0.499,53.94,-81,AMAN
NODE_01,1784157978,2026-07-16 06:26:18,3918873,0.444,51.97,-74,AMAN
NODE_01,1784158038,2026-07-16 06:27:18,5513227,0.625,41.54,-48,AMAN
NODE_01,1784158098,2026-07-16 06:28:18,5134395,0.582,53.22,-45,AMAN
NODE_01,1784158158,2026-07-16 06:29:18,3487645,0.395,46.63,-75,AMAN
NODE_01,1784158218,2026-07-16 06:30:18,2869616,0.325,50.95,-77,AMAN
NODE_01,1784158278,2026-07-16 06:31:18,3458427,0.392,52.96,-51,AMAN
NODE_01,1784158338,2026-07-16 06:32:18,682181,0.077,46.61,-74,AMAN
NODE_01,1784158398,2026-07-16 06:33:18,2031342,0.23,41.8,-62,AMAN
NODE_01,1784158458,2026-07-16 06:34:18,698200,0.079,46.03,-81,AMAN
NODE_01,1784158518,2026-07-16 06:35:18,1953409,0.221,52.56,-81,AMAN
NODE_01,1784158578,2026-07-16 06:36:18,5133482,0.582,39.79,-77,AMAN
NODE_01,1784158638,2026-07-16 06:37:18,924667,0.105,52.31,-81,AMAN
NODE_01,1784158698,2026-07-16 06:38:18,1413823,0.16,40.09,-72,AMAN
NODE_01,1784158758,2026-07-16 06:39:18,5138360,0.582,51.93,-84,AMAN
NODE_01,1784158818,2026-07-16 06:40:18,1960078,0.222,52.66,-57,AMAN
NODE_01,1784158878,2026-07-16 06:41:18,3832378,0.434,50.73,-85,AMAN
NODE_01,1784158938,2026-07-16 06:42:18,1688808,0.191,42.83,-54,AMAN
NODE_01,1784158998,2026-07-16 06:43:18,4283922,0.485,51.91,-75,AMAN
NODE_01,1784159058,2026-07-16 06:44:18,3590812,0.407,49.04,-60,AMAN
NODE_01,1784159118,2026-07-16 06:45:18,2589856,0.293,42.12,-73,AMAN
NODE_01,1784159178,2026-07-16 06:46:18,2943232,0.333,49.07,-73,AMAN
NODE_01,1784159238,2026-07-16 06:47:18,5883804,0.667,43.18,-61,AMAN
NODE_01,1784159298,2026-07-16 06:48:18,4825323,0.547,42.9,-66,AMAN
NODE_01,1784159358,2026-07-16 06:49:18,2234928,0.253,46.63,-49,AMAN
NODE_01,1784159418,2026-07-16 06:50:18,2459199,0.279,46.4,-67,AMAN
NODE_01,1784159478,2026-07-16 06:51:18,2175056,0.246,40.81,-47,AMAN
NODE_01,1784159538,2026-07-16 06:52:18,535779,0.061,46.88,-49,AMAN
NODE_01,1784159598,2026-07-16 06:53:18,3843333,0.435,44.56,-77,AMAN
NODE_01,1784159658,2026-07-16 06:54:18,2261100,0.256,44.53,-68,AMAN
NODE_01,1784159718,2026-07-16 06:55:18,5099460,0.578,52.52,-74,AMAN
NODE_01,1784159778,2026-07-16 06:56:18,1175593,0.133,44.25,-62,AMAN
NODE_01,1784159838,2026-07-16 06:57:18,2607642,0.295,53.95,-58,AMAN
NODE_01,1784159898,2026-07-16 06:58:18,0,0.0,53.98,-80,AMAN
NODE_01,1784159958,2026-07-16 06:59:18,3468511,0.393,40.58,-46,AMAN
NODE_01,1784160018,2026-07-16 07:00:18,3219515,0.365,53.73,-60,AMAN
NODE_01,1784160078,2026-07-16 07:01:18,2531971,0.287,50.56,-74,AMAN
NODE_01,1784160138,2026-07-16 07:02:18,2981530,0.338,53.38,-54,AMAN
NODE_01,1784160198,2026-07-16 07:03:18,5231063,0.593,44.89,-75,AMAN
NODE_01,1784160258,2026-07-16 07:04:18,1927996,0.218,43.52,-85,AMAN
NODE_01,1784160318,2026-07-16 07:05:18,637182,0.072,48.64,-53,AMAN
NODE_01,1784160378,2026-07-16 07:06:18,2599252,0.294,51.4,-57,AMAN
NODE_01,1784160438,2026-07-16 07:07:18,5334026,0.604,46.57,-73,AMAN
NODE_01,1784160498,2026-07-16 07:08:18,1841124,0.209,53.08,-49,AMAN
NODE_01,1784160558,2026-07-16 07:09:18,2967995,0.336,44.02,-73,AMAN
NODE_01,1784160618,2026-07-16 07:10:18,3872765,0.439,43.51,-56,AMAN
NODE_01,1784160678,2026-07-16 07:11:18,3869588,0.438,50.04,-60,AMAN
NODE_01,1784160738,2026-07-16 07:12:18,3523397,0.399,50.24,-76,AMAN
NODE_01,1784160798,2026-07-16 07:13:18,2865656,0.325,43.43,-58,AMAN
NODE_01,1784160858,2026-07-16 07:14:18,3449800,0.391,47.49,-71,AMAN
NODE_01,1784160918,2026-07-16 07:15:18,128445,0.015,48.01,-59,AMAN
NODE_01,1784160978,2026-07-16 07:16:18,1968247,0.223,47.69,-48,AMAN
NODE_01,1784161038,2026-07-16 07:17:18,2809386,0.318,45.65,-61,AMAN
NODE_01,1784161098,2026-07-16 07:18:18,2376714,0.269,46.27,-74,AMAN
NODE_01,1784161158,2026-07-16 07:19:18,4746749,0.538,51.89,-53,AMAN
NODE_01,1784161218,2026-07-16 07:20:18,2220980,0.252,55.47,-84,AMAN
NODE_01,1784161278,2026-07-16 07:21:18,1766998,0.2,53.62,-66,AMAN
NODE_01,1784161338,2026-07-16 07:22:18,6047278,0.685,47.86,-51,AMAN
NODE_01,1784161398,2026-07-16 07:23:18,3311509,0.375,48.09,-52,AMAN
NODE_01,1784161458,2026-07-16 07:24:18,2299179,0.26,53.34,-77,AMAN
NODE_01,1784161518,2026-07-16 07:25:18,2887814,0.327,40.36,-47,AMAN
NODE_01,1784161578,2026-07-16 07:26:18,1817401,0.206,51.91,-76,AMAN
NODE_01,1784161638,2026-07-16 07:27:18,3411016,0.386,43.85,-74,AMAN
NODE_01,1784161698,2026-07-16 07:28:18,2071344,0.235,40.43,-67,AMAN
NODE_01,1784161758,2026-07-16 07:29:18,297742,0.034,52.67,-57,AMAN
NODE_01,1784161818,2026-07-16 07:30:18,4285889,0.486,50.81,-45,AMAN
NODE_01,1784161878,2026-07-16 07:31:18,878027,0.099,41.2,-52,AMAN
NODE_01,1784161938,2026-07-16 07:32:18,3212250,0.364,43.77,-74,AMAN
NODE_01,1784161998,2026-07-16 07:33:18,3006640,0.341,50.8,-73,AMAN
NODE_01,1784162058,2026-07-16 07:34:18,335434,0.038,51.46,-46,AMAN
NODE_01,1784162118,2026-07-16 07:35:18,1848835,0.209,52.97,-85,AMAN
NODE_01,1784162178,2026-07-16 07:36:18,638239,0.072,50.4,-65,AMAN
NODE_01,1784162238,2026-07-16 07:37:18,5134901,0.582,42.07,-55,AMAN
NODE_01,1784162298,2026-07-16 07:38:18,4119938,0.467,46.09,-70,AMAN
NODE_01,1784162358,2026-07-16 07:39:18,0,0.0,44.63,-84,AMAN
NODE_01,1784162418,2026-07-16 07:40:18,1914968,0.217,52.79,-55,AMAN
NODE_01,1784162478,2026-07-16 07:41:18,620303,0.07,47.43,-45,AMAN
NODE_01,1784162538,2026-07-16 07:42:18,4125939,0.467,48.65,-58,AMAN
NODE_01,1784162598,2026-07-16 07:43:18,3857546,0.437,50.44,-67,AMAN
NODE_01,1784162658,2026-07-16 07:44:18,2415684,0.274,49.0,-69,AMAN
NODE_01,1784162718,2026-07-16 07:45:18,2298694,0.26,42.87,-46,AMAN
NODE_01,1784162778,2026-07-16 07:46:18,145149,0.016,42.14,-78,AMAN
NODE_01,1784162838,2026-07-16 07:47:18,3776986,0.428,41.56,-76,AMAN
NODE_01,1784162898,2026-07-16 07:48:18,2289400,0.259,44.02,-45,AMAN
NODE_01,1784162958,2026-07-16 07:49:18,2989421,0.339,47.91,-79,AMAN
NODE_01,1784163018,2026-07-16 07:50:18,2833872,0.321,50.39,-69,AMAN
NODE_01,1784163078,2026-07-16 07:51:18,2641770,0.299,40.26,-60,AMAN
NODE_01,1784163138,2026-07-16 07:52:18,2266193,0.257,42.87,-85,AMAN
NODE_01,1784163198,2026-07-16 07:53:18,4098880,0.464,50.32,-52,AMAN
NODE_01,1784163258,2026-07-16 07:54:18,988127,0.112,45.41,-45,AMAN
NODE_01,1784163318,2026-07-16 07:55:18,2014502,0.228,48.22,-53,AMAN
NODE_01,1784163378,2026-07-16 07:56:18,3623172,0.41,43.32,-79,AMAN
NODE_01,1784163438,2026-07-16 07:57:18,1881849,0.213,40.61,-79,AMAN
NODE_01,1784163498,2026-07-16 07:58:18,1307099,0.148,40.7,-81,AMAN
NODE_01,1784163558,2026-07-16 07:59:18,1977535,0.224,47.42,-71,AMAN
NODE_01,1784163618,2026-07-16 08:00:18,2429166,0.275,50.44,-67,AMAN
NODE_01,1784163678,2026-07-16 08:01:18,3530835,0.4,51.83,-79,AMAN
NODE_01,1784163738,2026-07-16 08:02:18,2286006,0.259,45.97,-76,AMAN
NODE_01,1784163798,2026-07-16 08:03:18,1248257,0.141,45.38,-54,AMAN
NODE_01,1784163858,2026-07-16 08:04:18,0,0.0,53.05,-65,AMAN
NODE_01,1784163918,2026-07-16 08:05:18,1173572,0.133,46.29,-61,AMAN
NODE_01,1784163978,2026-07-16 08:06:18,247902,0.028,50.58,-72,AMAN
NODE_01,1784164038,2026-07-16 08:07:18,2186457,0.248,52.73,-49,AMAN
NODE_01,1784164098,2026-07-16 08:08:18,3573262,0.405,41.77,-58,AMAN
NODE_01,1784164158,2026-07-16 08:09:18,2572055,0.291,49.66,-64,AMAN
NODE_01,1784164218,2026-07-16 08:10:18,3545076,0.402,49.9,-63,AMAN
NODE_01,1784164278,2026-07-16 08:11:18,1191060,0.135,40.61,-52,AMAN
NODE_01,1784164338,2026-07-16 08:12:18,2210518,0.25,47.61,-70,AMAN
NODE_01,1784164398,2026-07-16 08:13:18,2602123,0.295,53.89,-83,AMAN
NODE_01,1784164458,2026-07-16 08:14:18,2861657,0.324,42.11,-69,AMAN
NODE_01,1784164518,2026-07-16 08:15:18,1650042,0.187,53.1,-62,AMAN
NODE_01,1784164578,2026-07-16 08:16:18,3006480,0.341,55.65,-77,AMAN
NODE_01,1784164638,2026-07-16 08:17:18,4421856,0.501,53.92,-52,AMAN
NODE_01,1784164698,2026-07-16 08:18:18,1322574,0.15,48.63,-61,AMAN
NODE_01,1784164758,2026-07-16 08:19:18,4367433,0.495,50.89,-80,AMAN
NODE_01,1784164818,2026-07-16 08:20:18,2719950,0.308,50.8,-69,AMAN
NODE_01,1784164878,2026-07-16 08:21:18,4056276,0.46,40.61,-80,AMAN
NODE_01,1784164938,2026-07-16 08:22:18,3279365,0.372,46.41,-50,AMAN
NODE_01,1784164998,2026-07-16 08:23:18,5212911,0.591,47.38,-53,AMAN
NODE_01,1784165058,2026-07-16 08:24:18,1785647,0.202,51.52,-65,AMAN
NODE_01,1784165118,2026-07-16 08:25:18,3678325,0.417,42.64,-71,AMAN
NODE_01,1784165178,2026-07-16 08:26:18,2959262,0.335,48.72,-69,AMAN
NODE_01,1784165238,2026-07-16 08:27:18,2547241,0.289,44.79,-69,AMAN
NODE_01,1784165298,2026-07-16 08:28:18,1103305,0.125,52.05,-48,AMAN
NODE_01,1784165358,2026-07-16 08:29:18,4546578,0.515,42.68,-53,AMAN
NODE_01,1784165418,2026-07-16 08:30:18,4056872,0.46,47.09,-82,AMAN
NODE_01,1784165478,2026-07-16 08:31:18,4198322,0.476,51.0,-68,AMAN
NODE_01,1784165538,2026-07-16 08:32:18,0,0.0,48.07,-73,AMAN
NODE_01,1784165598,2026-07-16 08:33:18,3935555,0.446,48.44,-52,AMAN
NODE_01,1784165658,2026-07-16 08:34:18,2124473,0.241,40.11,-74,AMAN
NODE_01,1784165718,2026-07-16 08:35:18,4383909,0.497,53.6,-58,AMAN
NODE_01,1784165778,2026-07-16 08:36:18,2255298,0.256,49.05,-63,AMAN
NODE_01,1784165838,2026-07-16 08:37:18,2555417,0.29,45.12,-51,AMAN
NODE_01,1784165898,2026-07-16 08:38:18,4583597,0.519,53.95,-61,AMAN
NODE_01,1784165958,2026-07-16 08:39:18,3401198,0.385,52.97,-74,AMAN
NODE_01,1784166018,2026-07-16 08:40:18,4161354,0.471,41.79,-58,AMAN
NODE_01,1784166078,2026-07-16 08:41:18,0,0.0,50.4,-73,AMAN
NODE_01,1784166138,2026-07-16 08:42:18,1284516,0.146,47.76,-45,AMAN
NODE_01,1784166198,2026-07-16 08:43:18,2847545,0.323,45.84,-50,AMAN
NODE_01,1784166258,2026-07-16 08:44:18,2269625,0.257,51.81,-63,AMAN
NODE_01,1784166318,2026-07-16 08:45:18,4024112,0.456,49.85,-59,AMAN
NODE_01,1784166378,2026-07-16 08:46:18,2131162,0.241,42.98,-67,AMAN
NODE_01,1784166438,2026-07-16 08:47:18,3007240,0.341,49.45,-59,AMAN
NODE_01,1784166498,2026-07-16 08:48:18,5277467,0.598,47.3,-67,AMAN
NODE_01,1784166558,2026-07-16 08:49:18,1603890,0.182,41.32,-83,AMAN
NODE_01,1784166618,2026-07-16 08:50:18,3898575,0.442,41.98,-76,AMAN
NODE_01,1784166678,2026-07-16 08:51:18,1867094,0.212,44.56,-51,AMAN
NODE_01,1784166738,2026-07-16 08:52:18,1152277,0.131,49.45,-83,AMAN
NODE_01,1784166798,2026-07-16 08:53:18,3098824,0.351,44.23,-73,AMAN
NODE_01,1784166858,2026-07-16 08:54:18,244541,0.028,40.7,-45,AMAN
NODE_01,1784166918,2026-07-16 08:55:18,1243867,0.141,42.31,-68,AMAN
NODE_01,1784166978,2026-07-16 08:56:18,1285145,0.146,45.54,-55,AMAN
NODE_01,1784167038,2026-07-16 08:57:18,4491183,0.509,49.97,-79,AMAN
NODE_01,1784167098,2026-07-16 08:58:18,1793151,0.203,50.62,-78,AMAN
NODE_01,1784167158,2026-07-16 08:59:18,3442232,0.39,46.75,-78,AMAN
NODE_01,1784167218,2026-07-16 09:00:18,2823759,0.32,39.85,-55,AMAN
NODE_01,1784167278,2026-07-16 09:01:18,3927415,0.445,49.12,-60,AMAN
NODE_01,1784167338,2026-07-16 09:02:18,3667386,0.416,47.2,-76,AMAN
NODE_01,1784167398,2026-07-16 09:03:18,2930739,0.332,45.82,-61,AMAN
NODE_01,1784167458,2026-07-16 09:04:18,3374271,0.382,48.78,-66,AMAN
NODE_01,1784167518,2026-07-16 09:05:18,2852809,0.323,40.78,-45,AMAN
NODE_01,1784167578,2026-07-16 09:06:18,2500461,0.283,51.98,-52,AMAN
NODE_01,1784167638,2026-07-16 09:07:18,2530596,0.287,51.31,-84,AMAN
NODE_01,1784167698,2026-07-16 09:08:18,4224195,0.479,52.69,-51,AMAN
NODE_01,1784167758,2026-07-16 09:09:18,2593047,0.294,54.53,-59,AMAN
NODE_01,1784167818,2026-07-16 09:10:18,2310619,0.262,48.52,-54,AMAN
NODE_01,1784167878,2026-07-16 09:11:18,4827012,0.547,46.81,-74,AMAN
NODE_01,1784167938,2026-07-16 09:12:18,3286194,0.372,40.65,-81,AMAN
NODE_01,1784167998,2026-07-16 09:13:18,1238487,0.14,46.24,-78,AMAN
NODE_01,1784168058,2026-07-16 09:14:18,4733026,0.536,44.56,-57,AMAN
NODE_01,1784168118,2026-07-16 09:15:18,1857666,0.21,45.02,-73,AMAN
NODE_01,1784168178,2026-07-16 09:16:18,2578126,0.292,49.43,-72,AMAN
NODE_01,1784168238,2026-07-16 09:17:18,333077,0.038,49.35,-63,AMAN
NODE_01,1784168298,2026-07-16 09:18:18,3217157,0.364,40.66,-56,AMAN
NODE_01,1784168358,2026-07-16 09:19:18,3400861,0.385,43.83,-62,AMAN
NODE_01,1784168418,2026-07-16 09:20:18,3867781,0.438,53.77,-55,AMAN
NODE_01,1784168478,2026-07-16 09:21:18,4878992,0.553,40.82,-83,AMAN
NODE_01,1784168538,2026-07-16 09:22:18,3619546,0.41,50.24,-52,AMAN
NODE_01,1784168598,2026-07-16 09:23:18,3790364,0.429,45.65,-62,AMAN
NODE_01,1784168658,2026-07-16 09:24:18,3844211,0.436,54.15,-75,AMAN
NODE_01,1784168718,2026-07-16 09:25:18,2904985,0.329,45.74,-50,AMAN
NODE_01,1784168778,2026-07-16 09:26:18,2384213,0.27,42.42,-63,AMAN
NODE_01,1784168838,2026-07-16 09:27:18,2962614,0.336,42.7,-84,AMAN
NODE_01,1784168898,2026-07-16 09:28:18,1340468,0.152,40.04,-52,AMAN
NODE_01,1784168958,2026-07-16 09:29:18,3715871,0.421,52.49,-64,AMAN
NODE_01,1784169018,2026-07-16 09:30:18,2524899,0.286,46.73,-72,AMAN
NODE_01,1784169078,2026-07-16 09:31:18,0,0.0,48.91,-69,AMAN
NODE_01,1784169138,2026-07-16 09:32:18,2586205,0.293,54.51,-82,AMAN
NODE_01,1784169198,2026-07-16 09:33:18,2820886,0.32,51.4,-82,AMAN
NODE_01,1784169258,2026-07-16 09:34:18,2428985,0.275,53.56,-70,AMAN
NODE_01,1784169318,2026-07-16 09:35:18,1957068,0.222,55.13,-57,AMAN
NODE_01,1784169378,2026-07-16 09:36:18,5140647,0.582,47.27,-73,AMAN
NODE_01,1784169438,2026-07-16 09:37:18,4647399,0.527,48.34,-59,AMAN
NODE_01,1784169498,2026-07-16 09:38:18,3581719,0.406,43.31,-68,AMAN
NODE_01,1784169558,2026-07-16 09:39:18,1336071,0.151,48.68,-61,AMAN
NODE_01,1784169618,2026-07-16 09:40:18,1815805,0.206,48.57,-62,AMAN
NODE_01,1784169678,2026-07-16 09:41:18,5619371,0.637,41.03,-49,AMAN
NODE_01,1784169738,2026-07-16 09:42:18,2106451,0.239,41.71,-66,AMAN
NODE_01,1784169798,2026-07-16 09:43:18,268862,0.03,51.73,-69,AMAN
NODE_01,1784169858,2026-07-16 09:44:18,1741819,0.197,48.43,-74,AMAN
NODE_01,1784169918,2026-07-16 09:45:18,4590242,0.52,42.03,-77,AMAN
NODE_01,1784169978,2026-07-16 09:46:18,2247089,0.255,43.87,-49,AMAN
NODE_01,1784170038,2026-07-16 09:47:18,1628296,0.184,50.17,-58,AMAN
NODE_01,1784170098,2026-07-16 09:48:18,1819360,0.206,43.46,-79,AMAN
NODE_01,1784170158,2026-07-16 09:49:18,2353837,0.267,49.75,-72,AMAN
NODE_01,1784170218,2026-07-16 09:50:18,0,0.0,46.65,-59,AMAN
NODE_01,1784170278,2026-07-16 09:51:18,1313836,0.149,46.57,-65,AMAN
NODE_01,1784170338,2026-07-16 09:52:18,495216,0.056,44.77,-51,AMAN
NODE_01,1784170398,2026-07-16 09:53:18,3088300,0.35,48.02,-45,AMAN
NODE_01,1784170458,2026-07-16 09:54:18,4532830,0.514,51.21,-56,AMAN
NODE_01,1784170518,2026-07-16 09:55:18,4201781,0.476,47.08,-77,AMAN
NODE_01,1784170578,2026-07-16 09:56:18,2368014,0.268,50.41,-47,AMAN
NODE_01,1784170638,2026-07-16 09:57:18,2353927,0.267,51.21,-57,AMAN
NODE_01,1784170698,2026-07-16 09:58:18,1606248,0.182,47.21,-66,AMAN
NODE_01,1784170758,2026-07-16 09:59:18,2336246,0.265,52.54,-82,AMAN
NODE_01,1784170818,2026-07-16 10:00:18,1058373,0.12,41.37,-83,AMAN
NODE_01,1784170878,2026-07-16 10:01:18,1987739,0.225,41.85,-71,AMAN
NODE_01,1784170938,2026-07-16 10:02:18,3135650,0.355,44.9,-61,AMAN
NODE_01,1784170998,2026-07-16 10:03:18,5711249,0.647,52.4,-85,AMAN
NODE_01,1784171058,2026-07-16 10:04:18,2588486,0.293,44.28,-74,AMAN
NODE_01,1784171118,2026-07-16 10:05:18,2504027,0.284,53.59,-74,AMAN
NODE_01,1784171178,2026-07-16 10:06:18,1768381,0.2,40.97,-61,AMAN
NODE_01,1784171238,2026-07-16 10:07:18,3182290,0.361,47.78,-69,AMAN
NODE_01,1784171298,2026-07-16 10:08:18,3254330,0.369,53.51,-53,AMAN
NODE_01,1784171358,2026-07-16 10:09:18,3718461,0.421,53.27,-77,AMAN
NODE_01,1784171418,2026-07-16 10:10:18,2435706,0.276,45.28,-51,AMAN
NODE_01,1784171478,2026-07-16 10:11:18,375018,0.042,41.04,-64,AMAN
NODE_01,1784171538,2026-07-16 10:12:18,2534062,0.287,46.86,-83,AMAN
NODE_01,1784171598,2026-07-16 10:13:18,4074261,0.462,47.62,-57,AMAN
NODE_01,1784171658,2026-07-16 10:14:18,2920683,0.331,54.29,-57,AMAN
NODE_01,1784171718,2026-07-16 10:15:18,4613799,0.523,42.59,-64,AMAN
NODE_01,1784171778,2026-07-16 10:16:18,3027797,0.343,46.14,-62,AMAN
NODE_01,1784171838,2026-07-16 10:17:18,2401202,0.272,55.25,-59,AMAN
NODE_01,1784171898,2026-07-16 10:18:18,3605284,0.408,51.27,-60,AMAN
NODE_01,1784171958,2026-07-16 10:19:18,1674170,0.19,49.94,-69,AMAN
NODE_01,1784172018,2026-07-16 10:20:18,5657309,0.641,47.98,-84,AMAN
NODE_01,1784172078,2026-07-16 10:21:18,1302490,0.148,52.63,-76,AMAN
NODE_01,1784172138,2026-07-16 10:22:18,3136770,0.355,39.41,-84,AMAN
NODE_01,1784172198,2026-07-16 10:23:18,2004982,0.227,46.39,-67,AMAN
NODE_01,1784172258,2026-07-16 10:24:18,0,0.0,40.85,-67,AMAN
NODE_01,1784172318,2026-07-16 10:25:18,2409761,0.273,54.43,-58,AMAN
NODE_01,1784172378,2026-07-16 10:26:18,2520166,0.286,41.88,-48,AMAN
NODE_01,1784172438,2026-07-16 10:27:18,2156118,0.244,41.12,-57,AMAN
NODE_01,1784172498,2026-07-16 10:28:18,5061146,0.573,46.21,-47,AMAN
NODE_01,1784172558,2026-07-16 10:29:18,4144901,0.47,43.01,-74,AMAN
NODE_01,1784172618,2026-07-16 10:30:18,3420435,0.388,47.54,-50,AMAN
NODE_01,1784172678,2026-07-16 10:31:18,3520548,0.399,41.31,-71,AMAN
NODE_01,1784172738,2026-07-16 10:32:18,4166245,0.472,50.86,-73,AMAN
NODE_01,1784172798,2026-07-16 10:33:18,4156473,0.471,52.85,-51,AMAN
NODE_01,1784172858,2026-07-16 10:34:18,2920080,0.331,55.09,-74,AMAN
NODE_01,1784172918,2026-07-16 10:35:18,2329444,0.264,51.2,-64,AMAN
NODE_01,1784172978,2026-07-16 10:36:18,2243735,0.254,51.33,-78,AMAN
NODE_01,1784173038,2026-07-16 10:37:18,487157,0.055,43.06,-73,AMAN
NODE_01,1784173098,2026-07-16 10:38:18,724212,0.082,53.83,-75,AMAN
NODE_01,1784173158,2026-07-16 10:39:18,985593,0.112,48.07,-67,AMAN
NODE_01,1784173218,2026-07-16 10:40:18,1130885,0.128,50.91,-69,AMAN
NODE_01,1784173278,2026-07-16 10:41:18,2742459,0.311,48.94,-69,AMAN
NODE_01,1784173338,2026-07-16 10:42:18,3443353,0.39,44.29,-85,AMAN
NODE_01,1784173398,2026-07-16 10:43:18,0,0.0,40.49,-48,AMAN
NODE_01,1784173458,2026-07-16 10:44:18,2524663,0.286,43.26,-81,AMAN
NODE_01,1784173518,2026-07-16 10:45:18,3783782,0.429,50.22,-73,AMAN
NODE_01,1784173578,2026-07-16 10:46:18,3512554,0.398,43.47,-68,AMAN
NODE_01,1784173638,2026-07-16 10:47:18,2591334,0.294,41.75,-67,AMAN
NODE_01,1784173698,2026-07-16 10:48:18,5147715,0.583,41.21,-85,AMAN
NODE_01,1784173758,2026-07-16 10:49:18,2126627,0.241,47.0,-78,AMAN
NODE_01,1784173818,2026-07-16 10:50:18,2351437,0.266,45.66,-55,AMAN
NODE_01,1784173878,2026-07-16 10:51:18,2716162,0.308,41.77,-75,AMAN
NODE_01,1784173938,2026-07-16 10:52:18,1241639,0.141,39.97,-60,AMAN
NODE_01,1784173998,2026-07-16 10:53:18,645222,0.073,46.14,-50,AMAN
NODE_01,1784174058,2026-07-16 10:54:18,2853398,0.323,40.99,-64,AMAN
NODE_01,1784174118,2026-07-16 10:55:18,4548183,0.515,39.63,-58,AMAN
NODE_01,1784174178,2026-07-16 10:56:18,5265056,0.597,39.67,-53,AMAN
NODE_01,1784174238,2026-07-16 10:57:18,2782834,0.315,43.44,-70,AMAN
NODE_01,1784174298,2026-07-16 10:58:18,0,0.0,43.49,-63,AMAN
NODE_01,1784174358,2026-07-16 10:59:18,1813264,0.205,44.26,-61,AMAN
NODE_01,1784174418,2026-07-16 11:00:18,4291582,0.486,42.61,-62,AMAN
NODE_01,1784174478,2026-07-16 11:01:18,1780446,0.202,53.89,-65,AMAN
NODE_01,1784174538,2026-07-16 11:02:18,1824784,0.207,50.32,-67,AMAN
NODE_01,1784174598,2026-07-16 11:03:18,2030810,0.23,43.79,-83,AMAN
NODE_01,1784174658,2026-07-16 11:04:18,3184293,0.361,52.42,-54,AMAN
NODE_01,1784174718,2026-07-16 11:05:18,754217,0.085,54.4,-55,AMAN
NODE_01,1784174778,2026-07-16 11:06:18,5248042,0.595,49.42,-75,AMAN
NODE_01,1784174838,2026-07-16 11:07:18,4316535,0.489,49.79,-56,AMAN
NODE_01,1784174898,2026-07-16 11:08:18,2409947,0.273,53.77,-59,AMAN
NODE_01,1784174958,2026-07-16 11:09:18,758467,0.086,48.02,-52,AMAN
NODE_01,1784175018,2026-07-16 11:10:18,3838778,0.435,50.79,-70,AMAN
NODE_01,1784175078,2026-07-16 11:11:18,2521976,0.286,41.01,-59,AMAN
NODE_01,1784175138,2026-07-16 11:12:18,3338507,0.378,44.57,-61,AMAN
NODE_01,1784175198,2026-07-16 11:13:18,1108258,0.126,50.04,-77,AMAN
NODE_01,1784175258,2026-07-16 11:14:18,3698110,0.419,45.8,-50,AMAN
NODE_01,1784175318,2026-07-16 11:15:18,3166952,0.359,43.24,-52,AMAN
NODE_01,1784175378,2026-07-16 11:16:18,5507072,0.624,53.86,-51,AMAN
NODE_01,1784175438,2026-07-16 11:17:18,3416392,0.387,43.08,-72,AMAN
NODE_01,1784175498,2026-07-16 11:18:18,2532458,0.287,47.63,-45,AMAN
NODE_01,1784175558,2026-07-16 11:19:18,2231616,0.253,46.39,-60,AMAN
NODE_01,1784175618,2026-07-16 11:20:18,4050726,0.459,45.08,-80,AMAN
NODE_01,1784175678,2026-07-16 11:21:18,2013217,0.228,44.85,-60,AMAN
NODE_01,1784175738,2026-07-16 11:22:18,1107819,0.126,42.52,-57,AMAN
NODE_01,1784175798,2026-07-16 11:23:18,2617432,0.297,48.17,-80,AMAN
NODE_01,1784175858,2026-07-16 11:24:18,1251779,0.142,53.39,-45,AMAN
NODE_01,1784175918,2026-07-16 11:25:18,1301109,0.147,46.42,-75,AMAN
NODE_01,1784175978,2026-07-16 11:26:18,4633994,0.525,42.84,-55,AMAN
NODE_01,1784176038,2026-07-16 11:27:18,4484717,0.508,46.02,-70,AMAN
NODE_01,1784176098,2026-07-16 11:28:18,1666280,0.189,43.98,-70,AMAN
NODE_01,1784176158,2026-07-16 11:29:18,3622057,0.41,46.77,-55,AMAN
NODE_01,1784176218,2026-07-16 11:30:18,5069341,0.574,54.51,-67,AMAN
NODE_01,1784176278,2026-07-16 11:31:18,1574163,0.178,43.7,-74,AMAN
NODE_01,1784176338,2026-07-16 11:32:18,4041341,0.458,49.53,-82,AMAN
NODE_01,1784176398,2026-07-16 11:33:18,4097413,0.464,41.11,-72,AMAN
NODE_01,1784176458,2026-07-16 11:34:18,2799686,0.317,42.24,-85,AMAN
NODE_01,1784176518,2026-07-16 11:35:18,3161097,0.358,43.26,-79,AMAN
NODE_01,1784176578,2026-07-16 11:36:18,2021368,0.229,55.79,-82,AMAN
NODE_01,1784176638,2026-07-16 11:37:18,1817362,0.206,41.12,-77,AMAN
NODE_01,1784176698,2026-07-16 11:38:18,3162773,0.358,49.29,-73,AMAN
NODE_01,1784176758,2026-07-16 11:39:18,4323572,0.49,51.56,-85,AMAN
NODE_01,1784176818,2026-07-16 11:40:18,3179495,0.36,53.92,-60,AMAN
NODE_01,1784176878,2026-07-16 11:41:18,1369785,0.155,41.47,-49,AMAN
NODE_01,1784176938,2026-07-16 11:42:18,2586207,0.293,39.89,-65,AMAN
NODE_01,1784176998,2026-07-16 11:43:18,4356938,0.494,54.11,-60,AMAN
NODE_01,1784177058,2026-07-16 11:44:18,3283272,0.372,46.98,-50,AMAN
NODE_01,1784177118,2026-07-16 11:45:18,2567191,0.291,43.9,-82,AMAN
NODE_01,1784177178,2026-07-16 11:46:18,4147039,0.47,49.35,-70,AMAN
NODE_01,1784177238,2026-07-16 11:47:18,2288523,0.259,43.28,-67,AMAN
NODE_01,1784177298,2026-07-16 11:48:18,2136041,0.242,51.95,-66,AMAN
NODE_01,1784177358,2026-07-16 11:49:18,3629212,0.411,43.88,-76,AMAN
NODE_01,1784177418,2026-07-16 11:50:18,3778002,0.428,52.27,-62,AMAN
NODE_01,1784177478,2026-07-16 11:51:18,4560287,0.517,53.66,-49,AMAN
NODE_01,1784177538,2026-07-16 11:52:18,1534985,0.174,55.16,-79,AMAN
NODE_01,1784177598,2026-07-16 11:53:18,3302303,0.374,51.39,-68,AMAN
NODE_01,1784177658,2026-07-16 11:54:18,1840291,0.208,41.91,-54,AMAN
NODE_01,1784177718,2026-07-16 11:55:18,4299423,0.487,45.71,-62,AMAN
NODE_01,1784177778,2026-07-16 11:56:18,1743828,0.198,47.34,-74,AMAN
NODE_01,1784177838,2026-07-16 11:57:18,1747034,0.198,50.72,-56,AMAN
NODE_01,1784177898,2026-07-16 11:58:18,4103284,0.465,53.43,-59,AMAN
NODE_01,1784177958,2026-07-16 11:59:18,5768857,0.654,52.76,-47,AMAN
NODE_01,1784178018,2026-07-16 12:00:18,5093141,0.577,46.66,-73,AMAN
NODE_01,1784178078,2026-07-16 12:01:18,2408865,0.273,41.29,-85,AMAN
NODE_01,1784178138,2026-07-16 12:02:18,2737143,0.31,42.78,-61,AMAN
NODE_01,1784178198,2026-07-16 12:03:18,0,0.0,50.33,-62,AMAN
NODE_01,1784178258,2026-07-16 12:04:18,0,0.0,49.12,-64,AMAN
NODE_01,1784178318,2026-07-16 12:05:18,1267901,0.144,47.39,-59,AMAN
NODE_01,1784178378,2026-07-16 12:06:18,4258651,0.482,47.03,-60,AMAN
NODE_01,1784178438,2026-07-16 12:07:18,184120,0.021,46.26,-60,AMAN
NODE_01,1784178498,2026-07-16 12:08:18,5420966,0.614,52.63,-81,AMAN
NODE_01,1784178558,2026-07-16 12:09:18,1653619,0.187,53.47,-60,AMAN
NODE_01,1784178618,2026-07-16 12:10:18,1614792,0.183,41.02,-85,AMAN
NODE_01,1784178678,2026-07-16 12:11:18,3665427,0.415,54.43,-47,AMAN
NODE_01,1784178738,2026-07-16 12:12:18,1808312,0.205,46.1,-81,AMAN
NODE_01,1784178798,2026-07-16 12:13:18,4790360,0.543,45.69,-71,AMAN
NODE_01,1784178858,2026-07-16 12:14:18,3749473,0.425,46.62,-74,AMAN
NODE_01,1784178918,2026-07-16 12:15:18,3667800,0.416,44.25,-74,AMAN
NODE_01,1784178978,2026-07-16 12:16:18,1899382,0.215,43.99,-53,AMAN
NODE_01,1784179038,2026-07-16 12:17:18,0,0.0,50.41,-58,AMAN
NODE_01,1784179098,2026-07-16 12:18:18,3391208,0.384,47.63,-47,AMAN
NODE_01,1784179158,2026-07-16 12:19:18,3062086,0.347,49.15,-63,AMAN
NODE_01,1784179218,2026-07-16 12:20:18,2627874,0.298,51.69,-54,AMAN
NODE_01,1784179278,2026-07-16 12:21:18,1169508,0.133,48.16,-74,AMAN
NODE_01,1784179338,2026-07-16 12:22:18,1152219,0.131,41.6,-76,AMAN
NODE_01,1784179398,2026-07-16 12:23:18,2011432,0.228,46.58,-79,AMAN
NODE_01,1784179458,2026-07-16 12:24:18,2924570,0.331,52.88,-75,AMAN
NODE_01,1784179518,2026-07-16 12:25:18,753368,0.085,47.63,-58,AMAN
NODE_01,1784179578,2026-07-16 12:26:18,3050449,0.346,48.48,-78,AMAN
NODE_01,1784179638,2026-07-16 12:27:18,466894,0.053,51.53,-51,AMAN
NODE_01,1784179698,2026-07-16 12:28:18,4278733,0.485,49.64,-82,AMAN
NODE_01,1784179758,2026-07-16 12:29:18,5034301,0.57,52.22,-67,AMAN
NODE_01,1784179818,2026-07-16 12:30:18,1623659,0.184,45.2,-79,AMAN
NODE_01,1784179878,2026-07-16 12:31:18,2765162,0.313,43.2,-70,AMAN
NODE_01,1784179938,2026-07-16 12:32:18,3774523,0.428,47.09,-74,AMAN
NODE_01,1784179998,2026-07-16 12:33:18,4055164,0.459,43.94,-80,AMAN
NODE_01,1784180058,2026-07-16 12:34:18,2039272,0.231,47.61,-79,AMAN
NODE_01,1784180118,2026-07-16 12:35:18,1832560,0.208,53.65,-60,AMAN
NODE_01,1784180178,2026-07-16 12:36:18,1935116,0.219,49.21,-81,AMAN
NODE_01,1784180238,2026-07-16 12:37:18,2205971,0.25,44.28,-81,AMAN
NODE_01,1784180298,2026-07-16 12:38:18,4669335,0.529,41.43,-80,AMAN
NODE_01,1784180358,2026-07-16 12:39:18,4760764,0.539,44.47,-66,AMAN
NODE_01,1784180418,2026-07-16 12:40:18,2060323,0.233,41.51,-56,AMAN
NODE_01,1784180478,2026-07-16 12:41:18,3158311,0.358,41.69,-75,AMAN
NODE_01,1784180538,2026-07-16 12:42:18,2323438,0.263,48.39,-60,AMAN
NODE_01,1784180598,2026-07-16 12:43:18,0,0.0,41.84,-72,AMAN
NODE_01,1784180658,2026-07-16 12:44:18,4349051,0.493,54.64,-51,AMAN
NODE_01,1784180718,2026-07-16 12:45:18,3706510,0.42,55.13,-70,AMAN
NODE_01,1784180778,2026-07-16 12:46:18,3702294,0.419,42.1,-78,AMAN
NODE_01,1784180838,2026-07-16 12:47:18,3510061,0.398,45.08,-61,AMAN
NODE_01,1784180898,2026-07-16 12:48:18,3273947,0.371,42.53,-54,AMAN
NODE_01,1784180958,2026-07-16 12:49:18,4116427,0.466,48.89,-78,AMAN
NODE_01,1784181018,2026-07-16 12:50:18,4199501,0.476,45.65,-66,AMAN
NODE_01,1784181078,2026-07-16 12:51:18,4041492,0.458,41.39,-70,AMAN
NODE_01,1784181138,2026-07-16 12:52:18,6096517,0.691,46.38,-45,AMAN
NODE_01,1784181198,2026-07-16 12:53:18,3927460,0.445,46.38,-80,AMAN
NODE_01,1784181258,2026-07-16 12:54:18,477668,0.054,40.99,-75,AMAN
NODE_01,1784181318,2026-07-16 12:55:18,3282504,0.372,42.21,-79,AMAN
NODE_01,1784181378,2026-07-16 12:56:18,2498016,0.283,43.63,-59,AMAN
NODE_01,1784181438,2026-07-16 12:57:18,2829652,0.321,49.59,-60,AMAN
NODE_01,1784181498,2026-07-16 12:58:18,4800960,0.544,50.38,-78,AMAN
NODE_01,1784181558,2026-07-16 12:59:18,1824129,0.207,42.35,-55,AMAN
NODE_01,1784181618,2026-07-16 13:00:18,2114158,0.24,42.93,-72,AMAN
NODE_01,1784181678,2026-07-16 13:01:18,1220500,0.138,45.77,-49,AMAN
NODE_01,1784181738,2026-07-16 13:02:18,2182815,0.247,48.07,-52,AMAN
NODE_01,1784181798,2026-07-16 13:03:18,3735382,0.423,45.47,-67,AMAN
NODE_01,1784181858,2026-07-16 13:04:18,3584897,0.406,54.2,-50,AMAN
NODE_01,1784181918,2026-07-16 13:05:18,182049,0.021,50.06,-45,AMAN
NODE_01,1784181978,2026-07-16 13:06:18,2509380,0.284,50.87,-84,AMAN
NODE_01,1784182038,2026-07-16 13:07:18,4230022,0.479,53.6,-72,AMAN
NODE_01,1784182098,2026-07-16 13:08:18,89193,0.01,46.96,-64,AMAN
NODE_01,1784182158,2026-07-16 13:09:18,4464954,0.506,41.05,-79,AMAN
NODE_01,1784182218,2026-07-16 13:10:18,2063225,0.234,48.69,-80,AMAN
NODE_01,1784182278,2026-07-16 13:11:18,3654937,0.414,42.38,-54,AMAN
NODE_01,1784182338,2026-07-16 13:12:18,3807071,0.431,43.1,-74,AMAN
NODE_01,1784182398,2026-07-16 13:13:18,1498435,0.17,48.94,-52,AMAN
NODE_01,1784182458,2026-07-16 13:14:18,1256793,0.142,43.65,-65,AMAN
NODE_01,1784182518,2026-07-16 13:15:18,3290167,0.373,41.88,-70,AMAN
NODE_01,1784182578,2026-07-16 13:16:18,2361287,0.268,52.86,-78,AMAN
NODE_01,1784182638,2026-07-16 13:17:18,3449153,0.391,52.79,-67,AMAN
NODE_01,1784182698,2026-07-16 13:18:18,0,0.0,41.98,-45,AMAN
NODE_01,1784182758,2026-07-16 13:19:18,3107495,0.352,46.3,-57,AMAN
NODE_01,1784182818,2026-07-16 13:20:18,1074539,0.122,50.2,-75,AMAN
NODE_01,1784182878,2026-07-16 13:21:18,3272831,0.371,46.18,-84,AMAN
NODE_01,1784182938,2026-07-16 13:22:18,0,0.0,40.92,-85,AMAN
NODE_01,1784182998,2026-07-16 13:23:18,2876821,0.326,41.61,-84,AMAN
NODE_01,1784183058,2026-07-16 13:24:18,1925275,0.218,54.3,-80,AMAN
NODE_01,1784183118,2026-07-16 13:25:18,2535960,0.287,41.0,-55,AMAN
NODE_01,1784183178,2026-07-16 13:26:18,4556704,0.516,54.1,-57,AMAN
NODE_01,1784183238,2026-07-16 13:27:18,2377204,0.269,53.6,-75,AMAN
NODE_01,1784183298,2026-07-16 13:28:18,3443392,0.39,49.48,-65,AMAN
NODE_01,1784183358,2026-07-16 13:29:18,833326,0.094,51.24,-47,AMAN
NODE_01,1784183418,2026-07-16 13:30:18,1131345,0.128,39.42,-52,AMAN
NODE_01,1784183478,2026-07-16 13:31:18,3992268,0.452,47.94,-46,AMAN
NODE_01,1784183538,2026-07-16 13:32:18,5018071,0.569,49.94,-53,AMAN
NODE_01,1784183598,2026-07-16 13:33:18,2481597,0.281,48.8,-77,AMAN
NODE_01,1784183658,2026-07-16 13:34:18,1455182,0.165,49.25,-57,AMAN
NODE_01,1784183718,2026-07-16 13:35:18,0,0.0,52.98,-68,AMAN
NODE_01,1784183778,2026-07-16 13:36:18,1435212,0.163,45.41,-62,AMAN
NODE_01,1784183838,2026-07-16 13:37:18,315693,0.036,39.58,-64,AMAN
NODE_01,1784183898,2026-07-16 13:38:18,4041180,0.458,42.71,-49,AMAN
NODE_01,1784183958,2026-07-16 13:39:18,749056,0.085,52.2,-66,AMAN
NODE_01,1784184018,2026-07-16 13:40:18,0,0.0,53.43,-80,AMAN
NODE_01,1784184078,2026-07-16 13:41:18,2686489,0.304,52.74,-85,AMAN
NODE_01,1784184138,2026-07-16 13:42:18,2339672,0.265,43.68,-70,AMAN
NODE_01,1784184198,2026-07-16 13:43:18,1921713,0.218,52.27,-80,AMAN
NODE_01,1784184258,2026-07-16 13:44:18,2906412,0.329,41.11,-45,AMAN
NODE_01,1784184318,2026-07-16 13:45:18,2159508,0.245,48.01,-79,AMAN
NODE_01,1784184378,2026-07-16 13:46:18,3510405,0.398,47.91,-59,AMAN
NODE_01,1784184438,2026-07-16 13:47:18,2776785,0.315,43.87,-73,AMAN
NODE_01,1784184498,2026-07-16 13:48:18,4834441,0.548,52.06,-69,AMAN
NODE_01,1784184558,2026-07-16 13:49:18,4302373,0.487,44.95,-54,AMAN
NODE_01,1784184618,2026-07-16 13:50:18,307525,0.035,42.11,-58,AMAN
NODE_01,1784184678,2026-07-16 13:51:18,5482242,0.621,49.47,-74,AMAN
NODE_01,1784184738,2026-07-16 13:52:18,3275695,0.371,46.49,-70,AMAN
NODE_01,1784184798,2026-07-16 13:53:18,787213,0.089,46.26,-55,AMAN
NODE_01,1784184858,2026-07-16 13:54:18,150684,0.017,41.28,-49,AMAN
NODE_01,1784184918,2026-07-16 13:55:18,1798232,0.204,46.78,-76,AMAN
NODE_01,1784184978,2026-07-16 13:56:18,3407940,0.386,51.06,-73,AMAN
NODE_01,1784185038,2026-07-16 13:57:18,5458298,0.618,46.55,-79,AMAN
NODE_01,1784185098,2026-07-16 13:58:18,5946781,0.674,50.46,-53,AMAN
NODE_01,1784185158,2026-07-16 13:59:18,0,0.0,49.93,-54,AMAN
NODE_01,1784185218,2026-07-16 14:00:18,2349127,0.266,50.74,-61,AMAN
NODE_01,1784185278,2026-07-16 14:01:18,2716883,0.308,52.62,-81,AMAN
NODE_01,1784185338,2026-07-16 14:02:18,1666175,0.189,54.07,-56,AMAN
NODE_01,1784185398,2026-07-16 14:03:18,810333,0.092,44.01,-71,AMAN
NODE_01,1784185458,2026-07-16 14:04:18,5298168,0.6,54.88,-54,AMAN
NODE_01,1784185518,2026-07-16 14:05:18,3414724,0.387,45.19,-85,AMAN
NODE_01,1784185578,2026-07-16 14:06:18,3093890,0.351,55.5,-66,AMAN
NODE_01,1784185638,2026-07-16 14:07:18,287944,0.033,40.9,-67,AMAN
NODE_01,1784185698,2026-07-16 14:08:18,1472222,0.167,45.84,-67,AMAN
NODE_01,1784185758,2026-07-16 14:09:18,2454228,0.278,43.36,-62,AMAN
NODE_01,1784185818,2026-07-16 14:10:18,2048842,0.232,45.82,-83,AMAN
NODE_01,1784185878,2026-07-16 14:11:18,1953014,0.221,54.6,-50,AMAN
NODE_01,1784185938,2026-07-16 14:12:18,556576,0.063,45.03,-64,AMAN
NODE_01,1784185998,2026-07-16 14:13:18,2143322,0.243,44.49,-77,AMAN
NODE_01,1784186058,2026-07-16 14:14:18,96827,0.011,42.15,-76,AMAN
NODE_01,1784186118,2026-07-16 14:15:18,4040172,0.458,43.25,-84,AMAN
NODE_01,1784186178,2026-07-16 14:16:18,955849,0.108,53.0,-73,AMAN
NODE_01,1784186238,2026-07-16 14:17:18,2892176,0.328,41.13,-81,AMAN
NODE_01,1784186298,2026-07-16 14:18:18,1825492,0.207,51.19,-64,AMAN
NODE_01,1784186358,2026-07-16 14:19:18,1794824,0.203,45.49,-48,AMAN
NODE_01,1784186418,2026-07-16 14:20:18,1586379,0.18,52.99,-69,AMAN
NODE_01,1784186478,2026-07-16 14:21:18,3122181,0.354,52.54,-83,AMAN
NODE_01,1784186538,2026-07-16 14:22:18,989385,0.112,55.26,-46,AMAN
NODE_01,1784186598,2026-07-16 14:23:18,3754390,0.425,52.94,-73,AMAN
NODE_01,1784186658,2026-07-16 14:24:18,2488034,0.282,44.84,-75,AMAN
NODE_01,1784186718,2026-07-16 14:25:18,2496937,0.283,44.75,-52,AMAN
NODE_01,1784186778,2026-07-16 14:26:18,4847913,0.549,47.19,-64,AMAN
NODE_01,1784186838,2026-07-16 14:27:18,3667452,0.416,43.82,-72,AMAN
NODE_01,1784186898,2026-07-16 14:28:18,2283985,0.259,46.45,-74,AMAN
NODE_01,1784186958,2026-07-16 14:29:18,4867455,0.551,54.88,-85,AMAN
NODE_01,1784187018,2026-07-16 14:30:18,2951402,0.334,51.01,-58,AMAN
NODE_01,1784187078,2026-07-16 14:31:18,2957068,0.335,50.18,-81,AMAN
NODE_01,1784187138,2026-07-16 14:32:18,3779314,0.428,48.85,-80,AMAN
NODE_01,1784187198,2026-07-16 14:33:18,868102,0.098,53.98,-68,AMAN
NODE_01,1784187258,2026-07-16 14:34:18,1272681,0.144,46.31,-51,AMAN
NODE_01,1784187318,2026-07-16 14:35:18,3879135,0.439,53.42,-62,AMAN
NODE_01,1784187378,2026-07-16 14:36:18,4000085,0.453,48.88,-73,AMAN
NODE_01,1784187438,2026-07-16 14:37:18,463367,0.052,45.58,-46,AMAN
NODE_01,1784187498,2026-07-16 14:38:18,3174701,0.36,55.24,-69,AMAN
NODE_01,1784187558,2026-07-16 14:39:18,1375137,0.156,42.07,-72,AMAN
NODE_01,1784187618,2026-07-16 14:40:18,2235927,0.253,43.49,-83,AMAN
NODE_01,1784187678,2026-07-16 14:41:18,4564553,0.517,42.59,-54,AMAN
NODE_01,1784187738,2026-07-16 14:42:18,3439347,0.39,45.68,-57,AMAN
NODE_01,1784187798,2026-07-16 14:43:18,2248179,0.255,51.5,-52,AMAN
NODE_01,1784187858,2026-07-16 14:44:18,2839783,0.322,47.95,-53,AMAN
NODE_01,1784187918,2026-07-16 14:45:18,744041,0.084,50.68,-73,AMAN
NODE_01,1784187978,2026-07-16 14:46:18,907039,0.103,45.11,-73,AMAN
NODE_01,1784188038,2026-07-16 14:47:18,4847722,0.549,42.24,-52,AMAN
NODE_01,1784188098,2026-07-16 14:48:18,4225682,0.479,44.84,-66,AMAN
NODE_01,1784188158,2026-07-16 14:49:18,1981925,0.225,39.84,-76,AMAN
NODE_01,1784188218,2026-07-16 14:50:18,3123182,0.354,43.84,-52,AMAN
NODE_01,1784188278,2026-07-16 14:51:18,427067,0.048,43.95,-54,AMAN
NODE_01,1784188338,2026-07-16 14:52:18,3072700,0.348,46.0,-66,AMAN
NODE_01,1784188398,2026-07-16 14:53:18,3047301,0.345,51.36,-75,AMAN
NODE_01,1784188458,2026-07-16 14:54:18,2122293,0.24,50.88,-68,AMAN
NODE_01,1784188518,2026-07-16 14:55:18,1135724,0.129,45.99,-58,AMAN
NODE_01,1784188578,2026-07-16 14:56:18,1544795,0.175,41.07,-68,AMAN
NODE_01,1784188638,2026-07-16 14:57:18,2680996,0.304,41.72,-67,AMAN
NODE_01,1784188698,2026-07-16 14:58:18,2995088,0.339,41.24,-72,AMAN
NODE_01,1784188758,2026-07-16 14:59:18,2787332,0.316,47.56,-46,AMAN
NODE_01,1784188818,2026-07-16 15:00:18,2645853,0.3,44.32,-71,AMAN
NODE_01,1784188878,2026-07-16 15:01:18,3939487,0.446,46.16,-50,AMAN
NODE_01,1784188938,2026-07-16 15:02:18,525083,0.059,50.94,-83,AMAN
NODE_01,1784188998,2026-07-16 15:03:18,3995127,0.453,49.89,-49,AMAN
NODE_01,1784189058,2026-07-16 15:04:18,5491189,0.622,45.33,-85,AMAN
NODE_01,1784189118,2026-07-16 15:05:18,1954476,0.221,50.09,-82,AMAN
NODE_01,1784189178,2026-07-16 15:06:18,5164234,0.585,44.33,-57,AMAN
NODE_01,1784189238,2026-07-16 15:07:18,1050559,0.119,51.83,-76,AMAN
NODE_01,1784189298,2026-07-16 15:08:18,2348999,0.266,52.26,-54,AMAN
NODE_01,1784189358,2026-07-16 15:09:18,3439722,0.39,45.67,-46,AMAN
NODE_01,1784189418,2026-07-16 15:10:18,0,0.0,51.96,-62,AMAN
NODE_01,1784189478,2026-07-16 15:11:18,1397415,0.158,43.07,-77,AMAN
NODE_01,1784189538,2026-07-16 15:12:18,3662092,0.415,46.28,-68,AMAN
NODE_01,1784189598,2026-07-16 15:13:18,3671965,0.416,52.85,-54,AMAN
NODE_01,1784189658,2026-07-16 15:14:18,3323025,0.376,43.37,-65,AMAN
NODE_01,1784189718,2026-07-16 15:15:18,3558620,0.403,44.63,-74,AMAN
NODE_01,1784189778,2026-07-16 15:16:18,656924,0.074,52.79,-47,AMAN
NODE_01,1784189838,2026-07-16 15:17:18,1174759,0.133,47.75,-46,AMAN
NODE_01,1784189898,2026-07-16 15:18:18,2901815,0.329,54.18,-49,AMAN
NODE_01,1784189958,2026-07-16 15:19:18,1305458,0.148,45.4,-77,AMAN
NODE_01,1784190018,2026-07-16 15:20:18,3636820,0.412,49.8,-47,AMAN
NODE_01,1784190078,2026-07-16 15:21:18,1430469,0.162,48.45,-76,AMAN
NODE_01,1784190138,2026-07-16 15:22:18,2856344,0.324,46.07,-85,AMAN
NODE_01,1784190198,2026-07-16 15:23:18,5436037,0.616,49.58,-49,AMAN
NODE_01,1784190258,2026-07-16 15:24:18,2953473,0.335,52.68,-78,AMAN
NODE_01,1784190318,2026-07-16 15:25:18,4829744,0.547,46.36,-69,AMAN
NODE_01,1784190378,2026-07-16 15:26:18,3293931,0.373,41.05,-46,AMAN
NODE_01,1784190438,2026-07-16 15:27:18,1368246,0.155,46.24,-53,AMAN
NODE_01,1784190498,2026-07-16 15:28:18,2416239,0.274,51.95,-55,AMAN
NODE_01,1784190558,2026-07-16 15:29:18,4973035,0.563,41.79,-56,AMAN
NODE_01,1784190618,2026-07-16 15:30:18,2372327,0.269,49.27,-79,AMAN
NODE_01,1784190678,2026-07-16 15:31:18,2788403,0.316,43.99,-78,AMAN
NODE_01,1784190738,2026-07-16 15:32:18,3109047,0.352,43.03,-80,AMAN
NODE_01,1784190798,2026-07-16 15:33:18,4114818,0.466,46.16,-66,AMAN
NODE_01,1784190858,2026-07-16 15:34:18,2143772,0.243,49.33,-57,AMAN
NODE_01,1784190918,2026-07-16 15:35:18,2190046,0.248,40.93,-81,AMAN
NODE_01,1784190978,2026-07-16 15:36:18,2314809,0.262,51.01,-53,AMAN
NODE_01,1784191038,2026-07-16 15:37:18,3733181,0.423,46.1,-48,AMAN
NODE_01,1784191098,2026-07-16 15:38:18,611429,0.069,52.21,-84,AMAN
NODE_01,1784191158,2026-07-16 15:39:18,2576194,0.292,49.82,-82,AMAN
NODE_01,1784191218,2026-07-16 15:40:18,1559601,0.177,42.99,-55,AMAN
NODE_01,1784191278,2026-07-16 15:41:18,2693272,0.305,52.71,-80,AMAN
NODE_01,1784191338,2026-07-16 15:42:18,1933136,0.219,53.2,-52,AMAN
NODE_01,1784191398,2026-07-16 15:43:18,1291120,0.146,49.34,-66,AMAN
NODE_01,1784191458,2026-07-16 15:44:18,658722,0.075,43.67,-48,AMAN
NODE_01,1784191518,2026-07-16 15:45:18,1927785,0.218,48.5,-66,AMAN
NODE_01,1784191578,2026-07-16 15:46:18,3999439,0.453,48.58,-69,AMAN
NODE_01,1784191638,2026-07-16 15:47:18,4466340,0.506,43.21,-79,AMAN
NODE_01,1784191698,2026-07-16 15:48:18,1532891,0.174,43.17,-75,AMAN
NODE_01,1784191758,2026-07-16 15:49:18,3769723,0.427,41.81,-78,AMAN
NODE_01,1784191818,2026-07-16 15:50:18,4113196,0.466,46.31,-84,AMAN
NODE_01,1784191878,2026-07-16 15:51:18,2482853,0.281,47.6,-58,AMAN
NODE_01,1784191938,2026-07-16 15:52:18,1088876,0.123,54.39,-60,AMAN
NODE_01,1784191998,2026-07-16 15:53:18,320133,0.036,47.67,-55,AMAN
NODE_01,1784192058,2026-07-16 15:54:18,4828911,0.547,44.18,-55,AMAN
NODE_01,1784192118,2026-07-16 15:55:18,3608070,0.409,44.6,-54,AMAN
NODE_01,1784192178,2026-07-16 15:56:18,4071265,0.461,50.51,-51,AMAN
NODE_01,1784192238,2026-07-16 15:57:18,4515598,0.512,46.91,-54,AMAN
NODE_01,1784192298,2026-07-16 15:58:18,1894553,0.215,47.18,-51,AMAN
NODE_01,1784192358,2026-07-16 15:59:18,1991972,0.226,50.55,-53,AMAN
NODE_01,1784192418,2026-07-16 16:00:18,5572775,0.631,51.78,-63,AMAN
NODE_01,1784192478,2026-07-16 16:01:18,4432893,0.502,41.69,-60,AMAN
NODE_01,1784192538,2026-07-16 16:02:18,4920391,0.557,55.41,-72,AMAN
NODE_01,1784192598,2026-07-16 16:03:18,1922579,0.218,49.97,-57,AMAN
NODE_01,1784192658,2026-07-16 16:04:18,4623705,0.524,51.78,-74,AMAN
NODE_01,1784192718,2026-07-16 16:05:18,4129426,0.468,43.15,-52,AMAN
NODE_01,1784192778,2026-07-16 16:06:18,3701463,0.419,54.8,-54,AMAN
NODE_01,1784192838,2026-07-16 16:07:18,2423787,0.275,43.61,-81,AMAN
NODE_01,1784192898,2026-07-16 16:08:18,4348117,0.493,54.31,-62,AMAN
NODE_01,1784192958,2026-07-16 16:09:18,2905900,0.329,41.16,-49,AMAN
NODE_01,1784193018,2026-07-16 16:10:18,4132693,0.468,40.4,-82,AMAN
NODE_01,1784193078,2026-07-16 16:11:18,1437641,0.163,50.34,-53,AMAN
NODE_01,1784193138,2026-07-16 16:12:18,8439,0.001,50.24,-73,AMAN
NODE_01,1784193198,2026-07-16 16:13:18,4254420,0.482,48.68,-79,AMAN
NODE_01,1784193258,2026-07-16 16:14:18,1834750,0.208,54.28,-75,AMAN
NODE_01,1784193318,2026-07-16 16:15:18,2368815,0.268,54.23,-52,AMAN
NODE_01,1784193378,2026-07-16 16:16:18,2817793,0.319,42.43,-54,AMAN
NODE_01,1784193438,2026-07-16 16:17:18,4808921,0.545,51.35,-54,AMAN
NODE_01,1784193498,2026-07-16 16:18:18,4467141,0.506,53.53,-58,AMAN
NODE_01,1784193558,2026-07-16 16:19:18,4366210,0.495,44.09,-71,AMAN
NODE_01,1784193618,2026-07-16 16:20:18,803708,0.091,40.06,-64,AMAN
NODE_01,1784193678,2026-07-16 16:21:18,2391929,0.271,45.18,-64,AMAN
NODE_01,1784193738,2026-07-16 16:22:18,3954671,0.448,39.99,-51,AMAN
NODE_01,1784193798,2026-07-16 16:23:18,2210357,0.25,51.8,-64,AMAN
NODE_01,1784193858,2026-07-16 16:24:18,3291101,0.373,45.37,-84,AMAN
NODE_01,1784193918,2026-07-16 16:25:18,986703,0.112,46.53,-57,AMAN
NODE_01,1784193978,2026-07-16 16:26:18,3488641,0.395,51.67,-54,AMAN
NODE_01,1784194038,2026-07-16 16:27:18,5207718,0.59,41.1,-61,AMAN
NODE_01,1784194098,2026-07-16 16:28:18,2313948,0.262,39.53,-84,AMAN
NODE_01,1784194158,2026-07-16 16:29:18,2833403,0.321,41.45,-69,AMAN
NODE_01,1784194218,2026-07-16 16:30:18,2263108,0.256,40.17,-66,AMAN
NODE_01,1784194278,2026-07-16 16:31:18,4727183,0.536,41.67,-60,AMAN
NODE_01,1784194338,2026-07-16 16:32:18,3418588,0.387,53.85,-73,AMAN
NODE_01,1784194398,2026-07-16 16:33:18,0,0.0,40.67,-67,AMAN
NODE_01,1784194458,2026-07-16 16:34:18,1965018,0.223,42.64,-49,AMAN
NODE_01,1784194518,2026-07-16 16:35:18,2623358,0.297,46.45,-80,AMAN
NODE_01,1784194578,2026-07-16 16:36:18,1616592,0.183,45.52,-85,AMAN
NODE_01,1784194638,2026-07-16 16:37:18,1875966,0.213,46.47,-58,AMAN
NODE_01,1784194698,2026-07-16 16:38:18,2952400,0.334,49.7,-47,AMAN
NODE_01,1784194758,2026-07-16 16:39:18,4995427,0.566,54.02,-49,AMAN
NODE_01,1784194818,2026-07-16 16:40:18,430786,0.049,39.17,-63,AMAN
NODE_01,1784194878,2026-07-16 16:41:18,3720578,0.422,48.08,-82,AMAN
NODE_01,1784194938,2026-07-16 16:42:18,4638636,0.526,49.62,-48,AMAN
NODE_01,1784194998,2026-07-16 16:43:18,1231836,0.14,48.52,-78,AMAN
NODE_01,1784195058,2026-07-16 16:44:18,3131116,0.355,46.01,-84,AMAN
NODE_01,1784195118,2026-07-16 16:45:18,2084916,0.236,42.88,-49,AMAN
NODE_01,1784195178,2026-07-16 16:46:18,2468431,0.28,54.92,-60,AMAN
NODE_01,1784195238,2026-07-16 16:47:18,4288058,0.486,47.36,-68,AMAN
NODE_01,1784195298,2026-07-16 16:48:18,4026042,0.456,53.98,-79,AMAN
NODE_01,1784195358,2026-07-16 16:49:18,4190877,0.475,52.72,-85,AMAN
NODE_01,1784195418,2026-07-16 16:50:18,4225374,0.479,47.51,-50,AMAN
NODE_01,1784195478,2026-07-16 16:51:18,3925297,0.445,41.73,-60,AMAN
NODE_01,1784195538,2026-07-16 16:52:18,2085635,0.236,53.85,-81,AMAN
NODE_01,1784195598,2026-07-16 16:53:18,5012082,0.568,43.59,-79,AMAN
NODE_01,1784195658,2026-07-16 16:54:18,399663,0.045,52.5,-75,AMAN
NODE_01,1784195718,2026-07-16 16:55:18,2515294,0.285,54.86,-61,AMAN
NODE_01,1784195778,2026-07-16 16:56:18,3183436,0.361,43.58,-79,AMAN
NODE_01,1784195838,2026-07-16 16:57:18,4633019,0.525,41.87,-48,AMAN
NODE_01,1784195898,2026-07-16 16:58:18,4029556,0.457,50.57,-56,AMAN
NODE_01,1784195958,2026-07-16 16:59:18,3121149,0.354,43.2,-49,AMAN
NODE_01,1784196018,2026-07-16 17:00:18,162512,0.018,53.33,-65,AMAN
NODE_01,1784196078,2026-07-16 17:01:18,3896572,0.441,40.99,-63,AMAN
NODE_01,1784196138,2026-07-16 17:02:18,1565025,0.177,42.99,-77,AMAN
NODE_01,1784196198,2026-07-16 17:03:18,4147027,0.47,42.09,-78,AMAN
NODE_01,1784196258,2026-07-16 17:04:18,2963229,0.336,52.44,-56,AMAN
NODE_01,1784196318,2026-07-16 17:05:18,3594620,0.407,54.16,-60,AMAN
NODE_01,1784196378,2026-07-16 17:06:18,1547196,0.175,45.39,-49,AMAN
NODE_01,1784196438,2026-07-16 17:07:18,3093411,0.35,48.74,-68,AMAN
NODE_01,1784196498,2026-07-16 17:08:18,962592,0.109,51.14,-82,AMAN
NODE_01,1784196558,2026-07-16 17:09:18,2389545,0.271,48.8,-45,AMAN
NODE_01,1784196618,2026-07-16 17:10:18,3714644,0.421,42.56,-60,AMAN
NODE_01,1784196678,2026-07-16 17:11:18,5096921,0.577,53.37,-58,AMAN
NODE_01,1784196738,2026-07-16 17:12:18,2599843,0.295,53.6,-66,AMAN
NODE_01,1784196798,2026-07-16 17:13:18,4316391,0.489,54.49,-52,AMAN
NODE_01,1784196858,2026-07-16 17:14:18,4175996,0.473,51.98,-79,AMAN
NODE_01,1784196918,2026-07-16 17:15:18,2532466,0.287,46.61,-49,AMAN
NODE_01,1784196978,2026-07-16 17:16:18,742361,0.084,47.19,-68,AMAN
NODE_01,1784197038,2026-07-16 17:17:18,2869150,0.325,47.27,-76,AMAN
NODE_01,1784197098,2026-07-16 17:18:18,285810,0.032,53.59,-48,AMAN
NODE_01,1784197158,2026-07-16 17:19:18,1181906,0.134,43.5,-64,AMAN
NODE_01,1784197218,2026-07-16 17:20:18,2084374,0.236,49.81,-82,AMAN
NODE_01,1784197278,2026-07-16 17:21:18,4316870,0.489,40.76,-68,AMAN
NODE_01,1784197338,2026-07-16 17:22:18,3580689,0.406,49.03,-54,AMAN
NODE_01,1784197398,2026-07-16 17:23:18,2288295,0.259,42.1,-73,AMAN
NODE_01,1784197458,2026-07-16 17:24:18,4183168,0.474,46.89,-82,AMAN
NODE_01,1784197518,2026-07-16 17:25:18,961383,0.109,45.33,-65,AMAN
NODE_01,1784197578,2026-07-16 17:26:18,3526826,0.4,45.5,-59,AMAN
NODE_01,1784197638,2026-07-16 17:27:18,2796656,0.317,48.27,-76,AMAN
NODE_01,1784197698,2026-07-16 17:28:18,3527373,0.4,42.54,-63,AMAN
NODE_01,1784197758,2026-07-16 17:29:18,1927790,0.218,54.29,-77,AMAN
NODE_01,1784197818,2026-07-16 17:30:18,5317480,0.602,41.45,-57,AMAN
NODE_01,1784197878,2026-07-16 17:31:18,3865364,0.438,44.68,-67,AMAN
NODE_01,1784197938,2026-07-16 17:32:18,3547195,0.402,53.56,-49,AMAN
NODE_01,1784197998,2026-07-16 17:33:18,246846,0.028,44.79,-81,AMAN
NODE_01,1784198058,2026-07-16 17:34:18,4556440,0.516,49.95,-62,AMAN
NODE_01,1784198118,2026-07-16 17:35:18,4326611,0.49,51.75,-65,AMAN
NODE_01,1784198178,2026-07-16 17:36:18,323222,0.037,50.01,-51,AMAN
NODE_01,1784198238,2026-07-16 17:37:18,1782039,0.202,54.34,-70,AMAN
NODE_01,1784198298,2026-07-16 17:38:18,4405892,0.499,47.04,-57,AMAN
NODE_01,1784198358,2026-07-16 17:39:18,4257311,0.482,41.4,-85,AMAN
NODE_01,1784198418,2026-07-16 17:40:18,2908516,0.33,53.82,-52,AMAN
NODE_01,1784198478,2026-07-16 17:41:18,4355904,0.494,48.2,-78,AMAN
NODE_01,1784198538,2026-07-16 17:42:18,3204827,0.363,47.44,-54,AMAN
NODE_01,1784198598,2026-07-16 17:43:18,2784011,0.315,42.96,-76,AMAN
NODE_01,1784198658,2026-07-16 17:44:18,1996556,0.226,51.19,-49,AMAN
NODE_01,1784198718,2026-07-16 17:45:18,3607435,0.409,48.12,-85,AMAN
NODE_01,1784198778,2026-07-16 17:46:18,1041467,0.118,51.05,-69,AMAN
NODE_01,1784198838,2026-07-16 17:47:18,2874042,0.326,50.56,-84,AMAN
NODE_01,1784198898,2026-07-16 17:48:18,3770877,0.427,50.59,-48,AMAN
NODE_01,1784198958,2026-07-16 17:49:18,4255586,0.482,40.44,-79,AMAN
NODE_01,1784199018,2026-07-16 17:50:18,620943,0.07,45.73,-66,AMAN
NODE_01,1784199078,2026-07-16 17:51:18,994353,0.113,49.53,-64,AMAN
NODE_01,1784199138,2026-07-16 17:52:18,5088595,0.577,53.78,-50,AMAN
NODE_01,1784199198,2026-07-16 17:53:18,1017965,0.115,49.37,-81,AMAN
NODE_01,1784199258,2026-07-16 17:54:18,4816236,0.546,51.74,-80,AMAN
NODE_01,1784199318,2026-07-16 17:55:18,4032759,0.457,52.05,-69,AMAN
NODE_01,1784199378,2026-07-16 17:56:18,0,0.0,52.31,-55,AMAN
NODE_01,1784199438,2026-07-16 17:57:18,4530792,0.513,53.71,-54,AMAN
NODE_01,1784199498,2026-07-16 17:58:18,489656,0.055,55.0,-85,AMAN
NODE_01,1784199558,2026-07-16 17:59:18,3489548,0.395,43.22,-80,AMAN
NODE_01,1784199618,2026-07-16 18:00:18,3718032,0.421,40.01,-75,AMAN
NODE_01,1784199678,2026-07-16 18:01:18,1603762,0.182,55.06,-59,AMAN
NODE_01,1784199738,2026-07-16 18:02:18,651593,0.074,49.81,-65,AMAN
NODE_01,1784199798,2026-07-16 18:03:18,4482384,0.508,46.0,-76,AMAN
NODE_01,1784199858,2026-07-16 18:04:18,1985089,0.225,53.02,-81,AMAN
NODE_01,1784199918,2026-07-16 18:05:18,710909,0.081,46.05,-72,AMAN
NODE_01,1784199978,2026-07-16 18:06:18,1583669,0.179,48.47,-69,AMAN
NODE_01,1784200038,2026-07-16 18:07:18,3041538,0.345,47.33,-49,AMAN
NODE_01,1784200098,2026-07-16 18:08:18,1774971,0.201,49.32,-53,AMAN
NODE_01,1784200158,2026-07-16 18:09:18,5322711,0.603,43.43,-85,AMAN
NODE_01,1784200218,2026-07-16 18:10:18,2403345,0.272,46.29,-50,AMAN
NODE_01,1784200278,2026-07-16 18:11:18,0,0.0,39.93,-65,AMAN
NODE_01,1784200338,2026-07-16 18:12:18,3863275,0.438,50.89,-51,AMAN
NODE_01,1784200398,2026-07-16 18:13:18,5167782,0.585,49.09,-74,AMAN
NODE_01,1784200458,2026-07-16 18:14:18,960361,0.109,55.76,-73,AMAN
NODE_01,1784200518,2026-07-16 18:15:18,1547530,0.175,48.15,-69,AMAN
NODE_01,1784200578,2026-07-16 18:16:18,1971742,0.223,44.41,-72,AMAN
NODE_01,1784200638,2026-07-16 18:17:18,3539035,0.401,53.93,-62,AMAN
NODE_01,1784200698,2026-07-16 18:18:18,456741,0.052,54.25,-83,AMAN
NODE_01,1784200758,2026-07-16 18:19:18,343315,0.039,48.75,-64,AMAN
NODE_01,1784200818,2026-07-16 18:20:18,1304006,0.148,52.55,-75,AMAN
NODE_01,1784200878,2026-07-16 18:21:18,81478,0.009,40.29,-47,AMAN
NODE_01,1784200938,2026-07-16 18:22:18,5049765,0.572,39.69,-45,AMAN
NODE_01,1784200998,2026-07-16 18:23:18,2072375,0.235,48.36,-63,AMAN
NODE_01,1784201058,2026-07-16 18:24:18,2004995,0.227,52.86,-48,AMAN
NODE_01,1784201118,2026-07-16 18:25:18,2640941,0.299,43.94,-45,AMAN
NODE_01,1784201178,2026-07-16 18:26:18,270594,0.031,53.26,-78,AMAN
NODE_01,1784201238,2026-07-16 18:27:18,1437974,0.163,40.74,-78,AMAN
NODE_01,1784201298,2026-07-16 18:28:18,1469095,0.166,55.43,-75,AMAN
NODE_01,1784201358,2026-07-16 18:29:18,2307853,0.261,52.89,-64,AMAN
NODE_01,1784201418,2026-07-16 18:30:18,4849369,0.549,54.63,-58,AMAN
NODE_01,1784201478,2026-07-16 18:31:18,1283154,0.145,40.65,-85,AMAN
NODE_01,1784201538,2026-07-16 18:32:18,4036684,0.457,53.97,-62,AMAN
NODE_01,1784201598,2026-07-16 18:33:18,0,0.0,54.16,-71,AMAN
NODE_01,1784201658,2026-07-16 18:34:18,3900463,0.442,42.86,-75,AMAN
NODE_01,1784201718,2026-07-16 18:35:18,1340663,0.152,42.43,-81,AMAN
NODE_01,1784201778,2026-07-16 18:36:18,2443922,0.277,44.16,-66,AMAN
NODE_01,1784201838,2026-07-16 18:37:18,3777878,0.428,45.79,-70,AMAN
NODE_01,1784201898,2026-07-16 18:38:18,4069118,0.461,53.01,-68,AMAN
NODE_01,1784201958,2026-07-16 18:39:18,1650916,0.187,53.76,-60,AMAN
NODE_01,1784202018,2026-07-16 18:40:18,3559488,0.403,49.83,-57,AMAN
NODE_01,1784202078,2026-07-16 18:41:18,4515880,0.512,54.15,-65,AMAN
NODE_01,1784202138,2026-07-16 18:42:18,3060234,0.347,49.1,-54,AMAN
NODE_01,1784202198,2026-07-16 18:43:18,1043050,0.118,41.98,-66,AMAN
NODE_01,1784202258,2026-07-16 18:44:18,2530310,0.287,44.61,-71,AMAN
NODE_01,1784202318,2026-07-16 18:45:18,1123463,0.127,50.94,-82,AMAN
NODE_01,1784202378,2026-07-16 18:46:18,3623395,0.411,47.58,-54,AMAN
NODE_01,1784202438,2026-07-16 18:47:18,2854310,0.323,52.52,-71,AMAN
NODE_01,1784202498,2026-07-16 18:48:18,1432386,0.162,45.98,-62,AMAN
NODE_01,1784202558,2026-07-16 18:49:18,2614567,0.296,41.75,-60,AMAN
NODE_01,1784202618,2026-07-16 18:50:18,2585774,0.293,45.56,-77,AMAN
NODE_01,1784202678,2026-07-16 18:51:18,2911405,0.33,48.26,-45,AMAN
NODE_01,1784202738,2026-07-16 18:52:18,3108429,0.352,41.42,-83,AMAN
NODE_01,1784202798,2026-07-16 18:53:18,2834979,0.321,52.19,-75,AMAN
NODE_01,1784202858,2026-07-16 18:54:18,1453697,0.165,50.9,-75,AMAN
NODE_01,1784202918,2026-07-16 18:55:18,1639986,0.186,50.8,-71,AMAN
NODE_01,1784202978,2026-07-16 18:56:18,4183609,0.474,42.9,-62,AMAN
NODE_01,1784203038,2026-07-16 18:57:18,4376176,0.496,52.0,-50,AMAN
NODE_01,1784203098,2026-07-16 18:58:18,3381475,0.383,47.65,-53,AMAN
NODE_01,1784203158,2026-07-16 18:59:18,2207823,0.25,54.17,-51,AMAN
NODE_01,1784203218,2026-07-16 19:00:18,1160513,0.131,41.47,-67,AMAN
NODE_01,1784203278,2026-07-16 19:01:18,4497517,0.51,40.99,-54,AMAN
NODE_01,1784203338,2026-07-16 19:02:18,3434318,0.389,53.96,-73,AMAN
NODE_01,1784203398,2026-07-16 19:03:18,2755439,0.312,45.95,-77,AMAN
NODE_01,1784203458,2026-07-16 19:04:18,3725635,0.422,41.63,-69,AMAN
NODE_01,1784203518,2026-07-16 19:05:18,2665160,0.302,51.77,-80,AMAN
NODE_01,1784203578,2026-07-16 19:06:18,2483676,0.281,42.58,-48,AMAN
NODE_01,1784203638,2026-07-16 19:07:18,3984009,0.451,48.52,-61,AMAN
NODE_01,1784203698,2026-07-16 19:08:18,1239241,0.14,54.37,-81,AMAN
NODE_01,1784203758,2026-07-16 19:09:18,2372289,0.269,39.67,-73,AMAN
NODE_01,1784203818,2026-07-16 19:10:18,3946852,0.447,43.49,-79,AMAN
NODE_01,1784203878,2026-07-16 19:11:18,1394114,0.158,48.88,-84,AMAN
NODE_01,1784203938,2026-07-16 19:12:18,1496435,0.17,41.71,-53,AMAN
NODE_01,1784203998,2026-07-16 19:13:18,3964199,0.449,40.86,-81,AMAN
NODE_01,1784204058,2026-07-16 19:14:18,1553351,0.176,50.41,-61,AMAN
NODE_01,1784204118,2026-07-16 19:15:18,3424255,0.388,53.28,-57,AMAN
NODE_01,1784204178,2026-07-16 19:16:18,21055,0.002,50.19,-76,AMAN
NODE_01,1784204238,2026-07-16 19:17:18,574684,0.065,49.24,-71,AMAN
NODE_01,1784204298,2026-07-16 19:18:18,1958267,0.222,48.18,-75,AMAN
NODE_01,1784204358,2026-07-16 19:19:18,0,0.0,44.63,-59,AMAN
NODE_01,1784204418,2026-07-16 19:20:18,861799,0.098,50.77,-49,AMAN
NODE_01,1784204478,2026-07-16 19:21:18,4242192,0.481,44.1,-68,AMAN
NODE_01,1784204538,2026-07-16 19:22:18,3569969,0.404,43.35,-81,AMAN
NODE_01,1784204598,2026-07-16 19:23:18,2013030,0.228,48.8,-59,AMAN
NODE_01,1784204658,2026-07-16 19:24:18,5040092,0.571,43.05,-67,AMAN
NODE_01,1784204718,2026-07-16 19:25:18,4774697,0.541,53.27,-85,AMAN
NODE_01,1784204778,2026-07-16 19:26:18,3030232,0.343,49.81,-55,AMAN
NODE_01,1784204838,2026-07-16 19:27:18,2997786,0.34,49.65,-77,AMAN
NODE_01,1784204898,2026-07-16 19:28:18,200947,0.023,53.01,-73,AMAN
NODE_01,1784204958,2026-07-16 19:29:18,2928945,0.332,47.49,-73,AMAN
NODE_01,1784205018,2026-07-16 19:30:18,0,0.0,40.79,-46,AMAN
NODE_01,1784205078,2026-07-16 19:31:18,1216504,0.138,46.58,-54,AMAN
NODE_01,1784205138,2026-07-16 19:32:18,440005,0.05,42.67,-56,AMAN
NODE_01,1784205198,2026-07-16 19:33:18,2827821,0.32,53.96,-56,AMAN
NODE_01,1784205258,2026-07-16 19:34:18,3229934,0.366,49.52,-63,AMAN
NODE_01,1784205318,2026-07-16 19:35:18,2120967,0.24,45.78,-78,AMAN
NODE_01,1784205378,2026-07-16 19:36:18,1658657,0.188,53.61,-73,AMAN
NODE_01,1784205438,2026-07-16 19:37:18,4632844,0.525,42.54,-51,AMAN
NODE_01,1784205498,2026-07-16 19:38:18,2443036,0.277,49.72,-81,AMAN
NODE_01,1784205558,2026-07-16 19:39:18,713213,0.081,39.5,-74,AMAN
NODE_01,1784205618,2026-07-16 19:40:18,2762101,0.313,47.53,-73,AMAN
NODE_01,1784205678,2026-07-16 19:41:18,3856517,0.437,46.73,-51,AMAN
NODE_01,1784205738,2026-07-16 19:42:18,1162686,0.132,52.55,-72,AMAN
NODE_01,1784205798,2026-07-16 19:43:18,2814854,0.319,50.34,-78,AMAN
NODE_01,1784205858,2026-07-16 19:44:18,2327249,0.264,42.23,-56,AMAN
NODE_01,1784205918,2026-07-16 19:45:18,2986687,0.338,42.53,-68,AMAN
NODE_01,1784205978,2026-07-16 19:46:18,2036740,0.231,48.69,-60,AMAN
NODE_01,1784206038,2026-07-16 19:47:18,4908775,0.556,47.69,-74,AMAN
NODE_01,1784206098,2026-07-16 19:48:18,978690,0.111,42.46,-71,AMAN
NODE_01,1784206158,2026-07-16 19:49:18,1610821,0.183,43.28,-67,AMAN
NODE_01,1784206218,2026-07-16 19:50:18,4488495,0.509,47.45,-55,AMAN
NODE_01,1784206278,2026-07-16 19:51:18,0,0.0,54.15,-49,AMAN
NODE_01,1784206338,2026-07-16 19:52:18,3088224,0.35,53.56,-58,AMAN
NODE_01,1784206398,2026-07-16 19:53:18,0,0.0,48.8,-46,AMAN
NODE_01,1784206458,2026-07-16 19:54:18,785698,0.089,49.69,-54,AMAN
NODE_01,1784206518,2026-07-16 19:55:18,2055945,0.233,46.13,-81,AMAN
NODE_01,1784206578,2026-07-16 19:56:18,945994,0.107,54.4,-75,AMAN
NODE_01,1784206638,2026-07-16 19:57:18,0,0.0,52.87,-76,AMAN
NODE_01,1784206698,2026-07-16 19:58:18,1537650,0.174,48.48,-55,AMAN
NODE_01,1784206758,2026-07-16 19:59:18,4344816,0.492,47.24,-51,AMAN
NODE_01,1784206818,2026-07-16 20:00:18,4483959,0.508,43.77,-45,AMAN
NODE_01,1784206878,2026-07-16 20:01:18,1132574,0.128,52.3,-66,AMAN
NODE_01,1784206938,2026-07-16 20:02:18,0,0.0,47.74,-60,AMAN
NODE_01,1784206998,2026-07-16 20:03:18,2549622,0.289,45.73,-79,AMAN
NODE_01,1784207058,2026-07-16 20:04:18,4962683,0.562,54.61,-56,AMAN
NODE_01,1784207118,2026-07-16 20:05:18,1968271,0.223,39.77,-73,AMAN
NODE_01,1784207178,2026-07-16 20:06:18,4163414,0.472,51.72,-50,AMAN
NODE_01,1784207238,2026-07-16 20:07:18,2682807,0.304,47.41,-76,AMAN
NODE_01,1784207298,2026-07-16 20:08:18,2621938,0.297,53.02,-76,AMAN
NODE_01,1784207358,2026-07-16 20:09:18,2691117,0.305,44.76,-68,AMAN
NODE_01,1784207418,2026-07-16 20:10:18,5725793,0.649,53.4,-46,AMAN
NODE_01,1784207478,2026-07-16 20:11:18,1437989,0.163,52.34,-46,AMAN
NODE_01,1784207538,2026-07-16 20:12:18,3178480,0.36,49.88,-61,AMAN
NODE_01,1784207598,2026-07-16 20:13:18,4445499,0.504,45.3,-70,AMAN
NODE_01,1784207658,2026-07-16 20:14:18,1885488,0.214,43.56,-57,AMAN
NODE_01,1784207718,2026-07-16 20:15:18,4555772,0.516,44.8,-74,AMAN
NODE_01,1784207778,2026-07-16 20:16:18,5637367,0.639,53.17,-52,AMAN
NODE_01,1784207838,2026-07-16 20:17:18,2343452,0.266,44.08,-45,AMAN
NODE_01,1784207898,2026-07-16 20:18:18,2614088,0.296,42.95,-74,AMAN
NODE_01,1784207958,2026-07-16 20:19:18,3541094,0.401,48.75,-66,AMAN
NODE_01,1784208018,2026-07-16 20:20:18,1624957,0.184,51.28,-45,AMAN
NODE_01,1784208078,2026-07-16 20:21:18,4983954,0.565,39.11,-52,AMAN
NODE_01,1784208138,2026-07-16 20:22:18,1281586,0.145,49.75,-47,AMAN
NODE_01,1784208198,2026-07-16 20:23:18,3599330,0.408,42.2,-81,AMAN
NODE_01,1784208258,2026-07-16 20:24:18,2485063,0.282,49.63,-64,AMAN
NODE_01,1784208318,2026-07-16 20:25:18,2732328,0.31,47.42,-85,AMAN
NODE_01,1784208378,2026-07-16 20:26:18,4707480,0.533,41.46,-60,AMAN
NODE_01,1784208438,2026-07-16 20:27:18,3499133,0.396,45.79,-54,AMAN
NODE_01,1784208498,2026-07-16 20:28:18,4294327,0.487,51.18,-55,AMAN
NODE_01,1784208558,2026-07-16 20:29:18,3619682,0.41,43.6,-50,AMAN
NODE_01,1784208618,2026-07-16 20:30:18,3213800,0.364,47.6,-77,AMAN
NODE_01,1784208678,2026-07-16 20:31:18,1871235,0.212,50.41,-68,AMAN
NODE_01,1784208738,2026-07-16 20:32:18,4926257,0.558,45.58,-68,AMAN
NODE_01,1784208798,2026-07-16 20:33:18,2379934,0.27,41.59,-57,AMAN
NODE_01,1784208858,2026-07-16 20:34:18,1042414,0.118,44.96,-69,AMAN
NODE_01,1784208918,2026-07-16 20:35:18,3552861,0.403,44.11,-69,AMAN
NODE_01,1784208978,2026-07-16 20:36:18,4859504,0.551,45.23,-85,AMAN
NODE_01,1784209038,2026-07-16 20:37:18,4612808,0.523,54.89,-65,AMAN
NODE_01,1784209098,2026-07-16 20:38:18,799893,0.091,40.58,-51,AMAN
NODE_01,1784209158,2026-07-16 20:39:18,1785944,0.202,52.21,-64,AMAN
NODE_01,1784209218,2026-07-16 20:40:18,4262588,0.483,46.33,-67,AMAN
NODE_01,1784209278,2026-07-16 20:41:18,5267412,0.597,46.72,-56,AMAN
NODE_01,1784209338,2026-07-16 20:42:18,2867458,0.325,44.35,-84,AMAN
NODE_01,1784209398,2026-07-16 20:43:18,1453378,0.165,50.74,-56,AMAN
NODE_01,1784209458,2026-07-16 20:44:18,3541478,0.401,49.74,-58,AMAN
NODE_01,1784209518,2026-07-16 20:45:18,0,0.0,54.22,-83,AMAN
NODE_01,1784209578,2026-07-16 20:46:18,2514084,0.285,51.55,-50,AMAN
NODE_01,1784209638,2026-07-16 20:47:18,5424539,0.615,43.01,-56,AMAN
NODE_01,1784209698,2026-07-16 20:48:18,2297897,0.26,54.59,-48,AMAN
NODE_01,1784209758,2026-07-16 20:49:18,0,0.0,52.6,-48,AMAN
NODE_01,1784209818,2026-07-16 20:50:18,2513709,0.285,43.42,-69,AMAN
NODE_01,1784209878,2026-07-16 20:51:18,1370491,0.155,42.83,-47,AMAN
NODE_01,1784209938,2026-07-16 20:52:18,2973695,0.337,53.0,-58,AMAN
NODE_01,1784209998,2026-07-16 20:53:18,2749037,0.311,45.2,-68,AMAN
NODE_01,1784210058,2026-07-16 20:54:18,1861679,0.211,41.42,-78,AMAN
NODE_01,1784210118,2026-07-16 20:55:18,1943619,0.22,52.35,-83,AMAN
NODE_01,1784210178,2026-07-16 20:56:18,2797246,0.317,50.53,-79,AMAN
NODE_01,1784210238,2026-07-16 20:57:18,2657826,0.301,53.17,-50,AMAN
NODE_01,1784210298,2026-07-16 20:58:18,1712183,0.194,43.7,-73,AMAN
NODE_01,1784210358,2026-07-16 20:59:18,2646219,0.3,40.93,-76,AMAN
NODE_01,1784210418,2026-07-16 21:00:18,4550161,0.516,40.6,-56,AMAN
NODE_01,1784210478,2026-07-16 21:01:18,1729013,0.196,49.11,-72,AMAN
NODE_01,1784210538,2026-07-16 21:02:18,1242334,0.141,41.79,-63,AMAN
NODE_01,1784210598,2026-07-16 21:03:18,673828,0.076,39.92,-68,AMAN
NODE_01,1784210658,2026-07-16 21:04:18,1652406,0.187,54.72,-58,AMAN
NODE_01,1784210718,2026-07-16 21:05:18,2685584,0.304,49.16,-82,AMAN
NODE_01,1784210778,2026-07-16 21:06:18,3061859,0.347,50.97,-70,AMAN
NODE_01,1784210838,2026-07-16 21:07:18,3557912,0.403,53.49,-55,AMAN
NODE_01,1784210898,2026-07-16 21:08:18,2663872,0.302,40.84,-82,AMAN
NODE_01,1784210958,2026-07-16 21:09:18,0,0.0,51.01,-78,AMAN
NODE_01,1784211018,2026-07-16 21:10:18,915623,0.104,51.85,-48,AMAN
NODE_01,1784211078,2026-07-16 21:11:18,1829704,0.207,47.47,-81,AMAN
NODE_01,1784211138,2026-07-16 21:12:18,2756940,0.312,43.43,-79,AMAN
NODE_01,1784211198,2026-07-16 21:13:18,2659933,0.301,52.48,-81,AMAN
NODE_01,1784211258,2026-07-16 21:14:18,1273251,0.144,52.31,-68,AMAN
NODE_01,1784211318,2026-07-16 21:15:18,1765713,0.2,47.05,-69,AMAN
NODE_01,1784211378,2026-07-16 21:16:18,5068851,0.574,47.37,-85,AMAN
NODE_01,1784211438,2026-07-16 21:17:18,3268447,0.37,40.58,-85,AMAN
NODE_01,1784211498,2026-07-16 21:18:18,229061,0.026,49.44,-56,AMAN
NODE_01,1784211558,2026-07-16 21:19:18,4114452,0.466,50.07,-75,AMAN
NODE_01,1784211618,2026-07-16 21:20:18,2728388,0.309,54.37,-84,AMAN
NODE_01,1784211678,2026-07-16 21:21:18,1136380,0.129,45.99,-85,AMAN
NODE_01,1784211738,2026-07-16 21:22:18,1646189,0.187,44.56,-63,AMAN
NODE_01,1784211798,2026-07-16 21:23:18,5504135,0.624,50.35,-56,AMAN
NODE_01,1784211858,2026-07-16 21:24:18,5555617,0.629,53.9,-52,AMAN
NODE_01,1784211918,2026-07-16 21:25:18,168208,0.019,54.0,-64,AMAN
NODE_01,1784211978,2026-07-16 21:26:18,2508863,0.284,48.35,-74,AMAN
NODE_01,1784212038,2026-07-16 21:27:18,1427349,0.162,41.6,-72,AMAN
NODE_01,1784212098,2026-07-16 21:28:18,1886493,0.214,42.1,-72,AMAN
NODE_01,1784212158,2026-07-16 21:29:18,1825066,0.207,52.95,-49,AMAN
NODE_01,1784212218,2026-07-16 21:30:18,3627854,0.411,49.79,-67,AMAN
NODE_01,1784212278,2026-07-16 21:31:18,79650,0.009,48.28,-81,AMAN
NODE_01,1784212338,2026-07-16 21:32:18,2317530,0.263,52.14,-48,AMAN
NODE_01,1784212398,2026-07-16 21:33:18,5604090,0.635,50.92,-77,AMAN
NODE_01,1784212458,2026-07-16 21:34:18,1508924,0.171,44.3,-81,AMAN
NODE_01,1784212518,2026-07-16 21:35:18,1573629,0.178,50.63,-51,AMAN
NODE_01,1784212578,2026-07-16 21:36:18,2018186,0.229,49.16,-47,AMAN
NODE_01,1784212638,2026-07-16 21:37:18,2368699,0.268,42.8,-46,AMAN
NODE_01,1784212698,2026-07-16 21:38:18,544893,0.062,54.26,-83,AMAN
NODE_01,1784212758,2026-07-16 21:39:18,3191108,0.362,46.69,-49,AMAN
NODE_01,1784212818,2026-07-16 21:40:18,2870614,0.325,53.63,-69,AMAN
NODE_01,1784212878,2026-07-16 21:41:18,4383630,0.497,54.47,-45,AMAN
NODE_01,1784212938,2026-07-16 21:42:18,568184,0.064,41.83,-81,AMAN
NODE_01,1784212998,2026-07-16 21:43:18,4076535,0.462,53.86,-78,AMAN
NODE_01,1784213058,2026-07-16 21:44:18,2550590,0.289,49.21,-58,AMAN
NODE_01,1784213118,2026-07-16 21:45:18,3059874,0.347,50.8,-54,AMAN
NODE_01,1784213178,2026-07-16 21:46:18,3151880,0.357,42.43,-80,AMAN
NODE_01,1784213238,2026-07-16 21:47:18,1751698,0.198,44.74,-56,AMAN
NODE_01,1784213298,2026-07-16 21:48:18,2379332,0.27,47.24,-84,AMAN
NODE_01,1784213358,2026-07-16 21:49:18,4216769,0.478,52.47,-49,AMAN
NODE_01,1784213418,2026-07-16 21:50:18,3441844,0.39,44.87,-45,AMAN
NODE_01,1784213478,2026-07-16 21:51:18,4191349,0.475,49.93,-59,AMAN
NODE_01,1784213538,2026-07-16 21:52:18,2710366,0.307,43.17,-52,AMAN
NODE_01,1784213598,2026-07-16 21:53:18,2777731,0.315,42.31,-63,AMAN
NODE_01,1784213658,2026-07-16 21:54:18,2415721,0.274,45.14,-52,AMAN
NODE_01,1784213718,2026-07-16 21:55:18,3148538,0.357,51.71,-80,AMAN
NODE_01,1784213778,2026-07-16 21:56:18,2406225,0.273,50.63,-47,AMAN
NODE_01,1784213838,2026-07-16 21:57:18,3192110,0.362,43.44,-57,AMAN
NODE_01,1784213898,2026-07-16 21:58:18,804349,0.091,54.58,-59,AMAN
NODE_01,1784213958,2026-07-16 21:59:18,4039452,0.458,48.15,-77,AMAN
NODE_01,1784214018,2026-07-16 22:00:18,5014223,0.568,53.81,-61,AMAN
NODE_01,1784214078,2026-07-16 22:01:18,2676051,0.303,43.54,-76,AMAN
NODE_01,1784214138,2026-07-16 22:02:18,2803258,0.318,49.98,-46,AMAN
NODE_01,1784214198,2026-07-16 22:03:18,2509358,0.284,53.91,-52,AMAN
NODE_01,1784214258,2026-07-16 22:04:18,2908974,0.33,54.46,-45,AMAN
NODE_01,1784214318,2026-07-16 22:05:18,3922911,0.444,49.85,-60,AMAN
NODE_01,1784214378,2026-07-16 22:06:18,1438820,0.163,54.94,-70,AMAN
NODE_01,1784214438,2026-07-16 22:07:18,0,0.0,50.67,-65,AMAN
NODE_01,1784214498,2026-07-16 22:08:18,1345223,0.152,41.54,-80,AMAN
NODE_01,1784214558,2026-07-16 22:09:18,835640,0.095,53.8,-79,AMAN
NODE_01,1784214618,2026-07-16 22:10:18,3271363,0.371,54.2,-76,AMAN
NODE_01,1784214678,2026-07-16 22:11:18,4790163,0.543,44.99,-58,AMAN
NODE_01,1784214738,2026-07-16 22:12:18,2879843,0.326,47.93,-72,AMAN
NODE_01,1784214798,2026-07-16 22:13:18,1465660,0.166,53.15,-84,AMAN
NODE_01,1784214858,2026-07-16 22:14:18,3888589,0.441,46.1,-67,AMAN
NODE_01,1784214918,2026-07-16 22:15:18,5196213,0.589,44.8,-76,AMAN
NODE_01,1784214978,2026-07-16 22:16:18,2489159,0.282,46.44,-58,AMAN
NODE_01,1784215038,2026-07-16 22:17:18,4229923,0.479,53.41,-55,AMAN
NODE_01,1784215098,2026-07-16 22:18:18,2439042,0.276,53.2,-66,AMAN
NODE_01,1784215158,2026-07-16 22:19:18,428895,0.049,52.92,-72,AMAN
NODE_01,1784215218,2026-07-16 22:20:18,0,0.0,50.04,-75,AMAN
NODE_01,1784215278,2026-07-16 22:21:18,1267698,0.144,43.52,-48,AMAN
NODE_01,1784215338,2026-07-16 22:22:18,2196782,0.249,51.87,-83,AMAN
NODE_01,1784215398,2026-07-16 22:23:18,708843,0.08,46.49,-79,AMAN
NODE_01,1784215458,2026-07-16 22:24:18,0,0.0,49.24,-62,AMAN
NODE_01,1784215518,2026-07-16 22:25:18,4780910,0.542,48.38,-83,AMAN
NODE_01,1784215578,2026-07-16 22:26:18,1124903,0.127,44.88,-63,AMAN
NODE_01,1784215638,2026-07-16 22:27:18,2640526,0.299,48.86,-63,AMAN
NODE_01,1784215698,2026-07-16 22:28:18,3302445,0.374,54.47,-68,AMAN
NODE_01,1784215758,2026-07-16 22:29:18,1043154,0.118,50.0,-51,AMAN
NODE_01,1784215818,2026-07-16 22:30:18,2078380,0.235,47.2,-56,AMAN
NODE_01,1784215878,2026-07-16 22:31:18,622847,0.071,51.62,-52,AMAN
NODE_01,1784215938,2026-07-16 22:32:18,3512167,0.398,53.75,-68,AMAN
NODE_01,1784215998,2026-07-16 22:33:18,1373149,0.156,42.74,-62,AMAN
NODE_01,1784216058,2026-07-16 22:34:18,2947533,0.334,44.84,-55,AMAN
NODE_01,1784216118,2026-07-16 22:35:18,3453920,0.391,52.04,-76,AMAN
NODE_01,1784216178,2026-07-16 22:36:18,4614041,0.523,53.29,-50,AMAN
NODE_01,1784216238,2026-07-16 22:37:18,892722,0.101,52.6,-79,AMAN
NODE_01,1784216298,2026-07-16 22:38:18,4662423,0.528,48.3,-52,AMAN
NODE_01,1784216358,2026-07-16 22:39:18,2431121,0.275,41.55,-74,AMAN
NODE_01,1784216418,2026-07-16 22:40:18,4061161,0.46,42.01,-83,AMAN
NODE_01,1784216478,2026-07-16 22:41:18,4285931,0.486,47.53,-70,AMAN
NODE_01,1784216538,2026-07-16 22:42:18,2912524,0.33,48.04,-65,AMAN
NODE_01,1784216598,2026-07-16 22:43:18,661467,0.075,39.86,-45,AMAN
NODE_01,1784216658,2026-07-16 22:44:18,2732607,0.31,42.66,-59,AMAN
NODE_01,1784216718,2026-07-16 22:45:18,1927285,0.218,44.98,-49,AMAN
NODE_01,1784216778,2026-07-16 22:46:18,3188888,0.361,53.14,-79,AMAN
NODE_01,1784216838,2026-07-16 22:47:18,2171253,0.246,42.68,-74,AMAN
NODE_01,1784216898,2026-07-16 22:48:18,1629462,0.185,53.9,-46,AMAN
NODE_01,1784216958,2026-07-16 22:49:18,4161739,0.472,41.6,-47,AMAN
NODE_01,1784217018,2026-07-16 22:50:18,1006447,0.114,49.54,-79,AMAN
NODE_01,1784217078,2026-07-16 22:51:18,3080250,0.349,41.79,-63,AMAN
NODE_01,1784217138,2026-07-16 22:52:18,2503446,0.284,44.82,-77,AMAN
NODE_01,1784217198,2026-07-16 22:53:18,2111371,0.239,39.95,-70,AMAN
NODE_01,1784217258,2026-07-16 22:54:18,0,0.0,53.02,-53,AMAN
NODE_01,1784217318,2026-07-16 22:55:18,1856796,0.21,54.44,-56,AMAN
NODE_01,1784217378,2026-07-16 22:56:18,735071,0.083,48.69,-54,AMAN
NODE_01,1784217438,2026-07-16 22:57:18,518398,0.059,44.78,-60,AMAN
NODE_01,1784217498,2026-07-16 22:58:18,4222502,0.478,44.0,-79,AMAN
NODE_01,1784217558,2026-07-16 22:59:18,1561054,0.177,43.86,-85,AMAN
NODE_01,1784217618,2026-07-16 23:00:18,3951629,0.448,41.35,-51,AMAN
NODE_01,1784217678,2026-07-16 23:01:18,2206438,0.25,45.49,-67,AMAN
NODE_01,1784217738,2026-07-16 23:02:18,1695103,0.192,51.6,-73,AMAN
NODE_01,1784217798,2026-07-16 23:03:18,1367090,0.155,44.04,-56,AMAN
NODE_01,1784217858,2026-07-16 23:04:18,3483656,0.395,51.0,-62,AMAN
NODE_01,1784217918,2026-07-16 23:05:18,5657040,0.641,52.87,-51,AMAN
NODE_01,1784217978,2026-07-16 23:06:18,40061,0.005,44.37,-84,AMAN
NODE_01,1784218038,2026-07-16 23:07:18,1736281,0.197,53.82,-50,AMAN
NODE_01,1784218098,2026-07-16 23:08:18,1325341,0.15,45.18,-79,AMAN
NODE_01,1784218158,2026-07-16 23:09:18,1752507,0.199,44.11,-72,AMAN
NODE_01,1784218218,2026-07-16 23:10:18,2966112,0.336,50.5,-70,AMAN
NODE_01,1784218278,2026-07-16 23:11:18,5858124,0.664,43.7,-45,AMAN
NODE_01,1784218338,2026-07-16 23:12:18,2690166,0.305,51.55,-66,AMAN
NODE_01,1784218398,2026-07-16 23:13:18,1599860,0.181,52.18,-68,AMAN
NODE_01,1784218458,2026-07-16 23:14:18,938576,0.106,52.78,-58,AMAN
NODE_01,1784218518,2026-07-16 23:15:18,5000114,0.566,52.02,-77,AMAN
NODE_01,1784218578,2026-07-16 23:16:18,3643088,0.413,53.79,-67,AMAN
NODE_01,1784218638,2026-07-16 23:17:18,2685832,0.304,44.1,-83,AMAN
NODE_01,1784218698,2026-07-16 23:18:18,2052757,0.233,43.26,-47,AMAN
NODE_01,1784218758,2026-07-16 23:19:18,3611192,0.409,42.19,-85,AMAN
NODE_01,1784218818,2026-07-16 23:20:18,2832977,0.321,52.37,-57,AMAN
NODE_01,1784218878,2026-07-16 23:21:18,2658166,0.301,41.88,-57,AMAN
NODE_01,1784218938,2026-07-16 23:22:18,910358,0.103,52.19,-54,AMAN
NODE_01,1784218998,2026-07-16 23:23:18,4643766,0.526,46.64,-85,AMAN
NODE_01,1784219058,2026-07-16 23:24:18,3185366,0.361,50.81,-65,AMAN
NODE_01,1784219118,2026-07-16 23:25:18,4057967,0.46,48.11,-60,AMAN
NODE_01,1784219178,2026-07-16 23:26:18,4690803,0.531,39.92,-51,AMAN
NODE_01,1784219238,2026-07-16 23:27:18,1530331,0.173,51.12,-56,AMAN
NODE_01,1784219298,2026-07-16 23:28:18,158054,0.018,41.79,-84,AMAN
NODE_01,1784219358,2026-07-16 23:29:18,4436442,0.503,42.2,-79,AMAN
NODE_01,1784219418,2026-07-16 23:30:18,1442751,0.163,47.74,-75,AMAN
NODE_01,1784219478,2026-07-16 23:31:18,4973450,0.563,49.9,-80,AMAN
NODE_01,1784219538,2026-07-16 23:32:18,4041300,0.458,42.36,-83,AMAN
NODE_01,1784219598,2026-07-16 23:33:18,0,0.0,43.68,-56,AMAN
NODE_01,1784219658,2026-07-16 23:34:18,3176656,0.36,49.2,-73,AMAN
NODE_01,1784219718,2026-07-16 23:35:18,2691138,0.305,49.42,-60,AMAN
NODE_01,1784219778,2026-07-16 23:36:18,3123425,0.354,54.3,-76,AMAN
NODE_01,1784219838,2026-07-16 23:37:18,4396821,0.498,51.76,-45,AMAN
NODE_01,1784219898,2026-07-16 23:38:18,2325452,0.263,51.43,-64,AMAN
NODE_01,1784219958,2026-07-16 23:39:18,1908443,0.216,52.15,-52,AMAN
NODE_01,1784220018,2026-07-16 23:40:18,2725388,0.309,46.35,-85,AMAN
NODE_01,1784220078,2026-07-16 23:41:18,0,0.0,39.35,-69,AMAN
NODE_01,1784220138,2026-07-16 23:42:18,5098870,0.578,44.24,-74,AMAN
NODE_01,1784220198,2026-07-16 23:43:18,1383974,0.157,48.41,-46,AMAN
NODE_01,1784220258,2026-07-16 23:44:18,791507,0.09,53.05,-61,AMAN
NODE_01,1784220318,2026-07-16 23:45:18,3086427,0.35,40.43,-82,AMAN
NODE_01,1784220378,2026-07-16 23:46:18,2744624,0.311,52.06,-72,AMAN
NODE_01,1784220438,2026-07-16 23:47:18,2512583,0.285,54.68,-74,AMAN
NODE_01,1784220498,2026-07-16 23:48:18,1134338,0.129,53.81,-73,AMAN
NODE_01,1784220558,2026-07-16 23:49:18,2047620,0.232,42.05,-49,AMAN
NODE_01,1784220618,2026-07-16 23:50:18,1499072,0.17,53.01,-61,AMAN
NODE_01,1784220678,2026-07-16 23:51:18,2117136,0.24,43.91,-51,AMAN
NODE_01,1784220738,2026-07-16 23:52:18,3711977,0.421,47.77,-45,AMAN
NODE_01,1784220798,2026-07-16 23:53:18,0,0.0,41.85,-72,AMAN
NODE_01,1784220858,2026-07-16 23:54:18,5331085,0.604,42.09,-66,AMAN
NODE_01,1784220918,2026-07-16 23:55:18,2558558,0.29,50.62,-65,AMAN
NODE_01,1784220978,2026-07-16 23:56:18,0,0.0,47.45,-76,AMAN
NODE_01,1784221038,2026-07-16 23:57:18,2481257,0.281,42.02,-84,AMAN
NODE_01,1784221098,2026-07-16 23:58:18,3871016,0.439,54.75,-64,AMAN
NODE_01,1784221158,2026-07-16 23:59:18,2617492,0.297,55.63,-54,AMAN
NODE_01,1784221218,2026-07-17 00:00:18,4314051,0.489,42.66,-55,AMAN
NODE_01,1784221278,2026-07-17 00:01:18,2724003,0.309,49.93,-80,AMAN
NODE_01,1784221338,2026-07-17 00:02:18,1983335,0.225,49.9,-57,AMAN
NODE_01,1784221398,2026-07-17 00:03:18,1874999,0.212,48.51,-45,AMAN
NODE_01,1784221458,2026-07-17 00:04:18,705903,0.08,44.49,-52,AMAN
NODE_01,1784221518,2026-07-17 00:05:18,4381324,0.496,50.17,-47,AMAN
NODE_01,1784221578,2026-07-17 00:06:18,4145813,0.47,45.72,-45,AMAN
NODE_01,1784221638,2026-07-17 00:07:18,4871484,0.552,54.12,-68,AMAN
NODE_01,1784221698,2026-07-17 00:08:18,1980870,0.224,54.71,-83,AMAN
NODE_01,1784221758,2026-07-17 00:09:18,2539804,0.288,45.36,-83,AMAN
NODE_01,1784221818,2026-07-17 00:10:18,2166593,0.245,43.46,-66,AMAN
NODE_01,1784221878,2026-07-17 00:11:18,2327429,0.264,51.38,-77,AMAN
NODE_01,1784221938,2026-07-17 00:12:18,2020528,0.229,44.29,-58,AMAN
NODE_01,1784221998,2026-07-17 00:13:18,2900647,0.329,48.29,-48,AMAN
NODE_01,1784222058,2026-07-17 00:14:18,5893330,0.668,41.8,-48,AMAN
NODE_01,1784222118,2026-07-17 00:15:18,574801,0.065,40.56,-46,AMAN
NODE_01,1784222178,2026-07-17 00:16:18,3463612,0.392,52.07,-64,AMAN
NODE_01,1784222238,2026-07-17 00:17:18,2709496,0.307,52.43,-51,AMAN
NODE_01,1784222298,2026-07-17 00:18:18,3760197,0.426,43.2,-73,AMAN
NODE_01,1784222358,2026-07-17 00:19:18,887376,0.101,50.51,-78,AMAN
NODE_01,1784222418,2026-07-17 00:20:18,3514693,0.398,51.74,-56,AMAN
NODE_01,1784222478,2026-07-17 00:21:18,1224224,0.139,41.94,-79,AMAN
NODE_01,1784222538,2026-07-17 00:22:18,3820946,0.433,53.57,-73,AMAN
NODE_01,1784222598,2026-07-17 00:23:18,3475265,0.394,53.1,-82,AMAN
NODE_01,1784222658,2026-07-17 00:24:18,3530363,0.4,47.11,-63,AMAN
NODE_01,1784222718,2026-07-17 00:25:18,2925674,0.331,48.86,-83,AMAN
NODE_01,1784222778,2026-07-17 00:26:18,3327265,0.377,53.47,-74,AMAN
NODE_01,1784222838,2026-07-17 00:27:18,1121236,0.127,50.74,-57,AMAN
NODE_01,1784222898,2026-07-17 00:28:18,4285268,0.486,53.6,-67,AMAN
NODE_01,1784222958,2026-07-17 00:29:18,2938434,0.333,47.95,-48,AMAN
NODE_01,1784223018,2026-07-17 00:30:18,3067569,0.348,47.05,-82,AMAN
NODE_01,1784223078,2026-07-17 00:31:18,5671070,0.643,54.53,-58,AMAN
NODE_01,1784223138,2026-07-17 00:32:18,3001516,0.34,50.67,-64,AMAN
NODE_01,1784223198,2026-07-17 00:33:18,5291087,0.599,53.14,-62,AMAN
NODE_01,1784223258,2026-07-17 00:34:18,3102564,0.352,50.84,-45,AMAN
NODE_01,1784223318,2026-07-17 00:35:18,2598860,0.294,52.82,-85,AMAN
NODE_01,1784223378,2026-07-17 00:36:18,2172829,0.246,42.81,-72,AMAN
NODE_01,1784223438,2026-07-17 00:37:18,56032,0.006,50.73,-55,AMAN
NODE_01,1784223498,2026-07-17 00:38:18,3169122,0.359,46.22,-65,AMAN
NODE_01,1784223558,2026-07-17 00:39:18,1062727,0.12,40.73,-69,AMAN
NODE_01,1784223618,2026-07-17 00:40:18,2968553,0.336,41.0,-73,AMAN
NODE_01,1784223678,2026-07-17 00:41:18,3134808,0.355,54.24,-65,AMAN
NODE_01,1784223738,2026-07-17 00:42:18,2291656,0.26,50.29,-55,AMAN
NODE_01,1784223798,2026-07-17 00:43:18,2105383,0.239,42.96,-58,AMAN
NODE_01,1784223858,2026-07-17 00:44:18,1202665,0.136,48.99,-77,AMAN
NODE_01,1784223918,2026-07-17 00:45:18,2693786,0.305,44.22,-58,AMAN
NODE_01,1784223978,2026-07-17 00:46:18,4542846,0.515,45.23,-85,AMAN
NODE_01,1784224038,2026-07-17 00:47:18,819961,0.093,52.38,-58,AMAN
NODE_01,1784224098,2026-07-17 00:48:18,3464827,0.393,42.03,-85,AMAN
NODE_01,1784224158,2026-07-17 00:49:18,3236950,0.367,53.13,-81,AMAN
NODE_01,1784224218,2026-07-17 00:50:18,385695,0.044,39.86,-75,AMAN
NODE_01,1784224278,2026-07-17 00:51:18,2093323,0.237,44.88,-54,AMAN
NODE_01,1784224338,2026-07-17 00:52:18,1546692,0.175,51.49,-59,AMAN
NODE_01,1784224398,2026-07-17 00:53:18,4436579,0.503,51.48,-81,AMAN
NODE_01,1784224458,2026-07-17 00:54:18,3059372,0.347,53.16,-68,AMAN
NODE_01,1784224518,2026-07-17 00:55:18,286854,0.032,54.68,-84,AMAN
NODE_01,1784224578,2026-07-17 00:56:18,297228,0.034,42.3,-49,AMAN
NODE_01,1784224638,2026-07-17 00:57:18,1804704,0.204,53.03,-67,AMAN
NODE_01,1784224698,2026-07-17 00:58:18,2714067,0.307,45.25,-80,AMAN
NODE_01,1784224758,2026-07-17 00:59:18,5316081,0.602,46.75,-50,AMAN
NODE_01,1784224818,2026-07-17 01:00:18,1897583,0.215,50.85,-71,AMAN
NODE_01,1784224878,2026-07-17 01:01:18,1043434,0.118,51.44,-63,AMAN
NODE_01,1784224938,2026-07-17 01:02:18,3360774,0.381,42.31,-64,AMAN
NODE_01,1784224998,2026-07-17 01:03:18,2113743,0.239,44.44,-65,AMAN
NODE_01,1784225058,2026-07-17 01:04:18,2151619,0.244,46.92,-67,AMAN
NODE_01,1784225118,2026-07-17 01:05:18,424034,0.048,48.52,-61,AMAN
NODE_01,1784225178,2026-07-17 01:06:18,3685951,0.418,53.97,-55,AMAN
NODE_01,1784225238,2026-07-17 01:07:18,0,0.0,43.31,-78,AMAN
NODE_01,1784225298,2026-07-17 01:08:18,637044,0.072,52.04,-60,AMAN
NODE_01,1784225358,2026-07-17 01:09:18,0,0.0,51.48,-50,AMAN
NODE_01,1784225418,2026-07-17 01:10:18,1282503,0.145,44.22,-84,AMAN
NODE_01,1784225478,2026-07-17 01:11:18,1665071,0.189,50.22,-67,AMAN
NODE_01,1784225538,2026-07-17 01:12:18,1649511,0.187,39.97,-57,AMAN
NODE_01,1784225598,2026-07-17 01:13:18,3029669,0.343,51.64,-80,AMAN
NODE_01,1784225658,2026-07-17 01:14:18,1957184,0.222,54.31,-78,AMAN
NODE_01,1784225718,2026-07-17 01:15:18,3693031,0.418,52.86,-80,AMAN
NODE_01,1784225778,2026-07-17 01:16:18,5259765,0.596,40.79,-50,AMAN
NODE_01,1784225838,2026-07-17 01:17:18,3340820,0.379,51.31,-77,AMAN
NODE_01,1784225898,2026-07-17 01:18:18,3614792,0.41,39.98,-74,AMAN
NODE_01,1784225958,2026-07-17 01:19:18,5845870,0.662,40.11,-83,AMAN
NODE_01,1784226018,2026-07-17 01:20:18,4076356,0.462,49.78,-45,AMAN
NODE_01,1784226078,2026-07-17 01:21:18,1605620,0.182,52.04,-55,AMAN
NODE_01,1784226138,2026-07-17 01:22:18,1698163,0.192,51.53,-79,AMAN
NODE_01,1784226198,2026-07-17 01:23:18,3306355,0.375,51.98,-78,AMAN
NODE_01,1784226258,2026-07-17 01:24:18,3037403,0.344,54.52,-45,AMAN
NODE_01,1784226318,2026-07-17 01:25:18,1763662,0.2,44.64,-50,AMAN
NODE_01,1784226378,2026-07-17 01:26:18,3767348,0.427,46.92,-47,AMAN
NODE_01,1784226438,2026-07-17 01:27:18,3817673,0.433,49.9,-61,AMAN
NODE_01,1784226498,2026-07-17 01:28:18,0,0.0,42.7,-46,AMAN
NODE_01,1784226558,2026-07-17 01:29:18,4728285,0.536,54.23,-78,AMAN
NODE_01,1784226618,2026-07-17 01:30:18,2682914,0.304,53.55,-72,AMAN
NODE_01,1784226678,2026-07-17 01:31:18,5616886,0.636,54.2,-64,AMAN
NODE_01,1784226738,2026-07-17 01:32:18,503949,0.057,44.24,-72,AMAN
NODE_01,1784226798,2026-07-17 01:33:18,3093602,0.35,48.8,-65,AMAN
NODE_01,1784226858,2026-07-17 01:34:18,755915,0.086,52.97,-59,AMAN
NODE_01,1784226918,2026-07-17 01:35:18,1127159,0.128,46.2,-55,AMAN
NODE_01,1784226978,2026-07-17 01:36:18,2596865,0.294,44.68,-65,AMAN
NODE_01,1784227038,2026-07-17 01:37:18,4545218,0.515,47.25,-85,AMAN
NODE_01,1784227098,2026-07-17 01:38:18,3183695,0.361,53.42,-51,AMAN
NODE_01,1784227158,2026-07-17 01:39:18,4854095,0.55,54.54,-82,AMAN
NODE_01,1784227218,2026-07-17 01:40:18,1022958,0.116,45.69,-84,AMAN
NODE_01,1784227278,2026-07-17 01:41:18,1277913,0.145,46.02,-66,AMAN
NODE_01,1784227338,2026-07-17 01:42:18,1951120,0.221,48.24,-54,AMAN
NODE_01,1784227398,2026-07-17 01:43:18,1760887,0.2,44.89,-76,AMAN
NODE_01,1784227458,2026-07-17 01:44:18,3647377,0.413,46.61,-72,AMAN
NODE_01,1784227518,2026-07-17 01:45:18,2285556,0.259,39.53,-74,AMAN
NODE_01,1784227578,2026-07-17 01:46:18,5585530,0.633,51.39,-57,AMAN
NODE_01,1784227638,2026-07-17 01:47:18,3461503,0.392,42.14,-83,AMAN
NODE_01,1784227698,2026-07-17 01:48:18,3166923,0.359,52.86,-63,AMAN
NODE_01,1784227758,2026-07-17 01:49:18,2544466,0.288,43.25,-46,AMAN
NODE_01,1784227818,2026-07-17 01:50:18,2785755,0.316,40.83,-69,AMAN
NODE_01,1784227878,2026-07-17 01:51:18,134809,0.015,41.93,-57,AMAN
NODE_01,1784227938,2026-07-17 01:52:18,3284226,0.372,41.79,-68,AMAN
NODE_01,1784227998,2026-07-17 01:53:18,1383296,0.157,44.94,-48,AMAN
NODE_01,1784228058,2026-07-17 01:54:18,3935749,0.446,50.22,-71,AMAN
NODE_01,1784228118,2026-07-17 01:55:18,1438052,0.163,44.13,-80,AMAN
NODE_01,1784228178,2026-07-17 01:56:18,812968,0.092,50.02,-81,AMAN
NODE_01,1784228238,2026-07-17 01:57:18,2761070,0.313,53.37,-82,AMAN
NODE_01,1784228298,2026-07-17 01:58:18,650958,0.074,40.72,-73,AMAN
NODE_01,1784228358,2026-07-17 01:59:18,2857886,0.324,39.31,-57,AMAN
NODE_01,1784228418,2026-07-17 02:00:18,1252563,0.142,41.39,-57,AMAN
NODE_01,1784228478,2026-07-17 02:01:18,1293206,0.147,52.34,-71,AMAN
NODE_01,1784228538,2026-07-17 02:02:18,2545513,0.288,43.14,-73,AMAN
NODE_01,1784228598,2026-07-17 02:03:18,0,0.0,55.28,-77,AMAN
NODE_01,1784228658,2026-07-17 02:04:18,485262,0.055,47.91,-75,AMAN
NODE_01,1784228718,2026-07-17 02:05:18,2589856,0.293,40.74,-81,AMAN
NODE_01,1784228778,2026-07-17 02:06:18,0,0.0,49.69,-84,AMAN
NODE_01,1784228838,2026-07-17 02:07:18,1998299,0.226,49.8,-48,AMAN
NODE_01,1784228898,2026-07-17 02:08:18,4403330,0.499,42.61,-52,AMAN
NODE_01,1784228958,2026-07-17 02:09:18,4507349,0.511,48.19,-61,AMAN
NODE_01,1784229018,2026-07-17 02:10:18,4215625,0.478,54.94,-60,AMAN
NODE_01,1784229078,2026-07-17 02:11:18,1983004,0.225,46.64,-55,AMAN
NODE_01,1784229138,2026-07-17 02:12:18,3789835,0.429,49.86,-60,AMAN
NODE_01,1784229198,2026-07-17 02:13:18,2258810,0.256,45.76,-62,AMAN
NODE_01,1784229258,2026-07-17 02:14:18,2320892,0.263,47.78,-77,AMAN
NODE_01,1784229318,2026-07-17 02:15:18,2805622,0.318,48.91,-48,AMAN
NODE_01,1784229378,2026-07-17 02:16:18,3484908,0.395,52.19,-56,AMAN
NODE_01,1784229438,2026-07-17 02:17:18,3900876,0.442,48.43,-69,AMAN
NODE_01,1784229498,2026-07-17 02:18:18,4417285,0.5,44.74,-48,AMAN
NODE_01,1784229558,2026-07-17 02:19:18,2124959,0.241,52.83,-53,AMAN
NODE_01,1784229618,2026-07-17 02:20:18,687300,0.078,41.75,-68,AMAN
NODE_01,1784229678,2026-07-17 02:21:18,2971745,0.337,52.26,-83,AMAN
NODE_01,1784229738,2026-07-17 02:22:18,650305,0.074,53.94,-59,AMAN
NODE_01,1784229798,2026-07-17 02:23:18,1798595,0.204,43.63,-57,AMAN
NODE_01,1784229858,2026-07-17 02:24:18,1825058,0.207,41.88,-63,AMAN
NODE_01,1784229918,2026-07-17 02:25:18,3230252,0.366,40.47,-68,AMAN
NODE_01,1784229978,2026-07-17 02:26:18,959478,0.109,46.32,-57,AMAN
NODE_01,1784230038,2026-07-17 02:27:18,105631,0.012,48.46,-80,AMAN
NODE_01,1784230098,2026-07-17 02:28:18,5809972,0.658,41.96,-81,AMAN
NODE_01,1784230158,2026-07-17 02:29:18,3794813,0.43,47.2,-82,AMAN
NODE_01,1784230218,2026-07-17 02:30:18,4608887,0.522,46.38,-51,AMAN
NODE_01,1784230278,2026-07-17 02:31:18,3534557,0.4,43.98,-74,AMAN
NODE_01,1784230338,2026-07-17 02:32:18,3179038,0.36,46.14,-57,AMAN
NODE_01,1784230398,2026-07-17 02:33:18,1756559,0.199,45.85,-83,AMAN
NODE_01,1784230458,2026-07-17 02:34:18,318793,0.036,54.78,-76,AMAN
NODE_01,1784230518,2026-07-17 02:35:18,2138704,0.242,51.44,-57,AMAN
NODE_01,1784230578,2026-07-17 02:36:18,1564869,0.177,48.3,-84,AMAN
NODE_01,1784230638,2026-07-17 02:37:18,3253067,0.369,49.81,-77,AMAN
NODE_01,1784230698,2026-07-17 02:38:18,3434164,0.389,44.17,-78,AMAN
NODE_01,1784230758,2026-07-17 02:39:18,3456311,0.392,53.96,-46,AMAN
NODE_01,1784230818,2026-07-17 02:40:18,2655665,0.301,43.74,-63,AMAN
NODE_01,1784230878,2026-07-17 02:41:18,3404738,0.386,45.65,-47,AMAN
NODE_01,1784230938,2026-07-17 02:42:18,2606305,0.295,41.39,-50,AMAN
NODE_01,1784230998,2026-07-17 02:43:18,0,0.0,52.48,-52,AMAN
NODE_01,1784231058,2026-07-17 02:44:18,2512042,0.285,53.39,-53,AMAN
NODE_01,1784231118,2026-07-17 02:45:18,1885026,0.214,42.8,-81,AMAN
NODE_01,1784231178,2026-07-17 02:46:18,4742045,0.537,51.25,-74,AMAN
NODE_01,1784231238,2026-07-17 02:47:18,2933949,0.332,52.39,-46,AMAN
NODE_01,1784231298,2026-07-17 02:48:18,3513914,0.398,44.75,-46,AMAN
NODE_01,1784231358,2026-07-17 02:49:18,145953,0.017,41.86,-59,AMAN
NODE_01,1784231418,2026-07-17 02:50:18,0,0.0,42.48,-68,AMAN
NODE_01,1784231478,2026-07-17 02:51:18,2106728,0.239,43.66,-55,AMAN
NODE_01,1784231538,2026-07-17 02:52:18,5328196,0.604,43.57,-55,AMAN
NODE_01,1784231598,2026-07-17 02:53:18,2619234,0.297,48.33,-85,AMAN
NODE_01,1784231658,2026-07-17 02:54:18,2101270,0.238,45.6,-64,AMAN
NODE_01,1784231718,2026-07-17 02:55:18,0,0.0,44.5,-50,AMAN
NODE_01,1784231778,2026-07-17 02:56:18,3252359,0.368,43.78,-46,AMAN
NODE_01,1784231838,2026-07-17 02:57:18,2474897,0.28,45.58,-84,AMAN
NODE_01,1784231898,2026-07-17 02:58:18,36884,0.004,49.74,-64,AMAN
NODE_01,1784231958,2026-07-17 02:59:18,1786563,0.202,54.85,-77,AMAN
NODE_01,1784232018,2026-07-17 03:00:18,2482550,0.281,51.92,-47,AMAN
NODE_01,1784232078,2026-07-17 03:01:18,2947281,0.334,55.22,-53,AMAN
NODE_01,1784232138,2026-07-17 03:02:18,133178,0.015,46.78,-61,AMAN
NODE_01,1784232198,2026-07-17 03:03:18,2601305,0.295,53.55,-51,AMAN
NODE_01,1784232258,2026-07-17 03:04:18,2474843,0.28,51.98,-61,AMAN
NODE_01,1784232318,2026-07-17 03:05:18,2672830,0.303,53.75,-82,AMAN
NODE_01,1784232378,2026-07-17 03:06:18,2211031,0.251,41.11,-61,AMAN
NODE_01,1784232438,2026-07-17 03:07:18,2384817,0.27,43.59,-85,AMAN
NODE_01,1784232498,2026-07-17 03:08:18,2571557,0.291,46.21,-72,AMAN
NODE_01,1784232558,2026-07-17 03:09:18,3623888,0.411,48.12,-84,AMAN
NODE_01,1784232618,2026-07-17 03:10:18,1521048,0.172,52.5,-47,AMAN
NODE_01,1784232678,2026-07-17 03:11:18,4920213,0.557,52.68,-51,AMAN
NODE_01,1784232738,2026-07-17 03:12:18,339824,0.039,47.09,-63,AMAN
NODE_01,1784232798,2026-07-17 03:13:18,3996304,0.453,44.7,-46,AMAN
NODE_01,1784232858,2026-07-17 03:14:18,5101478,0.578,49.51,-50,AMAN
NODE_01,1784232918,2026-07-17 03:15:18,3644749,0.413,40.98,-47,AMAN
NODE_01,1784232978,2026-07-17 03:16:18,3225862,0.365,42.39,-56,AMAN
NODE_01,1784233038,2026-07-17 03:17:18,1899665,0.215,45.04,-78,AMAN
NODE_01,1784233098,2026-07-17 03:18:18,1259262,0.143,51.54,-74,AMAN
NODE_01,1784233158,2026-07-17 03:19:18,2150328,0.244,49.19,-83,AMAN
NODE_01,1784233218,2026-07-17 03:20:18,4779936,0.542,44.3,-54,AMAN
NODE_01,1784233278,2026-07-17 03:21:18,2490476,0.282,40.6,-75,AMAN
NODE_01,1784233338,2026-07-17 03:22:18,1625159,0.184,47.6,-71,AMAN
NODE_01,1784233398,2026-07-17 03:23:18,2352996,0.267,47.54,-66,AMAN
NODE_01,1784233458,2026-07-17 03:24:18,1931828,0.219,54.73,-84,AMAN
NODE_01,1784233518,2026-07-17 03:25:18,3291584,0.373,42.65,-84,AMAN
NODE_01,1784233578,2026-07-17 03:26:18,2104405,0.238,51.4,-56,AMAN
NODE_01,1784233638,2026-07-17 03:27:18,990421,0.112,48.42,-82,AMAN
NODE_01,1784233698,2026-07-17 03:28:18,2170310,0.246,53.17,-47,AMAN
NODE_01,1784233758,2026-07-17 03:29:18,1544547,0.175,50.62,-60,AMAN
NODE_01,1784233818,2026-07-17 03:30:18,0,0.0,43.06,-81,AMAN
NODE_01,1784233878,2026-07-17 03:31:18,1254387,0.142,47.48,-77,AMAN
NODE_01,1784233938,2026-07-17 03:32:18,2315534,0.262,46.71,-50,AMAN
NODE_01,1784233998,2026-07-17 03:33:18,3515235,0.398,51.74,-45,AMAN
NODE_01,1784234058,2026-07-17 03:34:18,5419506,0.614,49.05,-53,AMAN
NODE_01,1784234118,2026-07-17 03:35:18,5671290,0.643,44.99,-81,AMAN
NODE_01,1784234178,2026-07-17 03:36:18,2907103,0.329,42.38,-58,AMAN
NODE_01,1784234238,2026-07-17 03:37:18,360439,0.041,54.62,-64,AMAN
NODE_01,1784234298,2026-07-17 03:38:18,645912,0.073,49.59,-58,AMAN
NODE_01,1784234358,2026-07-17 03:39:18,2175346,0.246,48.82,-71,AMAN
NODE_01,1784234418,2026-07-17 03:40:18,3151116,0.357,39.36,-48,AMAN
NODE_01,1784234478,2026-07-17 03:41:18,2588852,0.293,46.75,-77,AMAN
NODE_01,1784234538,2026-07-17 03:42:18,20678,0.002,45.55,-54,AMAN
NODE_01,1784234598,2026-07-17 03:43:18,3981974,0.451,52.44,-81,AMAN
NODE_01,1784234658,2026-07-17 03:44:18,2141754,0.243,46.14,-51,AMAN
NODE_01,1784234718,2026-07-17 03:45:18,3312360,0.375,52.69,-45,AMAN
NODE_01,1784234778,2026-07-17 03:46:18,333454,0.038,53.09,-72,AMAN
NODE_01,1784234838,2026-07-17 03:47:18,2911162,0.33,42.33,-83,AMAN
NODE_01,1784234898,2026-07-17 03:48:18,2225780,0.252,45.88,-51,AMAN
NODE_01,1784234958,2026-07-17 03:49:18,1883532,0.213,50.55,-54,AMAN
NODE_01,1784235018,2026-07-17 03:50:18,47136,0.005,45.05,-75,AMAN
NODE_01,1784235078,2026-07-17 03:51:18,2487777,0.282,46.22,-75,AMAN
NODE_01,1784235138,2026-07-17 03:52:18,4689992,0.531,41.51,-52,AMAN
NODE_01,1784235198,2026-07-17 03:53:18,5205782,0.59,40.81,-63,AMAN
NODE_01,1784235258,2026-07-17 03:54:18,1553027,0.176,50.2,-81,AMAN
NODE_01,1784235318,2026-07-17 03:55:18,3470240,0.393,47.44,-51,AMAN
NODE_01,1784235378,2026-07-17 03:56:18,5219927,0.591,42.27,-72,AMAN
NODE_01,1784235438,2026-07-17 03:57:18,1835363,0.208,46.3,-48,AMAN
NODE_01,1784235498,2026-07-17 03:58:18,3935518,0.446,52.96,-54,AMAN
NODE_01,1784235558,2026-07-17 03:59:18,2944527,0.334,52.36,-66,AMAN
NODE_01,1784235618,2026-07-17 04:00:18,2372676,0.269,39.96,-62,AMAN
NODE_01,1784235678,2026-07-17 04:01:18,782589,0.089,41.66,-67,AMAN
NODE_01,1784235738,2026-07-17 04:02:18,3075837,0.348,53.12,-75,AMAN
NODE_01,1784235798,2026-07-17 04:03:18,762236,0.086,49.54,-81,AMAN
NODE_01,1784235858,2026-07-17 04:04:18,1587135,0.18,50.37,-57,AMAN
NODE_01,1784235918,2026-07-17 04:05:18,723669,0.082,50.65,-67,AMAN
NODE_01,1784235978,2026-07-17 04:06:18,607157,0.069,53.02,-81,AMAN
NODE_01,1784236038,2026-07-17 04:07:18,4657764,0.528,41.1,-50,AMAN
NODE_01,1784236098,2026-07-17 04:08:18,2369039,0.268,49.76,-85,AMAN
NODE_01,1784236158,2026-07-17 04:09:18,4357878,0.494,47.8,-54,AMAN
NODE_01,1784236218,2026-07-17 04:10:18,613477,0.07,48.46,-82,AMAN
NODE_01,1784236278,2026-07-17 04:11:18,4134419,0.468,41.5,-56,AMAN
NODE_01,1784236338,2026-07-17 04:12:18,171019,0.019,41.09,-46,AMAN
NODE_01,1784236398,2026-07-17 04:13:18,4650303,0.527,50.98,-68,AMAN
NODE_01,1784236458,2026-07-17 04:14:18,3172261,0.359,42.75,-60,AMAN
NODE_01,1784236518,2026-07-17 04:15:18,1356469,0.154,51.44,-70,AMAN
NODE_01,1784236578,2026-07-17 04:16:18,1630804,0.185,53.12,-48,AMAN
NODE_01,1784236638,2026-07-17 04:17:18,498659,0.056,40.13,-45,AMAN
NODE_01,1784236698,2026-07-17 04:18:18,2085030,0.236,50.99,-77,AMAN
NODE_01,1784236758,2026-07-17 04:19:18,3468140,0.393,48.27,-59,AMAN
NODE_01,1784236818,2026-07-17 04:20:18,4036819,0.457,46.95,-84,AMAN
NODE_01,1784236878,2026-07-17 04:21:18,3513752,0.398,45.1,-60,AMAN
NODE_01,1784236938,2026-07-17 04:22:18,1321912,0.15,49.09,-66,AMAN
NODE_01,1784236998,2026-07-17 04:23:18,5508737,0.624,41.01,-54,AMAN
NODE_01,1784237058,2026-07-17 04:24:18,2138938,0.242,43.4,-45,AMAN
NODE_01,1784237118,2026-07-17 04:25:18,4200720,0.476,45.95,-50,AMAN
NODE_01,1784237178,2026-07-17 04:26:18,2575120,0.292,48.48,-59,AMAN
NODE_01,1784237238,2026-07-17 04:27:18,2348953,0.266,41.81,-49,AMAN
NODE_01,1784237298,2026-07-17 04:28:18,2561741,0.29,44.3,-60,AMAN
NODE_01,1784237358,2026-07-17 04:29:18,1281900,0.145,48.36,-52,AMAN
NODE_01,1784237418,2026-07-17 04:30:18,2924978,0.331,54.39,-74,AMAN
NODE_01,1784237478,2026-07-17 04:31:18,2704220,0.306,54.21,-79,AMAN
NODE_01,1784237538,2026-07-17 04:32:18,1322077,0.15,52.1,-80,AMAN
NODE_01,1784237598,2026-07-17 04:33:18,1991249,0.226,46.72,-65,AMAN
NODE_01,1784237658,2026-07-17 04:34:18,1392344,0.158,48.84,-68,AMAN
NODE_01,1784237718,2026-07-17 04:35:18,3660154,0.415,46.41,-77,AMAN
NODE_01,1784237778,2026-07-17 04:36:18,4878037,0.553,54.34,-53,AMAN
NODE_01,1784237838,2026-07-17 04:37:18,4253653,0.482,46.4,-69,AMAN
NODE_01,1784237898,2026-07-17 04:38:18,0,0.0,43.3,-79,AMAN
NODE_01,1784237958,2026-07-17 04:39:18,4559909,0.517,41.86,-51,AMAN
NODE_01,1784238018,2026-07-17 04:40:18,5206295,0.59,46.59,-75,AMAN
NODE_01,1784238078,2026-07-17 04:41:18,2475999,0.281,45.7,-58,AMAN
NODE_01,1784238138,2026-07-17 04:42:18,3377830,0.383,46.99,-54,AMAN
NODE_01,1784238198,2026-07-17 04:43:18,1175613,0.133,40.17,-63,AMAN
NODE_01,1784238258,2026-07-17 04:44:18,3504976,0.397,42.34,-67,AMAN
NODE_01,1784238318,2026-07-17 04:45:18,2575798,0.292,51.18,-85,AMAN
NODE_01,1784238378,2026-07-17 04:46:18,0,0.0,46.02,-67,AMAN
NODE_01,1784238438,2026-07-17 04:47:18,3409165,0.386,44.6,-83,AMAN
NODE_01,1784238498,2026-07-17 04:48:18,3916491,0.444,42.41,-74,AMAN
NODE_01,1784238558,2026-07-17 04:49:18,2340552,0.265,44.06,-85,AMAN
NODE_01,1784238618,2026-07-17 04:50:18,5663871,0.642,41.42,-76,AMAN
NODE_01,1784238678,2026-07-17 04:51:18,800756,0.091,54.05,-74,AMAN
NODE_01,1784238738,2026-07-17 04:52:18,30130,0.003,49.18,-56,AMAN
NODE_01,1784238798,2026-07-17 04:53:18,2156132,0.244,47.94,-66,AMAN
NODE_01,1784238858,2026-07-17 04:54:18,4286397,0.486,53.73,-51,AMAN
NODE_01,1784238918,2026-07-17 04:55:18,3232286,0.366,44.63,-66,AMAN
NODE_01,1784238978,2026-07-17 04:56:18,1772079,0.201,42.65,-69,AMAN
NODE_01,1784239038,2026-07-17 04:57:18,2424503,0.275,47.49,-80,AMAN
NODE_01,1784239098,2026-07-17 04:58:18,1568286,0.178,43.73,-45,AMAN
NODE_01,1784239158,2026-07-17 04:59:18,0,0.0,55.5,-60,AMAN
NODE_01,1784239218,2026-07-17 05:00:18,2469998,0.28,50.65,-63,AMAN
NODE_01,1784239278,2026-07-17 05:01:18,2168596,0.246,48.12,-55,AMAN
NODE_01,1784239338,2026-07-17 05:02:18,3730172,0.423,45.06,-81,AMAN
NODE_01,1784239398,2026-07-17 05:03:18,3993028,0.452,40.41,-85,AMAN
NODE_01,1784239458,2026-07-17 05:04:18,2495196,0.283,43.41,-54,AMAN
NODE_01,1784239518,2026-07-17 05:05:18,3288219,0.373,50.86,-63,AMAN
NODE_01,1784239578,2026-07-17 05:06:18,1143190,0.13,49.31,-47,AMAN
NODE_01,1784239638,2026-07-17 05:07:18,2998787,0.34,54.48,-78,AMAN
NODE_01,1784239698,2026-07-17 05:08:18,2095430,0.237,42.09,-70,AMAN
NODE_01,1784239758,2026-07-17 05:09:18,1468515,0.166,44.35,-47,AMAN
NODE_01,1784239818,2026-07-17 05:10:18,1438774,0.163,39.8,-79,AMAN
NODE_01,1784239878,2026-07-17 05:11:18,1494902,0.169,54.04,-69,AMAN
NODE_01,1784239938,2026-07-17 05:12:18,5241809,0.594,47.05,-81,AMAN
NODE_01,1784239998,2026-07-17 05:13:18,4082829,0.463,51.16,-79,AMAN
NODE_01,1784240058,2026-07-17 05:14:18,2261247,0.256,47.98,-60,AMAN
NODE_01,1784240118,2026-07-17 05:15:18,3439138,0.39,52.73,-48,AMAN
NODE_01,1784240178,2026-07-17 05:16:18,2663635,0.302,43.4,-55,AMAN
NODE_01,1784240238,2026-07-17 05:17:18,1778152,0.201,47.36,-50,AMAN
NODE_01,1784240298,2026-07-17 05:18:18,2590695,0.294,53.26,-82,AMAN
NODE_01,1784240358,2026-07-17 05:19:18,4006592,0.454,40.92,-74,AMAN
NODE_01,1784240418,2026-07-17 05:20:18,2558972,0.29,53.34,-84,AMAN
NODE_01,1784240478,2026-07-17 05:21:18,238864,0.027,53.88,-51,AMAN
NODE_01,1784240538,2026-07-17 05:22:18,3169286,0.359,53.1,-65,AMAN
NODE_01,1784240598,2026-07-17 05:23:18,2139138,0.242,44.22,-85,AMAN
NODE_01,1784240658,2026-07-17 05:24:18,0,0.0,45.96,-72,AMAN
NODE_01,1784240718,2026-07-17 05:25:18,4840329,0.548,50.66,-51,AMAN
NODE_01,1784240778,2026-07-17 05:26:18,361425,0.041,42.96,-49,AMAN
NODE_01,1784240838,2026-07-17 05:27:18,3787940,0.429,48.8,-79,AMAN
NODE_01,1784240898,2026-07-17 05:28:18,2932313,0.332,50.43,-71,AMAN
NODE_01,1784240958,2026-07-17 05:29:18,1816351,0.206,43.01,-48,AMAN
NODE_01,1784241018,2026-07-17 05:30:18,3669391,0.416,40.3,-68,AMAN
NODE_01,1784241078,2026-07-17 05:31:18,3763273,0.426,49.72,-79,AMAN
NODE_01,1784241138,2026-07-17 05:32:18,1312310,0.149,43.09,-64,AMAN
NODE_01,1784241198,2026-07-17 05:33:18,2903093,0.329,39.56,-51,AMAN
NODE_01,1784241258,2026-07-17 05:34:18,31085,0.004,49.91,-77,AMAN
NODE_01,1784241318,2026-07-17 05:35:18,1924008,0.218,53.51,-75,AMAN
NODE_01,1784241378,2026-07-17 05:36:18,1868084,0.212,42.6,-64,AMAN
NODE_01,1784241438,2026-07-17 05:37:18,1515019,0.172,53.87,-75,AMAN
NODE_01,1784241498,2026-07-17 05:38:18,3353195,0.38,48.38,-81,AMAN
NODE_01,1784241558,2026-07-17 05:39:18,1795889,0.203,42.66,-78,AMAN
NODE_01,1784241618,2026-07-17 05:40:18,2339916,0.265,50.33,-83,AMAN
NODE_01,1784241678,2026-07-17 05:41:18,2086814,0.236,54.51,-58,AMAN
NODE_01,1784241738,2026-07-17 05:42:18,3644510,0.413,44.02,-57,AMAN
NODE_01,1784241798,2026-07-17 05:43:18,3300594,0.374,48.92,-53,AMAN
NODE_01,1784241858,2026-07-17 05:44:18,3879808,0.44,42.96,-70,AMAN
NODE_01,1784241918,2026-07-17 05:45:18,3521995,0.399,44.96,-51,AMAN
NODE_01,1784241978,2026-07-17 05:46:18,4979637,0.564,51.74,-46,AMAN
NODE_01,1784242038,2026-07-17 05:47:18,4806608,0.545,44.58,-78,AMAN
NODE_01,1784242098,2026-07-17 05:48:18,2068394,0.234,51.76,-48,AMAN
NODE_01,1784242158,2026-07-17 05:49:18,3601579,0.408,52.35,-65,AMAN
NODE_01,1784242218,2026-07-17 05:50:18,3829794,0.434,49.86,-65,AMAN
NODE_01,1784242278,2026-07-17 05:51:18,2091850,0.237,41.15,-49,AMAN
NODE_01,1784242338,2026-07-17 05:52:18,4653017,0.527,50.2,-63,AMAN
NODE_01,1784242398,2026-07-17 05:53:18,5108704,0.579,53.1,-74,AMAN
NODE_01,1784242458,2026-07-17 05:54:18,3759741,0.426,43.41,-76,AMAN
NODE_01,1784242518,2026-07-17 05:55:18,1743728,0.198,49.85,-48,AMAN
NODE_01,1784242578,2026-07-17 05:56:18,1658945,0.188,53.66,-80,AMAN
NODE_01,1784242638,2026-07-17 05:57:18,3479634,0.394,40.53,-85,AMAN
NODE_01,1784242698,2026-07-17 05:58:18,1786467,0.202,51.25,-57,AMAN
NODE_01,1784242758,2026-07-17 05:59:18,3527542,0.4,50.44,-45,AMAN
NODE_01,1784242818,2026-07-17 06:00:18,1956561,0.222,46.91,-49,AMAN
NODE_01,1784242878,2026-07-17 06:01:18,186615,0.021,40.49,-56,AMAN
NODE_01,1784242938,2026-07-17 06:02:18,1658328,0.188,52.71,-55,AMAN
NODE_01,1784242998,2026-07-17 06:03:18,3695829,0.419,40.31,-84,AMAN
NODE_01,1784243058,2026-07-17 06:04:18,1190067,0.135,43.03,-61,AMAN
NODE_01,1784243118,2026-07-17 06:05:18,3691767,0.418,55.39,-61,AMAN
NODE_01,1784243178,2026-07-17 06:06:18,5145940,0.583,54.43,-63,AMAN
NODE_01,1784243238,2026-07-17 06:07:18,2645735,0.3,45.26,-81,AMAN
NODE_01,1784243298,2026-07-17 06:08:18,2723308,0.309,48.98,-62,AMAN
NODE_01,1784243358,2026-07-17 06:09:18,2176139,0.247,40.43,-77,AMAN
NODE_01,1784243418,2026-07-17 06:10:18,2896256,0.328,55.59,-77,AMAN
NODE_01,1784243478,2026-07-17 06:11:18,3350193,0.38,50.78,-51,AMAN
NODE_01,1784243538,2026-07-17 06:12:18,2087904,0.237,43.69,-68,AMAN
NODE_01,1784243598,2026-07-17 06:13:18,4038682,0.458,49.15,-48,AMAN
NODE_01,1784243658,2026-07-17 06:14:18,4589885,0.52,51.08,-85,AMAN
NODE_01,1784243718,2026-07-17 06:15:18,3050578,0.346,51.61,-60,AMAN
NODE_01,1784243778,2026-07-17 06:16:18,3632638,0.412,46.0,-48,AMAN
NODE_01,1784243838,2026-07-17 06:17:18,2962278,0.336,42.66,-70,AMAN
NODE_01,1784243898,2026-07-17 06:18:18,1814490,0.206,43.76,-51,AMAN
NODE_01,1784243958,2026-07-17 06:19:18,1749427,0.198,51.71,-57,AMAN
NODE_01,1784244018,2026-07-17 06:20:18,3140776,0.356,52.97,-66,AMAN
NODE_01,1784244078,2026-07-17 06:21:18,2131192,0.241,49.41,-78,AMAN
NODE_01,1784244138,2026-07-17 06:22:18,1462150,0.166,54.32,-79,AMAN
NODE_01,1784244198,2026-07-17 06:23:18,3852899,0.437,50.74,-57,AMAN
NODE_01,1784244258,2026-07-17 06:24:18,2429807,0.275,44.82,-74,AMAN
NODE_01,1784244318,2026-07-17 06:25:18,3116309,0.353,42.32,-78,AMAN
NODE_01,1784244378,2026-07-17 06:26:18,1807704,0.205,45.85,-63,AMAN
NODE_01,1784244438,2026-07-17 06:27:18,5241439,0.594,48.54,-81,AMAN
NODE_01,1784244498,2026-07-17 06:28:18,1725197,0.195,55.0,-63,AMAN
NODE_01,1784244558,2026-07-17 06:29:18,2228377,0.252,48.01,-74,AMAN
NODE_01,1784244618,2026-07-17 06:30:18,4610265,0.522,40.95,-50,AMAN
NODE_01,1784244678,2026-07-17 06:31:18,5016439,0.568,52.61,-49,AMAN
NODE_01,1784244738,2026-07-17 06:32:18,405250,0.046,48.56,-72,AMAN
NODE_01,1784244798,2026-07-17 06:33:18,2265563,0.257,44.11,-45,AMAN
NODE_01,1784244858,2026-07-17 06:34:18,3111493,0.353,53.49,-77,AMAN
NODE_01,1784244918,2026-07-17 06:35:18,2980162,0.338,46.85,-61,AMAN
NODE_01,1784244978,2026-07-17 06:36:18,3250487,0.368,51.86,-73,AMAN
NODE_01,1784245038,2026-07-17 06:37:18,742744,0.084,44.89,-51,AMAN
NODE_01,1784245098,2026-07-17 06:38:18,3148545,0.357,44.1,-48,AMAN
NODE_01,1784245158,2026-07-17 06:39:18,1486837,0.168,49.39,-49,AMAN
NODE_01,1784245218,2026-07-17 06:40:18,1735463,0.197,40.99,-70,AMAN
NODE_01,1784245278,2026-07-17 06:41:18,3404124,0.386,54.31,-58,AMAN
NODE_01,1784245338,2026-07-17 06:42:18,1608580,0.182,42.65,-49,AMAN
NODE_01,1784245398,2026-07-17 06:43:18,2507529,0.284,39.62,-46,AMAN
NODE_01,1784245458,2026-07-17 06:44:18,2601811,0.295,44.41,-52,AMAN
NODE_01,1784245518,2026-07-17 06:45:18,1921788,0.218,47.72,-65,AMAN
NODE_01,1784245578,2026-07-17 06:46:18,3641333,0.413,51.71,-59,AMAN
NODE_01,1784245638,2026-07-17 06:47:18,3026507,0.343,47.68,-79,AMAN
NODE_01,1784245698,2026-07-17 06:48:18,4042377,0.458,49.83,-57,AMAN
NODE_01,1784245758,2026-07-17 06:49:18,2517579,0.285,46.31,-67,AMAN
NODE_01,1784245818,2026-07-17 06:50:18,1952674,0.221,45.6,-59,AMAN
NODE_01,1784245878,2026-07-17 06:51:18,4985482,0.565,46.18,-62,AMAN
NODE_01,1784245938,2026-07-17 06:52:18,1801256,0.204,40.53,-53,AMAN
NODE_01,1784245998,2026-07-17 06:53:18,2222670,0.252,48.43,-71,AMAN
NODE_01,1784246058,2026-07-17 06:54:18,3053554,0.346,44.91,-77,AMAN
NODE_01,1784246118,2026-07-17 06:55:18,1008590,0.114,51.43,-75,AMAN
NODE_01,1784246178,2026-07-17 06:56:18,1533661,0.174,43.45,-71,AMAN
NODE_01,1784246238,2026-07-17 06:57:18,1275427,0.145,46.01,-45,AMAN
NODE_01,1784246298,2026-07-17 06:58:18,3257492,0.369,52.33,-64,AMAN
NODE_01,1784246358,2026-07-17 06:59:18,453955,0.051,54.91,-45,AMAN
NODE_01,1784246418,2026-07-17 07:00:18,4360187,0.494,52.31,-48,AMAN
NODE_01,1784246478,2026-07-17 07:01:18,3129738,0.355,43.34,-78,AMAN
NODE_01,1784246538,2026-07-17 07:02:18,2175039,0.246,54.1,-78,AMAN
NODE_01,1784246598,2026-07-17 07:03:18,2275575,0.258,44.06,-85,AMAN
NODE_01,1784246658,2026-07-17 07:04:18,4892594,0.554,52.32,-51,AMAN
NODE_01,1784246718,2026-07-17 07:05:18,4025380,0.456,53.93,-61,AMAN
NODE_01,1784246778,2026-07-17 07:06:18,3045295,0.345,45.3,-74,AMAN
NODE_01,1784246838,2026-07-17 07:07:18,3781055,0.428,40.73,-46,AMAN
NODE_01,1784246898,2026-07-17 07:08:18,2103379,0.238,51.63,-69,AMAN
NODE_01,1784246958,2026-07-17 07:09:18,3612538,0.409,44.32,-77,AMAN
NODE_01,1784247018,2026-07-17 07:10:18,807863,0.092,51.53,-63,AMAN
NODE_01,1784247078,2026-07-17 07:11:18,3326428,0.377,54.3,-83,AMAN
NODE_01,1784247138,2026-07-17 07:12:18,2844490,0.322,40.42,-68,AMAN
NODE_01,1784247198,2026-07-17 07:13:18,581786,0.066,50.99,-85,AMAN
NODE_01,1784247258,2026-07-17 07:14:18,692747,0.078,53.04,-56,AMAN
NODE_01,1784247318,2026-07-17 07:15:18,1002469,0.114,42.65,-71,AMAN
NODE_01,1784247378,2026-07-17 07:16:18,2114676,0.24,55.66,-80,AMAN
NODE_01,1784247438,2026-07-17 07:17:18,781522,0.089,49.3,-56,AMAN
NODE_01,1784247498,2026-07-17 07:18:18,4219592,0.478,42.21,-65,AMAN
NODE_01,1784247558,2026-07-17 07:19:18,3928472,0.445,49.15,-66,AMAN
NODE_01,1784247618,2026-07-17 07:20:18,3533654,0.4,43.07,-61,AMAN
NODE_01,1784247678,2026-07-17 07:21:18,4512186,0.511,52.74,-69,AMAN
NODE_01,1784247738,2026-07-17 07:22:18,2456614,0.278,45.34,-52,AMAN
NODE_01,1784247798,2026-07-17 07:23:18,2806818,0.318,49.5,-73,AMAN
NODE_01,1784247858,2026-07-17 07:24:18,0,0.0,50.03,-78,AMAN
NODE_01,1784247918,2026-07-17 07:25:18,1493973,0.169,52.36,-56,AMAN
NODE_01,1784247978,2026-07-17 07:26:18,2819592,0.319,51.06,-76,AMAN
NODE_01,1784248038,2026-07-17 07:27:18,4380825,0.496,41.46,-67,AMAN
NODE_01,1784248098,2026-07-17 07:28:18,3033659,0.344,41.64,-77,AMAN
NODE_01,1784248158,2026-07-17 07:29:18,1663467,0.188,43.55,-69,AMAN
NODE_01,1784248218,2026-07-17 07:30:18,1788551,0.203,53.32,-49,AMAN
NODE_01,1784248278,2026-07-17 07:31:18,2311717,0.262,42.1,-82,AMAN
NODE_01,1784248338,2026-07-17 07:32:18,676505,0.077,48.66,-69,AMAN
NODE_01,1784248398,2026-07-17 07:33:18,1418426,0.161,40.64,-51,AMAN
NODE_01,1784248458,2026-07-17 07:34:18,2571264,0.291,48.92,-62,AMAN
NODE_01,1784248518,2026-07-17 07:35:18,2761968,0.313,51.76,-53,AMAN
NODE_01,1784248578,2026-07-17 07:36:18,2902350,0.329,48.05,-75,AMAN
NODE_01,1784248638,2026-07-17 07:37:18,2036010,0.231,53.26,-61,AMAN
NODE_01,1784248698,2026-07-17 07:38:18,1582537,0.179,50.25,-82,AMAN
NODE_01,1784248758,2026-07-17 07:39:18,2938200,0.333,45.7,-72,AMAN
NODE_01,1784248818,2026-07-17 07:40:18,1131161,0.128,48.42,-68,AMAN
NODE_01,1784248878,2026-07-17 07:41:18,4732573,0.536,54.82,-47,AMAN
NODE_01,1784248938,2026-07-17 07:42:18,1249548,0.142,49.15,-56,AMAN
NODE_01,1784248998,2026-07-17 07:43:18,1557019,0.176,51.87,-73,AMAN
NODE_01,1784249058,2026-07-17 07:44:18,2498189,0.283,53.22,-72,AMAN
NODE_01,1784249118,2026-07-17 07:45:18,514219,0.058,41.63,-52,AMAN
NODE_01,1784249178,2026-07-17 07:46:18,2690597,0.305,51.98,-63,AMAN
NODE_01,1784249238,2026-07-17 07:47:18,4463030,0.506,44.56,-81,AMAN
NODE_01,1784249298,2026-07-17 07:48:18,4148289,0.47,47.92,-61,AMAN
NODE_01,1784249358,2026-07-17 07:49:18,3791134,0.43,49.38,-51,AMAN
NODE_01,1784249418,2026-07-17 07:50:18,3123473,0.354,48.08,-58,AMAN
NODE_01,1784249478,2026-07-17 07:51:18,4999887,0.566,42.77,-49,AMAN
NODE_01,1784249538,2026-07-17 07:52:18,4280921,0.485,50.33,-66,AMAN
NODE_01,1784249598,2026-07-17 07:53:18,3875282,0.439,40.42,-81,AMAN
NODE_01,1784249658,2026-07-17 07:54:18,1860479,0.211,48.69,-49,AMAN
NODE_01,1784249718,2026-07-17 07:55:18,4579104,0.519,41.71,-61,AMAN
NODE_01,1784249778,2026-07-17 07:56:18,2908541,0.33,49.06,-69,AMAN
NODE_01,1784249838,2026-07-17 07:57:18,2898674,0.328,45.96,-85,AMAN
NODE_01,1784249898,2026-07-17 07:58:18,982416,0.111,43.35,-84,AMAN
NODE_01,1784249958,2026-07-17 07:59:18,3720644,0.422,51.16,-56,AMAN
NODE_01,1784250018,2026-07-17 08:00:18,2161380,0.245,53.02,-82,AMAN
NODE_01,1784250078,2026-07-17 08:01:18,2224505,0.252,49.13,-66,AMAN
NODE_01,1784250138,2026-07-17 08:02:18,3234657,0.366,50.63,-72,AMAN
NODE_01,1784250198,2026-07-17 08:03:18,2118549,0.24,53.21,-68,AMAN
NODE_01,1784250258,2026-07-17 08:04:18,2715812,0.308,49.36,-60,AMAN
NODE_01,1784250318,2026-07-17 08:05:18,141605,0.016,50.47,-73,AMAN
NODE_01,1784250378,2026-07-17 08:06:18,5478142,0.621,44.71,-74,AMAN
NODE_01,1784250438,2026-07-17 08:07:18,2922781,0.331,40.92,-46,AMAN
NODE_01,1784250498,2026-07-17 08:08:18,3198813,0.362,51.36,-64,AMAN
NODE_01,1784250558,2026-07-17 08:09:18,4461270,0.505,54.52,-67,AMAN
NODE_01,1784250618,2026-07-17 08:10:18,2253155,0.255,49.86,-52,AMAN
NODE_01,1784250678,2026-07-17 08:11:18,4110013,0.466,44.21,-85,AMAN
NODE_01,1784250738,2026-07-17 08:12:18,4331232,0.491,39.67,-64,AMAN
NODE_01,1784250798,2026-07-17 08:13:18,1170425,0.133,50.63,-76,AMAN
NODE_01,1784250858,2026-07-17 08:14:18,1723087,0.195,42.51,-74,AMAN
NODE_01,1784250918,2026-07-17 08:15:18,3756252,0.426,45.33,-57,AMAN
NODE_01,1784250978,2026-07-17 08:16:18,1631396,0.185,51.35,-69,AMAN
NODE_01,1784251038,2026-07-17 08:17:18,4885635,0.554,54.35,-68,AMAN
NODE_01,1784251098,2026-07-17 08:18:18,840213,0.095,45.27,-71,AMAN
NODE_01,1784251158,2026-07-17 08:19:18,1394593,0.158,50.8,-59,AMAN
NODE_01,1784251218,2026-07-17 08:20:18,4523108,0.512,42.47,-60,AMAN
NODE_01,1784251278,2026-07-17 08:21:18,5443360,0.617,54.22,-71,AMAN
NODE_01,1784251338,2026-07-17 08:22:18,3684640,0.417,44.0,-83,AMAN
NODE_01,1784251398,2026-07-17 08:23:18,2234666,0.253,50.08,-71,AMAN
NODE_01,1784251458,2026-07-17 08:24:18,5292982,0.6,50.69,-57,AMAN
NODE_01,1784251518,2026-07-17 08:25:18,2604056,0.295,48.87,-52,AMAN
NODE_01,1784251578,2026-07-17 08:26:18,3649197,0.413,48.65,-81,AMAN
NODE_01,1784251638,2026-07-17 08:27:18,2856231,0.324,41.35,-71,AMAN
NODE_01,1784251698,2026-07-17 08:28:18,1430893,0.162,40.58,-48,AMAN
NODE_01,1784251758,2026-07-17 08:29:18,984896,0.112,49.0,-49,AMAN
NODE_01,1784251818,2026-07-17 08:30:18,2108292,0.239,47.87,-68,AMAN
NODE_01,1784251878,2026-07-17 08:31:18,2454718,0.278,46.87,-51,AMAN
NODE_01,1784251938,2026-07-17 08:32:18,4136138,0.469,49.28,-53,AMAN
NODE_01,1784251998,2026-07-17 08:33:18,2982750,0.338,45.61,-70,AMAN
NODE_01,1784252058,2026-07-17 08:34:18,2337319,0.265,41.85,-71,AMAN
NODE_01,1784252118,2026-07-17 08:35:18,1277833,0.145,48.86,-63,AMAN
NODE_01,1784252178,2026-07-17 08:36:18,4028472,0.456,43.19,-49,AMAN
NODE_01,1784252238,2026-07-17 08:37:18,0,0.0,43.99,-66,AMAN
NODE_01,1784252298,2026-07-17 08:38:18,0,0.0,44.09,-46,AMAN
NODE_01,1784252358,2026-07-17 08:39:18,2536517,0.287,41.06,-49,AMAN
NODE_01,1784252418,2026-07-17 08:40:18,1821772,0.206,42.35,-64,AMAN
NODE_01,1784252478,2026-07-17 08:41:18,572584,0.065,50.58,-61,AMAN
NODE_01,1784252538,2026-07-17 08:42:18,3595958,0.407,46.13,-60,AMAN
NODE_01,1784252598,2026-07-17 08:43:18,4322854,0.49,46.35,-63,AMAN
NODE_01,1784252658,2026-07-17 08:44:18,2642391,0.299,52.98,-61,AMAN
NODE_01,1784252718,2026-07-17 08:45:18,2679916,0.304,43.47,-75,AMAN
NODE_01,1784252778,2026-07-17 08:46:18,5129957,0.581,47.35,-48,AMAN
NODE_01,1784252838,2026-07-17 08:47:18,1576846,0.179,41.82,-69,AMAN
NODE_01,1784252898,2026-07-17 08:48:18,4320971,0.49,45.79,-78,AMAN
NODE_01,1784252958,2026-07-17 08:49:18,2835495,0.321,48.63,-82,AMAN
NODE_01,1784253018,2026-07-17 08:50:18,2932669,0.332,41.73,-53,AMAN
NODE_01,1784253078,2026-07-17 08:51:18,2922182,0.331,47.78,-76,AMAN
NODE_01,1784253138,2026-07-17 08:52:18,1578948,0.179,52.55,-62,AMAN
NODE_01,1784253198,2026-07-17 08:53:18,0,0.0,47.13,-62,AMAN
NODE_01,1784253258,2026-07-17 08:54:18,4121817,0.467,52.74,-67,AMAN
NODE_01,1784253318,2026-07-17 08:55:18,3790913,0.429,40.44,-83,AMAN
NODE_01,1784253378,2026-07-17 08:56:18,1082176,0.123,52.87,-53,AMAN
NODE_01,1784253438,2026-07-17 08:57:18,2267418,0.257,51.21,-78,AMAN
NODE_01,1784253498,2026-07-17 08:58:18,2981682,0.338,51.96,-67,AMAN
NODE_01,1784253558,2026-07-17 08:59:18,2643036,0.299,50.63,-83,AMAN
NODE_01,1784253618,2026-07-17 09:00:18,1217652,0.138,48.83,-83,AMAN
NODE_01,1784253678,2026-07-17 09:01:18,533380,0.06,49.84,-61,AMAN
NODE_01,1784253738,2026-07-17 09:02:18,202458,0.023,50.53,-48,AMAN
NODE_01,1784253798,2026-07-17 09:03:18,4012790,0.455,39.95,-69,AMAN
NODE_01,1784253858,2026-07-17 09:04:18,4723310,0.535,47.27,-71,AMAN
NODE_01,1784253918,2026-07-17 09:05:18,0,0.0,48.84,-59,AMAN
NODE_01,1784253978,2026-07-17 09:06:18,3678897,0.417,46.82,-54,AMAN
NODE_01,1784254038,2026-07-17 09:07:18,879574,0.1,54.46,-45,AMAN
NODE_01,1784254098,2026-07-17 09:08:18,1542017,0.175,43.01,-60,AMAN
NODE_01,1784254158,2026-07-17 09:09:18,3594812,0.407,50.21,-77,AMAN
NODE_01,1784254218,2026-07-17 09:10:18,3986490,0.452,44.64,-82,AMAN
NODE_01,1784254278,2026-07-17 09:11:18,2615237,0.296,43.74,-52,AMAN
NODE_01,1784254338,2026-07-17 09:12:18,1716598,0.194,41.9,-49,AMAN
NODE_01,1784254398,2026-07-17 09:13:18,3102223,0.351,45.35,-61,AMAN
NODE_01,1784254458,2026-07-17 09:14:18,1150793,0.13,45.91,-83,AMAN
NODE_01,1784254518,2026-07-17 09:15:18,3745476,0.424,54.72,-63,AMAN
NODE_01,1784254578,2026-07-17 09:16:18,2687944,0.305,43.77,-52,AMAN
NODE_01,1784254638,2026-07-17 09:17:18,0,0.0,49.88,-70,AMAN
NODE_01,1784254698,2026-07-17 09:18:18,1313333,0.149,40.29,-72,AMAN
NODE_01,1784254758,2026-07-17 09:19:18,831988,0.094,49.21,-80,AMAN
NODE_01,1784254818,2026-07-17 09:20:18,5321700,0.603,47.14,-45,AMAN
NODE_01,1784254878,2026-07-17 09:21:18,1570265,0.178,42.42,-49,AMAN
NODE_01,1784254938,2026-07-17 09:22:18,145498,0.016,48.36,-60,AMAN
NODE_01,1784254998,2026-07-17 09:23:18,3357892,0.38,45.28,-51,AMAN
NODE_01,1784255058,2026-07-17 09:24:18,0,0.0,45.51,-58,AMAN
NODE_01,1784255118,2026-07-17 09:25:18,4797344,0.544,53.47,-55,AMAN
NODE_01,1784255178,2026-07-17 09:26:18,3402442,0.385,53.18,-73,AMAN
NODE_01,1784255238,2026-07-17 09:27:18,3034673,0.344,43.41,-66,AMAN
NODE_01,1784255298,2026-07-17 09:28:18,2686788,0.304,52.31,-56,AMAN
NODE_01,1784255358,2026-07-17 09:29:18,1892328,0.214,43.66,-81,AMAN
NODE_01,1784255418,2026-07-17 09:30:18,928875,0.105,52.93,-68,AMAN
NODE_01,1784255478,2026-07-17 09:31:18,4400697,0.499,54.05,-54,AMAN
NODE_01,1784255538,2026-07-17 09:32:18,3349456,0.379,48.49,-77,AMAN
NODE_01,1784255598,2026-07-17 09:33:18,2616484,0.296,39.92,-85,AMAN
NODE_01,1784255658,2026-07-17 09:34:18,3049310,0.345,50.54,-61,AMAN
NODE_01,1784255718,2026-07-17 09:35:18,1361646,0.154,41.58,-69,AMAN
NODE_01,1784255778,2026-07-17 09:36:18,3574272,0.405,41.29,-84,AMAN
NODE_01,1784255838,2026-07-17 09:37:18,2517130,0.285,49.13,-61,AMAN
NODE_01,1784255898,2026-07-17 09:38:18,0,0.0,49.05,-67,AMAN
NODE_01,1784255958,2026-07-17 09:39:18,3319933,0.376,45.29,-69,AMAN
NODE_01,1784256018,2026-07-17 09:40:18,1831076,0.207,55.58,-77,AMAN
NODE_01,1784256078,2026-07-17 09:41:18,2302991,0.261,42.53,-68,AMAN
NODE_01,1784256138,2026-07-17 09:42:18,2729744,0.309,46.18,-81,AMAN
NODE_01,1784256198,2026-07-17 09:43:18,3637306,0.412,52.73,-53,AMAN
NODE_01,1784256258,2026-07-17 09:44:18,5282115,0.598,46.52,-81,AMAN
NODE_01,1784256318,2026-07-17 09:45:18,5088407,0.576,52.1,-64,AMAN
NODE_01,1784256378,2026-07-17 09:46:18,4293568,0.486,43.02,-63,AMAN
NODE_01,1784256438,2026-07-17 09:47:18,4450366,0.504,41.33,-66,AMAN
NODE_01,1784256498,2026-07-17 09:48:18,759744,0.086,40.52,-45,AMAN
NODE_01,1784256558,2026-07-17 09:49:18,2249082,0.255,44.18,-53,AMAN
NODE_01,1784256618,2026-07-17 09:50:18,3688812,0.418,50.24,-50,AMAN
NODE_01,1784256678,2026-07-17 09:51:18,3136083,0.355,40.84,-46,AMAN
NODE_01,1784256738,2026-07-17 09:52:18,2719115,0.308,51.34,-60,AMAN
NODE_01,1784256798,2026-07-17 09:53:18,1718931,0.195,45.0,-67,AMAN
NODE_01,1784256858,2026-07-17 09:54:18,3546867,0.402,51.58,-48,AMAN
NODE_01,1784256918,2026-07-17 09:55:18,1001149,0.113,55.26,-46,AMAN
NODE_01,1784256978,2026-07-17 09:56:18,3606206,0.409,51.43,-69,AMAN
NODE_01,1784257038,2026-07-17 09:57:18,2255187,0.256,55.35,-72,AMAN
NODE_01,1784257098,2026-07-17 09:58:18,2315548,0.262,48.46,-48,AMAN
NODE_01,1784257158,2026-07-17 09:59:18,2578879,0.292,55.46,-66,AMAN
NODE_01,1784257218,2026-07-17 10:00:18,2784705,0.315,54.22,-68,AMAN
NODE_01,1784257278,2026-07-17 10:01:18,4051461,0.459,41.9,-73,AMAN
NODE_01,1784257338,2026-07-17 10:02:18,2128287,0.241,45.86,-55,AMAN
NODE_01,1784257398,2026-07-17 10:03:18,1263195,0.143,48.74,-63,AMAN
NODE_01,1784257458,2026-07-17 10:04:18,3498557,0.396,48.53,-52,AMAN
NODE_01,1784257518,2026-07-17 10:05:18,4187306,0.474,50.4,-45,AMAN
NODE_01,1784257578,2026-07-17 10:06:18,247222,0.028,50.79,-54,AMAN
NODE_01,1784257638,2026-07-17 10:07:18,3657328,0.414,50.0,-77,AMAN
NODE_01,1784257698,2026-07-17 10:08:18,3074073,0.348,43.53,-66,AMAN
NODE_01,1784257758,2026-07-17 10:09:18,3572158,0.405,47.82,-62,AMAN
NODE_01,1784257818,2026-07-17 10:10:18,500465,0.057,51.36,-65,AMAN
NODE_01,1784257878,2026-07-17 10:11:18,3622342,0.41,48.3,-50,AMAN
NODE_01,1784257938,2026-07-17 10:12:18,1355673,0.154,40.34,-66,AMAN
NODE_01,1784257998,2026-07-17 10:13:18,974090,0.11,50.54,-81,AMAN
NODE_01,1784258058,2026-07-17 10:14:18,1935036,0.219,53.45,-75,AMAN
NODE_01,1784258118,2026-07-17 10:15:18,2971220,0.337,55.36,-63,AMAN
NODE_01,1784258178,2026-07-17 10:16:18,3406630,0.386,49.06,-80,AMAN
NODE_01,1784258238,2026-07-17 10:17:18,4465458,0.506,44.0,-47,AMAN
NODE_01,1784258298,2026-07-17 10:18:18,0,0.0,41.36,-60,AMAN
NODE_01,1784258358,2026-07-17 10:19:18,5001846,0.567,48.48,-63,AMAN
NODE_01,1784258418,2026-07-17 10:20:18,1810463,0.205,49.95,-60,AMAN
NODE_01,1784258478,2026-07-17 10:21:18,1877298,0.213,53.43,-70,AMAN
NODE_01,1784258538,2026-07-17 10:22:18,1160778,0.132,48.55,-57,AMAN
NODE_01,1784258598,2026-07-17 10:23:18,2838360,0.322,52.83,-75,AMAN
NODE_01,1784258658,2026-07-17 10:24:18,3061655,0.347,48.82,-73,AMAN
NODE_01,1784258718,2026-07-17 10:25:18,4080009,0.462,50.42,-45,AMAN
NODE_01,1784258778,2026-07-17 10:26:18,2626299,0.298,51.66,-81,AMAN
NODE_01,1784258838,2026-07-17 10:27:18,4163114,0.472,53.34,-66,AMAN
NODE_01,1784258898,2026-07-17 10:28:18,4266542,0.483,53.63,-62,AMAN
NODE_01,1784258958,2026-07-17 10:29:18,4279956,0.485,50.69,-48,AMAN
NODE_01,1784259018,2026-07-17 10:30:18,0,0.0,48.13,-67,AMAN
NODE_01,1784259078,2026-07-17 10:31:18,2062611,0.234,50.74,-70,AMAN
NODE_01,1784259138,2026-07-17 10:32:18,4195771,0.475,54.31,-60,AMAN
NODE_01,1784259198,2026-07-17 10:33:18,4009468,0.454,41.81,-57,AMAN
NODE_01,1784259258,2026-07-17 10:34:18,2057770,0.233,48.25,-57,AMAN
NODE_01,1784259318,2026-07-17 10:35:18,0,0.0,54.94,-78,AMAN
NODE_01,1784259378,2026-07-17 10:36:18,3965920,0.449,44.38,-78,AMAN
NODE_01,1784259438,2026-07-17 10:37:18,1792074,0.203,45.96,-55,AMAN
NODE_01,1784259498,2026-07-17 10:38:18,4342305,0.492,41.63,-56,AMAN
NODE_01,1784259558,2026-07-17 10:39:18,4256495,0.482,52.54,-59,AMAN
NODE_01,1784259618,2026-07-17 10:40:18,4736941,0.537,53.91,-71,AMAN
NODE_01,1784259678,2026-07-17 10:41:18,795323,0.09,53.03,-65,AMAN
NODE_01,1784259738,2026-07-17 10:42:18,3824218,0.433,52.86,-80,AMAN
NODE_01,1784259798,2026-07-17 10:43:18,2790249,0.316,43.72,-67,AMAN
NODE_01,1784259858,2026-07-17 10:44:18,0,0.0,55.33,-56,AMAN
NODE_01,1784259918,2026-07-17 10:45:18,1712531,0.194,51.27,-68,AMAN
NODE_01,1784259978,2026-07-17 10:46:18,2671448,0.303,44.64,-72,AMAN
NODE_01,1784260038,2026-07-17 10:47:18,114792,0.013,49.1,-55,AMAN
NODE_01,1784260098,2026-07-17 10:48:18,3457357,0.392,48.41,-53,AMAN
NODE_01,1784260158,2026-07-17 10:49:18,3865670,0.438,43.89,-67,AMAN
NODE_01,1784260218,2026-07-17 10:50:18,5810317,0.658,54.46,-74,AMAN
NODE_01,1784260278,2026-07-17 10:51:18,2978922,0.338,41.9,-56,AMAN
NODE_01,1784260338,2026-07-17 10:52:18,4186830,0.474,42.25,-49,AMAN
NODE_01,1784260398,2026-07-17 10:53:18,1607334,0.182,52.98,-81,AMAN
NODE_01,1784260458,2026-07-17 10:54:18,1762379,0.2,49.33,-78,AMAN
NODE_01,1784260518,2026-07-17 10:55:18,3485809,0.395,53.58,-70,AMAN
NODE_01,1784260578,2026-07-17 10:56:18,1845743,0.209,48.13,-79,AMAN
NODE_01,1784260638,2026-07-17 10:57:18,1910021,0.216,41.9,-62,AMAN
NODE_01,1784260698,2026-07-17 10:58:18,75970,0.009,43.64,-52,AMAN
NODE_01,1784260758,2026-07-17 10:59:18,4701947,0.533,39.25,-62,AMAN
NODE_01,1784260818,2026-07-17 11:00:18,2714045,0.307,54.03,-72,AMAN
NODE_01,1784260878,2026-07-17 11:01:18,4461756,0.506,45.67,-67,AMAN
NODE_01,1784260938,2026-07-17 11:02:18,2690839,0.305,47.2,-85,AMAN
NODE_01,1784260998,2026-07-17 11:03:18,303250,0.034,45.58,-58,AMAN
NODE_01,1784261058,2026-07-17 11:04:18,1705724,0.193,41.58,-74,AMAN
NODE_01,1784261118,2026-07-17 11:05:18,2089677,0.237,48.74,-82,AMAN
NODE_01,1784261178,2026-07-17 11:06:18,1468268,0.166,52.36,-77,AMAN
NODE_01,1784261238,2026-07-17 11:07:18,2823827,0.32,52.01,-55,AMAN
NODE_01,1784261298,2026-07-17 11:08:18,3605889,0.409,53.15,-70,AMAN
NODE_01,1784261358,2026-07-17 11:09:18,4071142,0.461,55.32,-74,AMAN
NODE_01,1784261418,2026-07-17 11:10:18,1111682,0.126,49.77,-80,AMAN
NODE_01,1784261478,2026-07-17 11:11:18,666517,0.076,50.37,-70,AMAN
NODE_01,1784261538,2026-07-17 11:12:18,1556199,0.176,54.47,-51,AMAN
NODE_01,1784261598,2026-07-17 11:13:18,3870208,0.438,47.26,-72,AMAN
NODE_01,1784261658,2026-07-17 11:14:18,3516313,0.398,46.36,-81,AMAN
NODE_01,1784261718,2026-07-17 11:15:18,2162296,0.245,41.59,-64,AMAN
NODE_01,1784261778,2026-07-17 11:16:18,2406319,0.273,45.32,-84,AMAN
NODE_01,1784261838,2026-07-17 11:17:18,2497466,0.283,47.01,-54,AMAN
NODE_01,1784261898,2026-07-17 11:18:18,4248320,0.481,49.77,-48,AMAN
NODE_01,1784261958,2026-07-17 11:19:18,2533071,0.287,52.81,-59,AMAN
NODE_01,1784262018,2026-07-17 11:20:18,1933414,0.219,41.26,-53,AMAN
NODE_01,1784262078,2026-07-17 11:21:18,385480,0.044,45.52,-63,AMAN
NODE_01,1784262138,2026-07-17 11:22:18,2836182,0.321,50.09,-81,AMAN
NODE_01,1784262198,2026-07-17 11:23:18,4838618,0.548,43.93,-47,AMAN
NODE_01,1784262258,2026-07-17 11:24:18,184967,0.021,46.52,-71,AMAN
NODE_01,1784262318,2026-07-17 11:25:18,2667037,0.302,43.61,-79,AMAN
NODE_01,1784262378,2026-07-17 11:26:18,4554386,0.516,41.02,-48,AMAN
NODE_01,1784262438,2026-07-17 11:27:18,1563077,0.177,51.69,-56,AMAN
NODE_01,1784262498,2026-07-17 11:28:18,3168074,0.359,43.13,-77,AMAN
NODE_01,1784262558,2026-07-17 11:29:18,2085763,0.236,46.96,-56,AMAN
NODE_01,1784262618,2026-07-17 11:30:18,3973028,0.45,43.38,-56,AMAN
NODE_01,1784262678,2026-07-17 11:31:18,490996,0.056,42.04,-82,AMAN
NODE_01,1784262738,2026-07-17 11:32:18,5054880,0.573,49.91,-59,AMAN
NODE_01,1784262798,2026-07-17 11:33:18,915797,0.104,51.27,-49,AMAN
NODE_01,1784262858,2026-07-17 11:34:18,0,0.0,49.47,-64,AMAN
NODE_01,1784262918,2026-07-17 11:35:18,2456368,0.278,48.38,-51,AMAN
NODE_01,1784262978,2026-07-17 11:36:18,1971263,0.223,41.06,-85,AMAN
NODE_01,1784263038,2026-07-17 11:37:18,3294891,0.373,46.0,-69,AMAN
NODE_01,1784263098,2026-07-17 11:38:18,2323342,0.263,50.49,-46,AMAN
NODE_01,1784263158,2026-07-17 11:39:18,3059494,0.347,45.51,-50,AMAN
NODE_01,1784263218,2026-07-17 11:40:18,1118244,0.127,44.67,-58,AMAN
NODE_01,1784263278,2026-07-17 11:41:18,2971075,0.337,49.08,-80,AMAN
NODE_01,1784263338,2026-07-17 11:42:18,1034592,0.117,46.77,-71,AMAN
NODE_01,1784263398,2026-07-17 11:43:18,614597,0.07,43.76,-59,AMAN
NODE_01,1784263458,2026-07-17 11:44:18,2683119,0.304,46.3,-82,AMAN
NODE_01,1784263518,2026-07-17 11:45:18,2462484,0.279,41.25,-68,AMAN
NODE_01,1784263578,2026-07-17 11:46:18,3678935,0.417,53.93,-53,AMAN
NODE_01,1784263638,2026-07-17 11:47:18,4776209,0.541,45.87,-51,AMAN
NODE_01,1784263698,2026-07-17 11:48:18,1544406,0.175,49.24,-74,AMAN
NODE_01,1784263758,2026-07-17 11:49:18,1975074,0.224,49.02,-70,AMAN
NODE_01,1784263818,2026-07-17 11:50:18,3874869,0.439,40.47,-82,AMAN
NODE_01,1784263878,2026-07-17 11:51:18,4362879,0.494,46.25,-77,AMAN
NODE_01,1784263938,2026-07-17 11:52:18,2113741,0.239,44.86,-72,AMAN
NODE_01,1784263998,2026-07-17 11:53:18,5016001,0.568,51.7,-49,AMAN
NODE_01,1784264058,2026-07-17 11:54:18,5048157,0.572,43.86,-51,AMAN
NODE_01,1784264118,2026-07-17 11:55:18,4582242,0.519,48.01,-54,AMAN
NODE_01,1784264178,2026-07-17 11:56:18,354059,0.04,45.47,-68,AMAN
NODE_01,1784264238,2026-07-17 11:57:18,339768,0.038,41.6,-61,AMAN
NODE_01,1784264298,2026-07-17 11:58:18,1468884,0.166,46.92,-61,AMAN
NODE_01,1784264358,2026-07-17 11:59:18,2627741,0.298,46.47,-80,AMAN
NODE_01,1784264418,2026-07-17 12:00:18,4450557,0.504,50.36,-54,AMAN
NODE_01,1784264478,2026-07-17 12:01:18,2846478,0.322,51.28,-85,AMAN
NODE_01,1784264538,2026-07-17 12:02:18,2282144,0.259,54.23,-76,AMAN
NODE_01,1784264598,2026-07-17 12:03:18,4020713,0.456,44.2,-77,AMAN
NODE_01,1784264658,2026-07-17 12:04:18,3644745,0.413,48.26,-80,AMAN
NODE_01,1784264718,2026-07-17 12:05:18,2698355,0.306,53.38,-67,AMAN
NODE_01,1784264778,2026-07-17 12:06:18,5064867,0.574,52.02,-54,AMAN
NODE_01,1784264838,2026-07-17 12:07:18,951856,0.108,48.31,-71,AMAN
NODE_01,1784264898,2026-07-17 12:08:18,2249406,0.255,48.67,-50,AMAN
NODE_01,1784264958,2026-07-17 12:09:18,252056,0.029,41.69,-45,AMAN
NODE_01,1784265018,2026-07-17 12:10:18,3213919,0.364,44.27,-59,AMAN
NODE_01,1784265078,2026-07-17 12:11:18,3864786,0.438,50.48,-76,AMAN
NODE_01,1784265138,2026-07-17 12:12:18,5216599,0.591,47.54,-61,AMAN
NODE_01,1784265198,2026-07-17 12:13:18,3339085,0.378,50.09,-56,AMAN
NODE_01,1784265258,2026-07-17 12:14:18,1607438,0.182,41.01,-69,AMAN
NODE_01,1784265318,2026-07-17 12:15:18,5334101,0.604,47.95,-76,AMAN
NODE_01,1784265378,2026-07-17 12:16:18,3104917,0.352,48.55,-85,AMAN
NODE_01,1784265438,2026-07-17 12:17:18,2338092,0.265,41.53,-62,AMAN
NODE_01,1784265498,2026-07-17 12:18:18,3934363,0.446,43.47,-70,AMAN
NODE_01,1784265558,2026-07-17 12:19:18,1736423,0.197,39.73,-79,AMAN
NODE_01,1784265618,2026-07-17 12:20:18,4306124,0.488,49.3,-84,AMAN
NODE_01,1784265678,2026-07-17 12:21:18,2622782,0.297,46.45,-82,AMAN
NODE_01,1784265738,2026-07-17 12:22:18,3540572,0.401,44.96,-77,AMAN
NODE_01,1784265798,2026-07-17 12:23:18,2339466,0.265,43.99,-79,AMAN
NODE_01,1784265858,2026-07-17 12:24:18,0,0.0,45.03,-54,AMAN
NODE_01,1784265918,2026-07-17 12:25:18,2608348,0.296,46.27,-68,AMAN
NODE_01,1784265978,2026-07-17 12:26:18,3412678,0.387,43.07,-57,AMAN
NODE_01,1784266038,2026-07-17 12:27:18,824372,0.093,45.28,-47,AMAN
NODE_01,1784266098,2026-07-17 12:28:18,472115,0.053,46.91,-71,AMAN
NODE_01,1784266158,2026-07-17 12:29:18,1333316,0.151,52.48,-74,AMAN
NODE_01,1784266218,2026-07-17 12:30:18,863389,0.098,40.48,-51,AMAN
NODE_01,1784266278,2026-07-17 12:31:18,1776765,0.201,43.35,-54,AMAN
NODE_01,1784266338,2026-07-17 12:32:18,4532629,0.514,52.03,-72,AMAN
NODE_01,1784266398,2026-07-17 12:33:18,0,0.0,45.75,-46,AMAN
NODE_01,1784266458,2026-07-17 12:34:18,4917329,0.557,46.62,-53,AMAN
NODE_01,1784266518,2026-07-17 12:35:18,814592,0.092,53.91,-81,AMAN
NODE_01,1784266578,2026-07-17 12:36:18,4833916,0.548,52.26,-74,AMAN
NODE_01,1784266638,2026-07-17 12:37:18,285585,0.032,41.56,-59,AMAN
NODE_01,1784266698,2026-07-17 12:38:18,3562333,0.404,51.24,-54,AMAN
NODE_01,1784266758,2026-07-17 12:39:18,4890168,0.554,44.85,-57,AMAN
NODE_01,1784266818,2026-07-17 12:40:18,1922574,0.218,48.2,-71,AMAN
NODE_01,1784266878,2026-07-17 12:41:18,1673764,0.19,43.98,-53,AMAN
NODE_01,1784266938,2026-07-17 12:42:18,670308,0.076,54.62,-55,AMAN
NODE_01,1784266998,2026-07-17 12:43:18,3815797,0.432,50.46,-48,AMAN
NODE_01,1784267058,2026-07-17 12:44:18,4017536,0.455,44.97,-85,AMAN
NODE_01,1784267118,2026-07-17 12:45:18,1853303,0.21,50.03,-57,AMAN
NODE_01,1784267178,2026-07-17 12:46:18,2890650,0.328,54.53,-53,AMAN
NODE_01,1784267238,2026-07-17 12:47:18,4122741,0.467,47.99,-59,AMAN
NODE_01,1784267298,2026-07-17 12:48:18,3459086,0.392,44.45,-46,AMAN
NODE_01,1784267358,2026-07-17 12:49:18,3260476,0.369,51.45,-50,AMAN
NODE_01,1784267418,2026-07-17 12:50:18,2481333,0.281,51.76,-55,AMAN
NODE_01,1784267478,2026-07-17 12:51:18,2400349,0.272,41.35,-70,AMAN
NODE_01,1784267538,2026-07-17 12:52:18,1690033,0.191,54.35,-64,AMAN
NODE_01,1784267598,2026-07-17 12:53:18,3920325,0.444,54.35,-58,AMAN
NODE_01,1784267658,2026-07-17 12:54:18,0,0.0,52.93,-54,AMAN
NODE_01,1784267718,2026-07-17 12:55:18,2697538,0.306,51.04,-58,AMAN
NODE_01,1784267778,2026-07-17 12:56:18,4301874,0.487,39.99,-69,AMAN
NODE_01,1784267838,2026-07-17 12:57:18,3183844,0.361,51.24,-52,AMAN
NODE_01,1784267898,2026-07-17 12:58:18,3212684,0.364,51.97,-79,AMAN
NODE_01,1784267958,2026-07-17 12:59:18,1099088,0.125,42.42,-62,AMAN
NODE_01,1784268018,2026-07-17 13:00:18,5846183,0.662,39.97,-65,AMAN
NODE_01,1784268078,2026-07-17 13:01:18,802089,0.091,52.52,-47,AMAN
NODE_01,1784268138,2026-07-17 13:02:18,1645349,0.186,51.65,-70,AMAN
NODE_01,1784268198,2026-07-17 13:03:18,1359165,0.154,39.73,-57,AMAN
NODE_01,1784268258,2026-07-17 13:04:18,4355264,0.493,46.68,-73,AMAN
NODE_01,1784268318,2026-07-17 13:05:18,1071656,0.121,43.19,-46,AMAN
NODE_01,1784268378,2026-07-17 13:06:18,4521825,0.512,53.21,-47,AMAN
NODE_01,1784268438,2026-07-17 13:07:18,733412,0.083,44.01,-69,AMAN
NODE_01,1784268498,2026-07-17 13:08:18,867526,0.098,49.13,-84,AMAN
NODE_01,1784268558,2026-07-17 13:09:18,2739557,0.31,42.67,-79,AMAN
NODE_01,1784268618,2026-07-17 13:10:18,5156928,0.584,50.79,-84,AMAN
NODE_01,1784268678,2026-07-17 13:11:18,2127503,0.241,47.62,-61,AMAN
NODE_01,1784268738,2026-07-17 13:12:18,821934,0.093,50.5,-68,AMAN
NODE_01,1784268798,2026-07-17 13:13:18,4792382,0.543,52.04,-67,AMAN
NODE_01,1784268858,2026-07-17 13:14:18,446717,0.051,48.53,-53,AMAN
NODE_01,1784268918,2026-07-17 13:15:18,5375356,0.609,45.68,-60,AMAN
NODE_01,1784268978,2026-07-17 13:16:18,4986299,0.565,51.12,-47,AMAN
NODE_01,1784269038,2026-07-17 13:17:18,5183806,0.587,49.41,-56,AMAN
NODE_01,1784269098,2026-07-17 13:18:18,2147332,0.243,50.75,-75,AMAN
NODE_01,1784269158,2026-07-17 13:19:18,159815,0.018,50.72,-81,AMAN
NODE_01,1784269218,2026-07-17 13:20:18,49200,0.006,47.74,-46,AMAN
NODE_01,1784269278,2026-07-17 13:21:18,2812644,0.319,46.29,-81,AMAN
NODE_01,1784269338,2026-07-17 13:22:18,2411715,0.273,41.35,-45,AMAN
NODE_01,1784269398,2026-07-17 13:23:18,4516904,0.512,46.61,-52,AMAN
NODE_01,1784269458,2026-07-17 13:24:18,2001918,0.227,47.0,-78,AMAN
NODE_01,1784269518,2026-07-17 13:25:18,3037798,0.344,49.61,-56,AMAN
NODE_01,1784269578,2026-07-17 13:26:18,2578813,0.292,54.92,-60,AMAN
NODE_01,1784269638,2026-07-17 13:27:18,3671540,0.416,45.3,-51,AMAN
NODE_01,1784269698,2026-07-17 13:28:18,408190,0.046,47.12,-80,AMAN
NODE_01,1784269758,2026-07-17 13:29:18,2894357,0.328,48.6,-55,AMAN
NODE_01,1784269818,2026-07-17 13:30:18,5203010,0.589,44.62,-47,AMAN
NODE_01,1784269878,2026-07-17 13:31:18,2822445,0.32,53.05,-58,AMAN
NODE_01,1784269938,2026-07-17 13:32:18,3670214,0.416,47.71,-79,AMAN
NODE_01,1784269998,2026-07-17 13:33:18,0,0.0,44.42,-71,AMAN
NODE_01,1784270058,2026-07-17 13:34:18,1392620,0.158,47.26,-51,AMAN
NODE_01,1784270118,2026-07-17 13:35:18,3294727,0.373,48.78,-84,AMAN
NODE_01,1784270178,2026-07-17 13:36:18,5457325,0.618,54.74,-77,AMAN
NODE_01,1784270238,2026-07-17 13:37:18,3017815,0.342,41.79,-56,AMAN
NODE_01,1784270298,2026-07-17 13:38:18,2234869,0.253,48.33,-53,AMAN
NODE_01,1784270358,2026-07-17 13:39:18,3272426,0.371,45.47,-66,AMAN
NODE_01,1784270418,2026-07-17 13:40:18,5168633,0.586,46.81,-48,AMAN
NODE_01,1784270478,2026-07-17 13:41:18,5354904,0.607,50.33,-52,AMAN
NODE_01,1784270538,2026-07-17 13:42:18,0,0.0,51.13,-60,AMAN
NODE_01,1784270598,2026-07-17 13:43:18,485014,0.055,41.0,-58,AMAN
NODE_01,1784270658,2026-07-17 13:44:18,579851,0.066,50.31,-48,AMAN
NODE_01,1784270718,2026-07-17 13:45:18,2126217,0.241,43.74,-69,AMAN
NODE_01,1784270778,2026-07-17 13:46:18,3434008,0.389,41.26,-47,AMAN
NODE_01,1784270838,2026-07-17 13:47:18,2257290,0.256,41.43,-62,AMAN
NODE_01,1784270898,2026-07-17 13:48:18,3616032,0.41,44.25,-58,AMAN
NODE_01,1784270958,2026-07-17 13:49:18,4126584,0.468,50.28,-80,AMAN
NODE_01,1784271018,2026-07-17 13:50:18,123216,0.014,48.03,-83,AMAN
NODE_01,1784271078,2026-07-17 13:51:18,4475971,0.507,41.38,-67,AMAN
NODE_01,1784271138,2026-07-17 13:52:18,1471067,0.167,42.75,-58,AMAN
NODE_01,1784271198,2026-07-17 13:53:18,3322704,0.376,51.54,-48,AMAN
NODE_01,1784271258,2026-07-17 13:54:18,201205,0.023,53.1,-74,AMAN
NODE_01,1784271318,2026-07-17 13:55:18,2897649,0.328,43.43,-76,AMAN
NODE_01,1784271378,2026-07-17 13:56:18,2804291,0.318,50.87,-71,AMAN
NODE_01,1784271438,2026-07-17 13:57:18,2477071,0.281,53.61,-60,AMAN
NODE_01,1784271498,2026-07-17 13:58:18,3690471,0.418,41.63,-71,AMAN
NODE_01,1784271558,2026-07-17 13:59:18,1995196,0.226,42.89,-59,AMAN
NODE_01,1784271618,2026-07-17 14:00:18,859265,0.097,48.2,-83,AMAN
NODE_01,1784271678,2026-07-17 14:01:18,2944328,0.334,41.83,-67,AMAN
NODE_01,1784271738,2026-07-17 14:02:18,3481268,0.394,44.79,-55,AMAN
NODE_01,1784271798,2026-07-17 14:03:18,427230,0.048,49.82,-54,AMAN
NODE_01,1784271858,2026-07-17 14:04:18,2388074,0.271,50.45,-74,AMAN
NODE_01,1784271918,2026-07-17 14:05:18,2449287,0.277,48.74,-82,AMAN
NODE_01,1784271978,2026-07-17 14:06:18,361729,0.041,45.92,-65,AMAN
NODE_01,1784272038,2026-07-17 14:07:18,3890825,0.441,54.47,-73,AMAN
NODE_01,1784272098,2026-07-17 14:08:18,1169335,0.132,43.44,-48,AMAN
NODE_01,1784272158,2026-07-17 14:09:18,2438644,0.276,42.56,-74,AMAN
NODE_01,1784272218,2026-07-17 14:10:18,4990658,0.565,44.43,-75,AMAN
NODE_01,1784272278,2026-07-17 14:11:18,3692540,0.418,39.91,-46,AMAN
NODE_01,1784272338,2026-07-17 14:12:18,4221299,0.478,52.44,-79,AMAN
NODE_01,1784272398,2026-07-17 14:13:18,4487280,0.508,54.53,-60,AMAN
NODE_01,1784272458,2026-07-17 14:14:18,0,0.0,45.14,-65,AMAN
NODE_01,1784272518,2026-07-17 14:15:18,3516187,0.398,53.01,-62,AMAN
NODE_01,1784272578,2026-07-17 14:16:18,2530221,0.287,39.42,-45,AMAN
NODE_01,1784272638,2026-07-17 14:17:18,3045475,0.345,51.19,-65,AMAN
NODE_01,1784272698,2026-07-17 14:18:18,1587907,0.18,55.53,-66,AMAN
NODE_01,1784272758,2026-07-17 14:19:18,1504653,0.17,50.13,-47,AMAN
NODE_01,1784272818,2026-07-17 14:20:18,4024925,0.456,52.0,-78,AMAN
NODE_01,1784272878,2026-07-17 14:21:18,3609959,0.409,52.3,-69,AMAN
NODE_01,1784272938,2026-07-17 14:22:18,3016935,0.342,41.43,-47,AMAN
NODE_01,1784272998,2026-07-17 14:23:18,1355599,0.154,53.08,-76,AMAN
NODE_01,1784273058,2026-07-17 14:24:18,3387165,0.384,47.97,-50,AMAN
NODE_01,1784273118,2026-07-17 14:25:18,4093373,0.464,49.02,-60,AMAN
NODE_01,1784273178,2026-07-17 14:26:18,4732710,0.536,43.12,-75,AMAN
NODE_01,1784273238,2026-07-17 14:27:18,5950387,0.674,47.02,-60,AMAN
NODE_01,1784273298,2026-07-17 14:28:18,3722821,0.422,55.09,-50,AMAN
NODE_01,1784273358,2026-07-17 14:29:18,1170987,0.133,42.69,-62,AMAN
NODE_01,1784273418,2026-07-17 14:30:18,3503324,0.397,44.46,-54,AMAN
NODE_01,1784273478,2026-07-17 14:31:18,1894455,0.215,53.23,-69,AMAN
NODE_01,1784273538,2026-07-17 14:32:18,2366122,0.268,47.23,-69,AMAN
NODE_01,1784273598,2026-07-17 14:33:18,3999656,0.453,42.85,-75,AMAN
NODE_01,1784273658,2026-07-17 14:34:18,2095941,0.237,40.41,-76,AMAN
NODE_01,1784273718,2026-07-17 14:35:18,11290612,1.279,71.75,-66,SIAGA
NODE_01,1784273778,2026-07-17 14:36:18,11353866,1.286,72.86,-66,SIAGA
NODE_01,1784273838,2026-07-17 14:37:18,10800933,1.224,72.94,-78,SIAGA
NODE_01,1784273898,2026-07-17 14:38:18,7010576,0.794,55.96,-74,AMAN
NODE_01,1784273958,2026-07-17 14:39:18,6866397,0.778,71.34,-76,SIAGA
NODE_01,1784274018,2026-07-17 14:40:18,9195055,1.042,57.05,-47,AMAN
NODE_01,1784274078,2026-07-17 14:41:18,13022145,1.475,71.24,-81,SIAGA
NODE_01,1784274138,2026-07-17 14:42:18,15327971,1.737,63.35,-54,AMAN
NODE_01,1784274198,2026-07-17 14:43:18,8288497,0.939,63.09,-49,AMAN
NODE_01,1784274258,2026-07-17 14:44:18,6795024,0.77,57.33,-80,AMAN
NODE_01,1784274318,2026-07-17 14:45:18,14072307,1.594,54.9,-85,AMAN
NODE_01,1784274378,2026-07-17 14:46:18,6821064,0.773,67.43,-61,AMAN
NODE_01,1784274438,2026-07-17 14:47:18,12220925,1.385,75.49,-47,SIAGA
NODE_01,1784274498,2026-07-17 14:48:18,6599243,0.748,69.9,-75,AMAN
NODE_01,1784274558,2026-07-17 14:49:18,13774301,1.561,68.41,-49,AMAN
NODE_01,1784274618,2026-07-17 14:50:18,8738445,0.99,72.71,-45,SIAGA
NODE_01,1784274678,2026-07-17 14:51:18,3582477,0.406,58.09,-62,AMAN
NODE_01,1784274738,2026-07-17 14:52:18,15489429,1.755,57.61,-57,AMAN
NODE_01,1784274798,2026-07-17 14:53:18,14800661,1.677,55.92,-65,AMAN
NODE_01,1784274858,2026-07-17 14:54:18,11413699,1.293,57.44,-76,AMAN
NODE_01,1784274918,2026-07-17 14:55:18,13023291,1.475,64.85,-76,AMAN
NODE_01,1784274978,2026-07-17 14:56:18,14501725,1.643,72.65,-58,SIAGA
NODE_01,1784275038,2026-07-17 14:57:18,12188267,1.381,64.98,-85,AMAN
NODE_01,1784275098,2026-07-17 14:58:18,12845522,1.455,62.1,-83,AMAN
NODE_01,1784275158,2026-07-17 14:59:18,6095541,0.691,56.73,-62,AMAN
NODE_01,1784275218,2026-07-17 15:00:18,14154053,1.604,64.22,-76,AMAN
NODE_01,1784275278,2026-07-17 15:01:18,14384421,1.63,71.41,-81,SIAGA
NODE_01,1784275338,2026-07-17 15:02:18,13204076,1.496,61.74,-49,AMAN
NODE_01,1784275398,2026-07-17 15:03:18,4190438,0.475,62.8,-60,AMAN
NODE_01,1784275458,2026-07-17 15:04:18,7394957,0.838,69.71,-49,AMAN
NODE_01,1784275518,2026-07-17 15:05:18,6653854,0.754,65.9,-47,AMAN
NODE_01,1784275578,2026-07-17 15:06:18,11493582,1.302,62.63,-69,AMAN
NODE_01,1784275638,2026-07-17 15:07:18,8207349,0.93,73.07,-78,SIAGA
NODE_01,1784275698,2026-07-17 15:08:18,15078114,1.708,71.4,-80,SIAGA
NODE_01,1784275758,2026-07-17 15:09:18,14302717,1.62,74.0,-48,SIAGA
NODE_01,1784275818,2026-07-17 15:10:18,11528088,1.306,66.93,-72,AMAN
NODE_01,1784275878,2026-07-17 15:11:18,12696765,1.438,61.4,-65,AMAN
NODE_01,1784275938,2026-07-17 15:12:18,12133111,1.375,68.77,-50,AMAN
NODE_01,1784275998,2026-07-17 15:13:18,8338664,0.945,66.48,-74,AMAN
NODE_01,1784276058,2026-07-17 15:14:18,14354744,1.626,63.97,-52,AMAN
NODE_01,1784276118,2026-07-17 15:15:18,15135833,1.715,70.41,-70,SIAGA
NODE_01,1784276178,2026-07-17 15:16:18,10950262,1.241,65.94,-74,AMAN
NODE_01,1784276238,2026-07-17 15:17:18,14654172,1.66,71.4,-54,SIAGA
NODE_01,1784276298,2026-07-17 15:18:18,7809915,0.885,66.38,-55,AMAN
NODE_01,1784276358,2026-07-17 15:19:18,9338513,1.058,60.2,-64,AMAN
NODE_01,1784276418,2026-07-17 15:20:18,9653280,1.094,62.83,-55,AMAN
NODE_01,1784276478,2026-07-17 15:21:18,9205813,1.043,59.69,-47,AMAN
NODE_01,1784276538,2026-07-17 15:22:18,13033095,1.477,72.84,-82,SIAGA
NODE_01,1784276598,2026-07-17 15:23:18,12233158,1.386,62.51,-71,AMAN
NODE_01,1784276658,2026-07-17 15:24:18,8571734,0.971,61.62,-51,AMAN
NODE_01,1784276718,2026-07-17 15:25:18,11651841,1.32,71.32,-54,SIAGA
NODE_01,1784276778,2026-07-17 15:26:18,7174978,0.813,72.66,-49,SIAGA
NODE_01,1784276838,2026-07-17 15:27:18,12477939,1.414,64.47,-61,AMAN
NODE_01,1784276898,2026-07-17 15:28:18,5239326,0.594,71.21,-61,SIAGA
NODE_01,1784276958,2026-07-17 15:29:18,5610429,0.636,73.83,-76,SIAGA
NODE_01,1784277018,2026-07-17 15:30:18,9940979,1.126,63.53,-62,AMAN
NODE_01,1784277078,2026-07-17 15:31:18,6854240,0.777,65.99,-60,AMAN
NODE_01,1784277138,2026-07-17 15:32:18,9236693,1.046,59.06,-69,AMAN
NODE_01,1784277198,2026-07-17 15:33:18,13849677,1.569,59.27,-53,AMAN
NODE_01,1784277258,2026-07-17 15:34:18,16521449,1.872,63.07,-51,AMAN
NODE_01,1784277318,2026-07-17 15:35:18,5195433,0.589,63.26,-65,AMAN
NODE_01,1784277378,2026-07-17 15:36:18,15286195,1.732,72.57,-50,SIAGA
NODE_01,1784277438,2026-07-17 15:37:18,11119845,1.26,69.56,-63,AMAN
NODE_01,1784277498,2026-07-17 15:38:18,9615331,1.089,69.69,-54,AMAN
NODE_01,1784277558,2026-07-17 15:39:18,5117055,0.58,59.95,-57,AMAN
NODE_01,1784277618,2026-07-17 15:40:18,10600284,1.201,58.99,-77,AMAN
NODE_01,1784277678,2026-07-17 15:41:18,10282738,1.165,68.69,-51,AMAN
NODE_01,1784277738,2026-07-17 15:42:18,8478403,0.961,63.64,-60,AMAN
NODE_01,1784277798,2026-07-17 15:43:18,10337236,1.171,57.55,-64,AMAN
NODE_01,1784277858,2026-07-17 15:44:18,5479831,0.621,66.58,-63,AMAN
NODE_01,1784277918,2026-07-17 15:45:18,10343794,1.172,65.86,-83,AMAN
NODE_01,1784277978,2026-07-17 15:46:18,5514906,0.625,66.39,-55,AMAN
NODE_01,1784278038,2026-07-17 15:47:18,7373840,0.835,60.69,-74,AMAN
NODE_01,1784278098,2026-07-17 15:48:18,10002289,1.133,72.85,-62,SIAGA
NODE_01,1784278158,2026-07-17 15:49:18,7437050,0.843,56.0,-57,AMAN
NODE_01,1784278218,2026-07-17 15:50:18,13833395,1.567,55.15,-71,AMAN
NODE_01,1784278278,2026-07-17 15:51:18,13475941,1.527,65.4,-67,AMAN
NODE_01,1784278338,2026-07-17 15:52:18,2868359,0.325,64.54,-68,AMAN
NODE_01,1784278398,2026-07-17 15:53:18,5272489,0.597,58.42,-57,AMAN
NODE_01,1784278458,2026-07-17 15:54:18,8403913,0.952,69.14,-61,AMAN
NODE_01,1784278518,2026-07-17 15:55:18,14316162,1.622,56.43,-49,AMAN
NODE_01,1784278578,2026-07-17 15:56:18,10586779,1.199,68.09,-84,AMAN
NODE_01,1784278638,2026-07-17 15:57:18,16278689,1.844,71.41,-56,SIAGA
NODE_01,1784278698,2026-07-17 15:58:18,13709207,1.553,67.68,-71,AMAN
NODE_01,1784278758,2026-07-17 15:59:18,9324094,1.056,62.38,-79,AMAN
NODE_01,1784278818,2026-07-17 16:00:18,8539295,0.967,73.59,-78,SIAGA
NODE_01,1784278878,2026-07-17 16:01:18,13284262,1.505,68.28,-61,AMAN
NODE_01,1784278938,2026-07-17 16:02:18,6186050,0.701,71.45,-66,SIAGA
NODE_01,1784278998,2026-07-17 16:03:18,4162149,0.472,67.11,-68,AMAN
NODE_01,1784279058,2026-07-17 16:04:18,14423878,1.634,64.09,-71,AMAN
NODE_01,1784279118,2026-07-17 16:05:18,4856652,0.55,63.37,-73,AMAN
NODE_01,1784279178,2026-07-17 16:06:18,14280410,1.618,58.25,-76,AMAN
NODE_01,1784279238,2026-07-17 16:07:18,16752614,1.898,56.88,-65,AMAN
NODE_01,1784279298,2026-07-17 16:08:18,10553544,1.196,56.3,-75,AMAN
NODE_01,1784279358,2026-07-17 16:09:18,14364730,1.627,62.81,-47,AMAN
NODE_01,1784279418,2026-07-17 16:10:18,11860799,1.344,69.92,-64,AMAN
NODE_01,1784279478,2026-07-17 16:11:18,8786815,0.996,71.75,-46,SIAGA
NODE_01,1784279538,2026-07-17 16:12:18,6582903,0.746,73.75,-61,SIAGA
NODE_01,1784279598,2026-07-17 16:13:18,8232680,0.933,57.33,-51,AMAN
NODE_01,1784279658,2026-07-17 16:14:18,13408455,1.519,71.17,-78,SIAGA
NODE_01,1784279718,2026-07-17 16:15:18,9410927,1.066,71.0,-73,SIAGA
NODE_01,1784279778,2026-07-17 16:16:18,13441815,1.523,69.54,-56,AMAN
NODE_01,1784279838,2026-07-17 16:17:18,11616856,1.316,58.85,-80,AMAN
NODE_01,1784279898,2026-07-17 16:18:18,6273323,0.711,67.01,-47,AMAN
NODE_01,1784279958,2026-07-17 16:19:18,7578177,0.859,68.54,-48,AMAN
NODE_01,1784280018,2026-07-17 16:20:18,8672520,0.983,54.67,-55,AMAN
NODE_01,1784280078,2026-07-17 16:21:18,7270533,0.824,54.62,-61,AMAN
NODE_01,1784280138,2026-07-17 16:22:18,6389938,0.724,63.05,-63,AMAN
NODE_01,1784280198,2026-07-17 16:23:18,5985550,0.678,58.28,-48,AMAN
NODE_01,1784280258,2026-07-17 16:24:18,9676004,1.096,64.92,-81,AMAN
NODE_01,1784280318,2026-07-17 16:25:18,12943562,1.466,69.74,-55,AMAN
NODE_01,1784280378,2026-07-17 16:26:18,6326476,0.717,72.63,-78,SIAGA
NODE_01,1784280438,2026-07-17 16:27:18,15187864,1.721,66.05,-67,AMAN
NODE_01,1784280498,2026-07-17 16:28:18,12249786,1.388,71.72,-65,SIAGA
NODE_01,1784280558,2026-07-17 16:29:18,11102027,1.258,63.04,-50,AMAN
NODE_01,1784280618,2026-07-17 16:30:18,16083660,1.822,73.91,-62,SIAGA
NODE_01,1784280678,2026-07-17 16:31:18,16601545,1.881,66.37,-79,AMAN
NODE_01,1784280738,2026-07-17 16:32:18,11074757,1.255,62.34,-58,AMAN
NODE_01,1784280798,2026-07-17 16:33:18,12673780,1.436,70.04,-46,SIAGA
NODE_01,1784280858,2026-07-17 16:34:18,6830498,0.774,62.98,-45,AMAN
NODE_01,1784280918,2026-07-17 16:35:18,10137092,1.148,72.3,-49,SIAGA
NODE_01,1784280978,2026-07-17 16:36:18,11002368,1.247,74.63,-45,SIAGA
NODE_01,1784281038,2026-07-17 16:37:18,14446979,1.637,73.32,-63,SIAGA
NODE_01,1784281098,2026-07-17 16:38:18,11438081,1.296,58.25,-70,AMAN
NODE_01,1784281158,2026-07-17 16:39:18,14576730,1.651,55.55,-66,AMAN
NODE_01,1784281218,2026-07-17 16:40:18,4080669,0.462,58.44,-79,AMAN
NODE_01,1784281278,2026-07-17 16:41:18,13756715,1.559,54.63,-69,AMAN
NODE_01,1784281338,2026-07-17 16:42:18,4545016,0.515,65.06,-63,AMAN
NODE_01,1784281398,2026-07-17 16:43:18,9870704,1.118,58.19,-76,AMAN
NODE_01,1784281458,2026-07-17 16:44:18,12288330,1.392,59.78,-81,AMAN
NODE_01,1784281518,2026-07-17 16:45:18,15148419,1.716,58.6,-72,AMAN
NODE_01,1784281578,2026-07-17 16:46:18,4624691,0.524,61.6,-82,AMAN
NODE_01,1784281638,2026-07-17 16:47:18,5617207,0.636,60.62,-57,AMAN
NODE_01,1784281698,2026-07-17 16:48:18,5367954,0.608,63.0,-74,AMAN
NODE_01,1784281758,2026-07-17 16:49:18,14577396,1.652,65.12,-51,AMAN
NODE_01,1784281818,2026-07-17 16:50:18,8532773,0.967,71.44,-59,SIAGA
NODE_01,1784281878,2026-07-17 16:51:18,13052302,1.479,72.03,-48,SIAGA
NODE_01,1784281938,2026-07-17 16:52:18,9277772,1.051,66.82,-57,AMAN
NODE_01,1784281998,2026-07-17 16:53:18,15164548,1.718,58.26,-72,AMAN
NODE_01,1784282058,2026-07-17 16:54:18,12984548,1.471,72.62,-47,SIAGA
NODE_01,1784282118,2026-07-17 16:55:18,8940381,1.013,65.04,-56,AMAN
NODE_01,1784282178,2026-07-17 16:56:18,9520866,1.079,66.7,-65,AMAN
NODE_01,1784282238,2026-07-17 16:57:18,7528568,0.853,71.49,-80,SIAGA
NODE_01,1784282298,2026-07-17 16:58:18,11478740,1.301,62.08,-46,AMAN
NODE_01,1784282358,2026-07-17 16:59:18,9383010,1.063,72.78,-64,SIAGA
NODE_01,1784282418,2026-07-17 17:00:18,9526246,1.079,59.72,-53,AMAN
NODE_01,1784282478,2026-07-17 17:01:18,7370181,0.835,55.18,-78,AMAN
NODE_01,1784282538,2026-07-17 17:02:18,13709828,1.553,65.81,-49,AMAN
NODE_01,1784282598,2026-07-17 17:03:18,11282121,1.278,63.05,-81,AMAN
NODE_01,1784282658,2026-07-17 17:04:18,8586557,0.973,69.92,-56,AMAN
NODE_01,1784282718,2026-07-17 17:05:18,9215963,1.044,59.03,-79,AMAN
NODE_01,1784282778,2026-07-17 17:06:18,8723681,0.988,64.75,-49,AMAN
NODE_01,1784282838,2026-07-17 17:07:18,8162930,0.925,58.31,-85,AMAN
NODE_01,1784282898,2026-07-17 17:08:18,6602794,0.748,58.81,-84,AMAN
NODE_01,1784282958,2026-07-17 17:09:18,4786161,0.542,71.81,-49,SIAGA
NODE_01,1784283018,2026-07-17 17:10:18,6979533,0.791,65.15,-73,AMAN
NODE_01,1784283078,2026-07-17 17:11:18,7922051,0.898,57.45,-52,AMAN
NODE_01,1784283138,2026-07-17 17:12:18,7772511,0.881,67.7,-81,AMAN
NODE_01,1784283198,2026-07-17 17:13:18,11664482,1.322,73.98,-80,SIAGA
NODE_01,1784283258,2026-07-17 17:14:18,4451437,0.504,59.63,-51,AMAN
NODE_01,1784283318,2026-07-17 17:15:18,9904549,1.122,60.16,-72,AMAN
NODE_01,1784283378,2026-07-17 17:16:18,10281506,1.165,59.74,-64,AMAN
NODE_01,1784283438,2026-07-17 17:17:18,13084770,1.482,71.18,-62,SIAGA
NODE_01,1784283498,2026-07-17 17:18:18,8318392,0.942,74.05,-46,SIAGA
NODE_01,1784283558,2026-07-17 17:19:18,9325912,1.057,56.49,-68,AMAN
NODE_01,1784283618,2026-07-17 17:20:18,11508131,1.304,69.15,-66,AMAN
NODE_01,1784283678,2026-07-17 17:21:18,15554941,1.762,59.01,-68,AMAN
NODE_01,1784283738,2026-07-17 17:22:18,5352882,0.606,73.76,-53,SIAGA
NODE_01,1784283798,2026-07-17 17:23:18,7930539,0.899,64.44,-61,AMAN
NODE_01,1784283858,2026-07-17 17:24:18,17416971,1.973,62.58,-75,AMAN
NODE_01,1784283918,2026-07-17 17:25:18,7340268,0.832,58.31,-76,AMAN
NODE_01,1784283978,2026-07-17 17:26:18,15677084,1.776,72.24,-71,SIAGA
NODE_01,1784284038,2026-07-17 17:27:18,5309879,0.602,73.48,-59,SIAGA
NODE_01,1784284098,2026-07-17 17:28:18,6100042,0.691,69.73,-62,AMAN
NODE_01,1784284158,2026-07-17 17:29:18,7034721,0.797,65.29,-78,AMAN
NODE_01,1784284218,2026-07-17 17:30:18,13846717,1.569,71.57,-46,SIAGA
NODE_01,1784284278,2026-07-17 17:31:18,8446125,0.957,59.33,-48,AMAN
NODE_01,1784284338,2026-07-17 17:32:18,12101981,1.371,64.06,-84,AMAN
NODE_01,1784284398,2026-07-17 17:33:18,15693047,1.778,66.85,-83,AMAN
NODE_01,1784284458,2026-07-17 17:34:18,6406984,0.726,68.66,-59,AMAN
NODE_01,1784284518,2026-07-17 17:35:18,8819515,0.999,68.75,-75,AMAN
NODE_01,1784284578,2026-07-17 17:36:18,7399957,0.838,71.66,-83,SIAGA
NODE_01,1784284638,2026-07-17 17:37:18,5006477,0.567,74.41,-50,SIAGA
NODE_01,1784284698,2026-07-17 17:38:18,5671079,0.643,57.62,-76,AMAN
NODE_01,1784284758,2026-07-17 17:39:18,10651012,1.207,59.42,-65,AMAN
NODE_01,1784284818,2026-07-17 17:40:18,10654205,1.207,61.83,-75,AMAN
NODE_01,1784284878,2026-07-17 17:41:18,4548935,0.515,68.28,-59,AMAN
NODE_01,1784284938,2026-07-17 17:42:18,6230898,0.706,64.87,-45,AMAN
NODE_01,1784284998,2026-07-17 17:43:18,15902748,1.802,66.09,-65,AMAN
NODE_01,1784285058,2026-07-17 17:44:18,12934269,1.465,63.67,-69,AMAN
NODE_01,1784285118,2026-07-17 17:45:18,11888896,1.347,58.4,-53,AMAN
NODE_01,1784285178,2026-07-17 17:46:18,7203236,0.816,66.24,-74,AMAN
NODE_01,1784285238,2026-07-17 17:47:18,8298987,0.94,60.21,-79,AMAN
NODE_01,1784285298,2026-07-17 17:48:18,5927929,0.672,59.63,-59,AMAN
NODE_01,1784285358,2026-07-17 17:49:18,12328651,1.397,70.67,-64,SIAGA
NODE_01,1784285418,2026-07-17 17:50:18,13206207,1.496,66.17,-78,AMAN
NODE_01,1784285478,2026-07-17 17:51:18,8738738,0.99,61.68,-62,AMAN
NODE_01,1784285538,2026-07-17 17:52:18,13907887,1.576,58.62,-47,AMAN
NODE_01,1784285598,2026-07-17 17:53:18,4899567,0.555,62.22,-57,AMAN
NODE_01,1784285658,2026-07-17 17:54:18,16193542,1.835,73.44,-64,SIAGA
NODE_01,1784285718,2026-07-17 17:55:18,8127881,0.921,72.37,-49,SIAGA
NODE_01,1784285778,2026-07-17 17:56:18,7934359,0.899,55.84,-64,AMAN
NODE_01,1784285838,2026-07-17 17:57:18,6059629,0.687,61.4,-81,AMAN
NODE_01,1784285898,2026-07-17 17:58:18,13664469,1.548,66.78,-63,AMAN
NODE_01,1784285958,2026-07-17 17:59:18,13996956,1.586,72.03,-48,SIAGA
NODE_01,1784286018,2026-07-17 18:00:18,9427351,1.068,69.81,-62,AMAN
NODE_01,1784286078,2026-07-17 18:01:18,6060781,0.687,64.38,-74,AMAN
NODE_01,1784286138,2026-07-17 18:02:18,3972847,0.45,62.99,-78,AMAN
NODE_01,1784286198,2026-07-17 18:03:18,7495642,0.849,56.87,-80,AMAN
NODE_01,1784286258,2026-07-17 18:04:18,10037956,1.137,72.03,-80,SIAGA
NODE_01,1784286318,2026-07-17 18:05:18,11527717,1.306,58.68,-55,AMAN
NODE_01,1784286378,2026-07-17 18:06:18,10275031,1.164,62.03,-63,AMAN
NODE_01,1784286438,2026-07-17 18:07:18,14378992,1.629,56.71,-70,AMAN
NODE_01,1784286498,2026-07-17 18:08:18,8167678,0.925,62.34,-48,AMAN
NODE_01,1784286558,2026-07-17 18:09:18,11384244,1.29,61.16,-54,AMAN
NODE_01,1784286618,2026-07-17 18:10:18,8283924,0.939,58.36,-79,AMAN
NODE_01,1784286678,2026-07-17 18:11:18,13582702,1.539,55.04,-73,AMAN
NODE_01,1784286738,2026-07-17 18:12:18,8124734,0.921,65.8,-51,AMAN
NODE_01,1784286798,2026-07-17 18:13:18,10551783,1.195,57.1,-81,AMAN
NODE_01,1784286858,2026-07-17 18:14:18,8950598,1.014,61.78,-72,AMAN
NODE_01,1784286918,2026-07-17 18:15:18,12041992,1.364,74.2,-80,SIAGA
NODE_01,1784286978,2026-07-17 18:16:18,14473674,1.64,63.97,-60,AMAN
NODE_01,1784287038,2026-07-17 18:17:18,15081271,1.709,69.54,-58,AMAN
NODE_01,1784287098,2026-07-17 18:18:18,13903762,1.575,68.08,-51,AMAN
NODE_01,1784287158,2026-07-17 18:19:18,7613869,0.863,69.91,-84,AMAN
NODE_01,1784287218,2026-07-17 18:20:18,14557892,1.649,73.19,-65,SIAGA
NODE_01,1784287278,2026-07-17 18:21:18,14981321,1.697,63.95,-84,AMAN
NODE_01,1784287338,2026-07-17 18:22:18,14076317,1.595,66.15,-48,AMAN
NODE_01,1784287398,2026-07-17 18:23:18,9238941,1.047,58.45,-83,AMAN
NODE_01,1784287458,2026-07-17 18:24:18,9642210,1.092,74.14,-61,SIAGA
NODE_01,1784287518,2026-07-17 18:25:18,14334857,1.624,56.56,-53,AMAN
NODE_01,1784287578,2026-07-17 18:26:18,9480706,1.074,62.43,-49,AMAN
NODE_01,1784287638,2026-07-17 18:27:18,6882452,0.78,74.38,-76,SIAGA
NODE_01,1784287698,2026-07-17 18:28:18,14233461,1.613,66.35,-85,AMAN
NODE_01,1784287758,2026-07-17 18:29:18,5150686,0.584,68.52,-60,AMAN
NODE_01,1784287818,2026-07-17 18:30:18,7326441,0.83,58.33,-67,AMAN
NODE_01,1784287878,2026-07-17 18:31:18,14671783,1.662,62.13,-63,AMAN
NODE_01,1784287938,2026-07-17 18:32:18,15564308,1.763,72.01,-74,SIAGA
NODE_01,1784287998,2026-07-17 18:33:18,6670372,0.756,60.83,-51,AMAN
NODE_01,1784288058,2026-07-17 18:34:18,11434918,1.296,56.09,-78,AMAN
NODE_01,1784288118,2026-07-17 18:35:18,13009417,1.474,73.91,-55,SIAGA
NODE_01,1784288178,2026-07-17 18:36:18,7822076,0.886,61.71,-64,AMAN
NODE_01,1784288238,2026-07-17 18:37:18,6489353,0.735,61.67,-65,AMAN
NODE_01,1784288298,2026-07-17 18:38:18,5978438,0.677,70.78,-59,SIAGA
NODE_01,1784288358,2026-07-17 18:39:18,4818582,0.546,64.42,-64,AMAN
NODE_01,1784288418,2026-07-17 18:40:18,14985694,1.698,63.77,-65,AMAN
NODE_01,1784288478,2026-07-17 18:41:18,7048356,0.799,66.73,-53,AMAN
NODE_01,1784288538,2026-07-17 18:42:18,9809033,1.111,73.84,-63,SIAGA
NODE_01,1784288598,2026-07-17 18:43:18,9200585,1.042,57.3,-65,AMAN
NODE_01,1784288658,2026-07-17 18:44:18,4968338,0.563,65.79,-56,AMAN
NODE_01,1784288718,2026-07-17 18:45:18,10712793,1.214,71.28,-76,SIAGA
NODE_01,1784288778,2026-07-17 18:46:18,7086867,0.803,70.58,-61,SIAGA
NODE_01,1784288838,2026-07-17 18:47:18,10655567,1.207,58.46,-73,AMAN
NODE_01,1784288898,2026-07-17 18:48:18,11953431,1.354,62.78,-63,AMAN
NODE_01,1784288958,2026-07-17 18:49:18,8295115,0.94,73.37,-85,SIAGA
NODE_01,1784289018,2026-07-17 18:50:18,7718447,0.874,69.79,-83,AMAN
NODE_01,1784289078,2026-07-17 18:51:18,12411561,1.406,68.51,-85,AMAN
NODE_01,1784289138,2026-07-17 18:52:18,6850548,0.776,62.43,-53,AMAN
NODE_01,1784289198,2026-07-17 18:53:18,14416524,1.633,59.96,-63,AMAN
NODE_01,1784289258,2026-07-17 18:54:18,16969218,1.923,74.9,-69,SIAGA
NODE_01,1784289318,2026-07-17 18:55:18,9105125,1.032,66.09,-85,AMAN
NODE_01,1784289378,2026-07-17 18:56:18,9000480,1.02,70.57,-67,SIAGA
NODE_01,1784289438,2026-07-17 18:57:18,15914018,1.803,60.59,-82,AMAN
NODE_01,1784289498,2026-07-17 18:58:18,7082105,0.802,64.19,-83,AMAN
NODE_01,1784289558,2026-07-17 18:59:18,3152891,0.357,71.57,-76,SIAGA
NODE_01,1784289618,2026-07-17 19:00:18,7310060,0.828,59.61,-70,AMAN
NODE_01,1784289678,2026-07-17 19:01:18,9877718,1.119,60.41,-71,AMAN
NODE_01,1784289738,2026-07-17 19:02:18,6043229,0.685,62.8,-85,AMAN
NODE_01,1784289798,2026-07-17 19:03:18,14005293,1.587,66.23,-82,AMAN
NODE_01,1784289858,2026-07-17 19:04:18,12345871,1.399,73.75,-50,SIAGA
NODE_01,1784289918,2026-07-17 19:05:18,12588805,1.426,71.32,-46,SIAGA
NODE_01,1784289978,2026-07-17 19:06:18,16818734,1.906,74.83,-80,SIAGA
NODE_01,1784290038,2026-07-17 19:07:18,11241748,1.274,61.82,-64,AMAN
NODE_01,1784290098,2026-07-17 19:08:18,10543773,1.195,68.86,-82,AMAN
NODE_01,1784290158,2026-07-17 19:09:18,4733645,0.536,56.59,-62,AMAN
NODE_01,1784290218,2026-07-17 19:10:18,9364006,1.061,68.92,-52,AMAN
NODE_01,1784290278,2026-07-17 19:11:18,8854368,1.003,74.06,-71,SIAGA
NODE_01,1784290338,2026-07-17 19:12:18,4078331,0.462,66.28,-79,AMAN
NODE_01,1784290398,2026-07-17 19:13:18,7728168,0.876,68.75,-68,AMAN
NODE_01,1784290458,2026-07-17 19:14:18,15727248,1.782,57.09,-73,AMAN
NODE_01,1784290518,2026-07-17 19:15:18,14282927,1.618,65.76,-80,AMAN
NODE_01,1784290578,2026-07-17 19:16:18,4237755,0.48,65.8,-55,AMAN
NODE_01,1784290638,2026-07-17 19:17:18,5629797,0.638,61.08,-45,AMAN
NODE_01,1784290698,2026-07-17 19:18:18,8232745,0.933,54.59,-68,AMAN
NODE_01,1784290758,2026-07-17 19:19:18,5615318,0.636,68.02,-66,AMAN
NODE_01,1784290818,2026-07-17 19:20:18,11091332,1.257,62.67,-50,AMAN
NODE_01,1784290878,2026-07-17 19:21:18,16793933,1.903,62.16,-83,AMAN
NODE_01,1784290938,2026-07-17 19:22:18,11403096,1.292,63.49,-67,AMAN
NODE_01,1784290998,2026-07-17 19:23:18,13756645,1.559,63.82,-53,AMAN
NODE_01,1784291058,2026-07-17 19:24:18,7633204,0.865,59.76,-58,AMAN
NODE_01,1784291118,2026-07-17 19:25:18,14419805,1.634,58.79,-71,AMAN
NODE_01,1784291178,2026-07-17 19:26:18,6322332,0.716,71.08,-45,SIAGA
NODE_01,1784291238,2026-07-17 19:27:18,12044493,1.365,75.79,-76,SIAGA
NODE_01,1784291298,2026-07-17 19:28:18,14329524,1.623,60.69,-71,AMAN
NODE_01,1784291358,2026-07-17 19:29:18,8759350,0.992,56.65,-50,AMAN
NODE_01,1784291418,2026-07-17 19:30:18,10960146,1.242,67.28,-61,AMAN
NODE_01,1784291478,2026-07-17 19:31:18,10229682,1.159,60.19,-82,AMAN
NODE_01,1784291538,2026-07-17 19:32:18,4024733,0.456,59.4,-51,AMAN
NODE_01,1784291598,2026-07-17 19:33:18,6672022,0.756,59.75,-81,AMAN
NODE_01,1784291658,2026-07-17 19:34:18,11972105,1.356,73.39,-70,SIAGA
NODE_01,1784291718,2026-07-17 19:35:18,4895925,0.555,59.14,-67,AMAN
NODE_01,1784291778,2026-07-17 19:36:18,8875898,1.006,68.56,-51,AMAN
NODE_01,1784291838,2026-07-17 19:37:18,5401495,0.612,73.78,-77,SIAGA
NODE_01,1784291898,2026-07-17 19:38:18,11650469,1.32,73.63,-75,SIAGA
NODE_01,1784291958,2026-07-17 19:39:18,15266814,1.73,62.45,-71,AMAN
NODE_01,1784292018,2026-07-17 19:40:18,6895962,0.781,62.95,-83,AMAN
NODE_01,1784292078,2026-07-17 19:41:18,6620043,0.75,56.02,-66,AMAN
NODE_01,1784292138,2026-07-17 19:42:18,6539491,0.741,73.83,-54,SIAGA
NODE_01,1784292198,2026-07-17 19:43:18,4873783,0.552,65.54,-64,AMAN
NODE_01,1784292258,2026-07-17 19:44:18,11881302,1.346,68.11,-63,AMAN
NODE_01,1784292318,2026-07-17 19:45:18,7772332,0.881,63.25,-50,AMAN
NODE_01,1784292378,2026-07-17 19:46:18,10119150,1.146,64.57,-46,AMAN
NODE_01,1784292438,2026-07-17 19:47:18,7244515,0.821,74.54,-78,SIAGA
NODE_01,1784292498,2026-07-17 19:48:18,14043240,1.591,58.32,-85,AMAN
NODE_01,1784292558,2026-07-17 19:49:18,6965647,0.789,59.83,-70,AMAN
NODE_01,1784292618,2026-07-17 19:50:18,5674494,0.643,72.67,-73,SIAGA
NODE_01,1784292678,2026-07-17 19:51:18,9534164,1.08,73.58,-46,SIAGA
NODE_01,1784292738,2026-07-17 19:52:18,9348672,1.059,65.66,-46,AMAN
NODE_01,1784292798,2026-07-17 19:53:18,5242755,0.594,72.65,-54,SIAGA
NODE_01,1784292858,2026-07-17 19:54:18,11092111,1.257,61.84,-52,AMAN
NODE_01,1784292918,2026-07-17 19:55:18,4284045,0.485,70.89,-66,SIAGA
NODE_01,1784292978,2026-07-17 19:56:18,11107734,1.258,67.03,-50,AMAN
NODE_01,1784293038,2026-07-17 19:57:18,16133280,1.828,64.46,-68,AMAN
NODE_01,1784293098,2026-07-17 19:58:18,12933522,1.465,59.89,-69,AMAN
NODE_01,1784293158,2026-07-17 19:59:18,6882148,0.78,67.9,-53,AMAN
NODE_01,1784293218,2026-07-17 20:00:18,8955905,1.015,65.64,-85,AMAN
NODE_01,1784293278,2026-07-17 20:01:18,8835534,1.001,55.87,-64,AMAN
NODE_01,1784293338,2026-07-17 20:02:18,12387253,1.403,65.86,-54,AMAN
NODE_01,1784293398,2026-07-17 20:03:18,6331308,0.717,60.74,-49,AMAN
NODE_01,1784293458,2026-07-17 20:04:18,5341395,0.605,55.74,-53,AMAN
NODE_01,1784293518,2026-07-17 20:05:18,14500015,1.643,75.41,-60,SIAGA
NODE_01,1784293578,2026-07-17 20:06:18,10954325,1.241,55.88,-77,AMAN
NODE_01,1784293638,2026-07-17 20:07:18,4607144,0.522,62.61,-83,AMAN
NODE_01,1784293698,2026-07-17 20:08:18,15609090,1.768,70.5,-56,SIAGA
NODE_01,1784293758,2026-07-17 20:09:18,5915277,0.67,63.71,-74,AMAN
NODE_01,1784293818,2026-07-17 20:10:18,14775360,1.674,64.58,-84,AMAN
NODE_01,1784293878,2026-07-17 20:11:18,13746089,1.557,71.46,-64,SIAGA
NODE_01,1784293938,2026-07-17 20:12:18,12240956,1.387,58.68,-45,AMAN
NODE_01,1784293998,2026-07-17 20:13:18,6028266,0.683,61.07,-48,AMAN
NODE_01,1784294058,2026-07-17 20:14:18,5956142,0.675,64.88,-53,AMAN
NODE_01,1784294118,2026-07-17 20:15:18,15426227,1.748,58.68,-77,AMAN
NODE_01,1784294178,2026-07-17 20:16:18,9380497,1.063,70.69,-75,SIAGA
NODE_01,1784294238,2026-07-17 20:17:18,8086831,0.916,58.35,-48,AMAN
NODE_01,1784294298,2026-07-17 20:18:18,12580232,1.425,75.26,-58,SIAGA
NODE_01,1784294358,2026-07-17 20:19:18,6373225,0.722,65.79,-45,AMAN
NODE_01,1784294418,2026-07-17 20:20:18,6184751,0.701,57.28,-62,AMAN
NODE_01,1784294478,2026-07-17 20:21:18,9296616,1.053,64.45,-74,AMAN
NODE_01,1784294538,2026-07-17 20:22:18,13136130,1.488,57.16,-48,AMAN
NODE_01,1784294598,2026-07-17 20:23:18,8600281,0.974,58.13,-74,AMAN
NODE_01,1784294658,2026-07-17 20:24:18,10596799,1.201,67.7,-69,AMAN
NODE_01,1784294718,2026-07-17 20:25:18,4680676,0.53,63.08,-74,AMAN
NODE_01,1784294778,2026-07-17 20:26:18,15290443,1.732,64.75,-85,AMAN
NODE_01,1784294838,2026-07-17 20:27:18,7203584,0.816,57.58,-61,AMAN
NODE_01,1784294898,2026-07-17 20:28:18,6261831,0.709,65.68,-59,AMAN
NODE_01,1784294958,2026-07-17 20:29:18,8878407,1.006,72.79,-60,SIAGA
NODE_01,1784295018,2026-07-17 20:30:18,6332701,0.717,61.34,-54,AMAN
NODE_01,1784295078,2026-07-17 20:31:18,9836952,1.114,65.17,-72,AMAN
NODE_01,1784295138,2026-07-17 20:32:18,12721592,1.441,55.76,-69,AMAN
NODE_01,1784295198,2026-07-17 20:33:18,13078473,1.482,70.98,-55,SIAGA
NODE_01,1784295258,2026-07-17 20:34:18,14073548,1.594,73.08,-76,SIAGA
NODE_01,1784295318,2026-07-17 20:35:18,15300781,1.734,72.13,-56,SIAGA
NODE_01,1784295378,2026-07-17 20:36:18,8894119,1.008,63.03,-51,AMAN
NODE_01,1784295438,2026-07-17 20:37:18,11384734,1.29,60.65,-54,AMAN
NODE_01,1784295498,2026-07-17 20:38:18,13914173,1.576,58.2,-66,AMAN
NODE_01,1784295558,2026-07-17 20:39:18,13271941,1.504,65.28,-84,AMAN
NODE_01,1784295618,2026-07-17 20:40:18,9330510,1.057,56.84,-70,AMAN
NODE_01,1784295678,2026-07-17 20:41:18,4914292,0.557,57.9,-70,AMAN
NODE_01,1784295738,2026-07-17 20:42:18,7750659,0.878,69.19,-48,AMAN
NODE_01,1784295798,2026-07-17 20:43:18,7545714,0.855,73.44,-62,SIAGA
NODE_01,1784295858,2026-07-17 20:44:18,12702653,1.439,62.54,-53,AMAN
NODE_01,1784295918,2026-07-17 20:45:18,4713374,0.534,61.53,-76,AMAN
NODE_01,1784295978,2026-07-17 20:46:18,13121630,1.487,65.03,-53,AMAN
NODE_01,1784296038,2026-07-17 20:47:18,14158485,1.604,65.65,-59,AMAN
NODE_01,1784296098,2026-07-17 20:48:18,7070776,0.801,69.55,-62,AMAN
NODE_01,1784296158,2026-07-17 20:49:18,6768909,0.767,64.49,-85,AMAN
NODE_01,1784296218,2026-07-17 20:50:18,8030903,0.91,60.15,-79,AMAN
NODE_01,1784296278,2026-07-17 20:51:18,16703458,1.892,70.99,-73,SIAGA
NODE_01,1784296338,2026-07-17 20:52:18,8003495,0.907,60.61,-52,AMAN
NODE_01,1784296398,2026-07-17 20:53:18,10830662,1.227,55.4,-51,AMAN
NODE_01,1784296458,2026-07-17 20:54:18,12846336,1.455,67.97,-51,AMAN
NODE_01,1784296518,2026-07-17 20:55:18,5991866,0.679,65.55,-49,AMAN
NODE_01,1784296578,2026-07-17 20:56:18,9424739,1.068,61.11,-58,AMAN
NODE_01,1784296638,2026-07-17 20:57:18,3361900,0.381,60.21,-82,AMAN
NODE_01,1784296698,2026-07-17 20:58:18,13277726,1.504,74.26,-76,SIAGA
NODE_01,1784296758,2026-07-17 20:59:18,6796819,0.77,56.92,-46,AMAN
NODE_01,1784296818,2026-07-17 21:00:18,10967274,1.243,59.44,-64,AMAN
NODE_01,1784296878,2026-07-17 21:01:18,15391536,1.744,67.87,-60,AMAN
NODE_01,1784296938,2026-07-17 21:02:18,12575358,1.425,60.54,-69,AMAN
NODE_01,1784296998,2026-07-17 21:03:18,13388471,1.517,59.05,-77,AMAN
NODE_01,1784297058,2026-07-17 21:04:18,10386848,1.177,65.52,-77,AMAN
NODE_01,1784297118,2026-07-17 21:05:18,15779014,1.788,72.02,-57,SIAGA
NODE_01,1784297178,2026-07-17 21:06:18,6521197,0.739,56.69,-59,AMAN
NODE_01,1784297238,2026-07-17 21:07:18,14104553,1.598,58.55,-54,AMAN
NODE_01,1784297298,2026-07-17 21:08:18,10577727,1.198,69.76,-49,AMAN
NODE_01,1784297358,2026-07-17 21:09:18,5887164,0.667,55.51,-70,AMAN
NODE_01,1784297418,2026-07-17 21:10:18,7380506,0.836,69.56,-83,AMAN
NODE_01,1784297478,2026-07-17 21:11:18,12053166,1.366,68.31,-83,AMAN
NODE_01,1784297538,2026-07-17 21:12:18,15834508,1.794,71.24,-71,SIAGA
NODE_01,1784297598,2026-07-17 21:13:18,6282704,0.712,68.53,-48,AMAN
NODE_01,1784297658,2026-07-17 21:14:18,10703276,1.213,55.98,-46,AMAN
NODE_01,1784297718,2026-07-17 21:15:18,3805526,0.431,68.59,-53,AMAN
NODE_01,1784297778,2026-07-17 21:16:18,5411465,0.613,68.91,-57,AMAN
NODE_01,1784297838,2026-07-17 21:17:18,10822000,1.226,62.88,-54,AMAN
NODE_01,1784297898,2026-07-17 21:18:18,12671365,1.436,74.77,-85,SIAGA
NODE_01,1784297958,2026-07-17 21:19:18,12078247,1.368,60.47,-72,AMAN
NODE_01,1784298018,2026-07-17 21:20:18,6296726,0.713,57.24,-50,AMAN
NODE_01,1784298078,2026-07-17 21:21:18,13874973,1.572,56.61,-83,AMAN
NODE_01,1784298138,2026-07-17 21:22:18,6124201,0.694,64.12,-80,AMAN
NODE_01,1784298198,2026-07-17 21:23:18,9317802,1.056,69.13,-78,AMAN
NODE_01,1784298258,2026-07-17 21:24:18,14039047,1.591,74.32,-61,SIAGA
NODE_01,1784298318,2026-07-17 21:25:18,10581915,1.199,71.34,-53,SIAGA
NODE_01,1784298378,2026-07-17 21:26:18,8186667,0.928,58.29,-51,AMAN
NODE_01,1784298438,2026-07-17 21:27:18,9402132,1.065,66.58,-73,AMAN
NODE_01,1784298498,2026-07-17 21:28:18,5822733,0.66,71.56,-59,SIAGA
NODE_01,1784298558,2026-07-17 21:29:18,11250743,1.275,65.36,-84,AMAN
NODE_01,1784298618,2026-07-17 21:30:18,13136004,1.488,64.27,-56,AMAN
NODE_01,1784298678,2026-07-17 21:31:18,13382560,1.516,62.2,-74,AMAN
NODE_01,1784298738,2026-07-17 21:32:18,10591603,1.2,64.78,-66,AMAN
NODE_01,1784298798,2026-07-17 21:33:18,13542397,1.534,71.72,-66,SIAGA
NODE_01,1784298858,2026-07-17 21:34:18,5390118,0.611,63.53,-84,AMAN
NODE_01,1784298918,2026-07-17 21:35:18,11027873,1.249,72.87,-49,SIAGA
NODE_01,1784298978,2026-07-17 21:36:18,6865086,0.778,55.71,-56,AMAN
NODE_01,1784299038,2026-07-17 21:37:18,5604142,0.635,59.35,-61,AMAN
NODE_01,1784299098,2026-07-17 21:38:18,13784087,1.562,74.92,-69,SIAGA
NODE_01,1784299158,2026-07-17 21:39:18,14526206,1.646,59.46,-65,AMAN
NODE_01,1784299218,2026-07-17 21:40:18,5863741,0.664,64.03,-68,AMAN
NODE_01,1784299278,2026-07-17 21:41:18,5264824,0.596,71.92,-76,SIAGA
NODE_01,1784299338,2026-07-17 21:42:18,11001174,1.246,56.94,-52,AMAN
NODE_01,1784299398,2026-07-17 21:43:18,5485348,0.621,65.82,-51,AMAN
NODE_01,1784299458,2026-07-17 21:44:18,12815435,1.452,56.26,-72,AMAN
NODE_01,1784299518,2026-07-17 21:45:18,9182709,1.04,72.06,-83,SIAGA
NODE_01,1784299578,2026-07-17 21:46:18,15623560,1.77,60.04,-56,AMAN
NODE_01,1784299638,2026-07-17 21:47:18,9658945,1.094,67.04,-80,AMAN
NODE_01,1784299698,2026-07-17 21:48:18,5203604,0.59,72.55,-62,SIAGA
NODE_01,1784299758,2026-07-17 21:49:18,10621827,1.203,61.18,-69,AMAN
NODE_01,1784299818,2026-07-17 21:50:18,5273982,0.598,56.46,-46,AMAN
NODE_01,1784299878,2026-07-17 21:51:18,8143766,0.923,67.8,-45,AMAN
NODE_01,1784299938,2026-07-17 21:52:18,5996770,0.679,71.45,-80,SIAGA
NODE_01,1784299998,2026-07-17 21:53:18,4863579,0.551,66.83,-56,AMAN
NODE_01,1784300058,2026-07-17 21:54:18,6977160,0.79,66.93,-75,AMAN
NODE_01,1784300118,2026-07-17 21:55:18,12350994,1.399,57.07,-85,AMAN
NODE_01,1784300178,2026-07-17 21:56:18,8844175,1.002,66.74,-79,AMAN
NODE_01,1784300238,2026-07-17 21:57:18,15158222,1.717,70.64,-82,SIAGA
NODE_01,1784300298,2026-07-17 21:58:18,11250076,1.275,65.44,-67,AMAN
NODE_01,1784300358,2026-07-17 21:59:18,5407195,0.613,57.23,-49,AMAN
NODE_01,1784300418,2026-07-17 22:00:18,15225177,1.725,58.37,-49,AMAN
NODE_01,1784300478,2026-07-17 22:01:18,7411192,0.84,59.2,-68,AMAN
NODE_01,1784300538,2026-07-17 22:02:18,13419601,1.52,72.23,-57,SIAGA
NODE_01,1784300598,2026-07-17 22:03:18,7072789,0.801,68.06,-63,AMAN
NODE_01,1784300658,2026-07-17 22:04:18,13640221,1.545,75.02,-69,SIAGA
NODE_01,1784300718,2026-07-17 22:05:18,12123014,1.373,72.48,-54,SIAGA
NODE_01,1784300778,2026-07-17 22:06:18,8152511,0.924,61.68,-46,AMAN
NODE_01,1784300838,2026-07-17 22:07:18,13669141,1.549,61.74,-58,AMAN
NODE_01,1784300898,2026-07-17 22:08:18,11470418,1.3,73.76,-64,SIAGA
NODE_01,1784300958,2026-07-17 22:09:18,7185446,0.814,55.91,-75,AMAN
NODE_01,1784301018,2026-07-17 22:10:18,13912030,1.576,58.79,-53,AMAN
NODE_01,1784301078,2026-07-17 22:11:18,9659616,1.094,58.15,-63,AMAN
NODE_01,1784301138,2026-07-17 22:12:18,6896914,0.781,63.83,-84,AMAN
NODE_01,1784301198,2026-07-17 22:13:18,6826920,0.773,71.08,-85,SIAGA
NODE_01,1784301258,2026-07-17 22:14:18,12218937,1.384,63.95,-83,AMAN
NODE_01,1784301318,2026-07-17 22:15:18,14962943,1.695,72.68,-46,SIAGA
NODE_01,1784301378,2026-07-17 22:16:18,13425666,1.521,74.23,-65,SIAGA
NODE_01,1784301438,2026-07-17 22:17:18,13806550,1.564,57.13,-73,AMAN
NODE_01,1784301498,2026-07-17 22:18:18,16372188,1.855,61.93,-69,AMAN
NODE_01,1784301558,2026-07-17 22:19:18,8066745,0.914,62.26,-57,AMAN
NODE_01,1784301618,2026-07-17 22:20:18,10848774,1.229,74.04,-75,SIAGA
NODE_01,1784301678,2026-07-17 22:21:18,13385865,1.517,66.41,-78,AMAN
NODE_01,1784301738,2026-07-17 22:22:18,5135559,0.582,63.29,-72,AMAN
NODE_01,1784301798,2026-07-17 22:23:18,4560022,0.517,58.49,-51,AMAN
NODE_01,1784301858,2026-07-17 22:24:18,5867753,0.665,61.74,-69,AMAN
NODE_01,1784301918,2026-07-17 22:25:18,6818690,0.773,56.95,-72,AMAN
NODE_01,1784301978,2026-07-17 22:26:18,14527596,1.646,70.28,-64,SIAGA
NODE_01,1784302038,2026-07-17 22:27:18,10469278,1.186,64.27,-83,AMAN
NODE_01,1784302098,2026-07-17 22:28:18,15676419,1.776,69.19,-54,AMAN
NODE_01,1784302158,2026-07-17 22:29:18,11322206,1.283,56.28,-63,AMAN
NODE_01,1784302218,2026-07-17 22:30:18,13483628,1.528,70.39,-75,SIAGA
NODE_01,1784302278,2026-07-17 22:31:18,11023295,1.249,69.38,-80,AMAN
NODE_01,1784302338,2026-07-17 22:32:18,14722569,1.668,60.18,-66,AMAN
NODE_01,1784302398,2026-07-17 22:33:18,9537787,1.081,64.21,-62,AMAN
NODE_01,1784302458,2026-07-17 22:34:18,8741645,0.99,56.8,-80,AMAN
NODE_01,1784302518,2026-07-17 22:35:18,7783652,0.882,60.69,-63,AMAN
NODE_01,1784302578,2026-07-17 22:36:18,10430932,1.182,56.04,-57,AMAN
NODE_01,1784302638,2026-07-17 22:37:18,7402613,0.839,62.72,-61,AMAN
NODE_01,1784302698,2026-07-17 22:38:18,10155070,1.151,64.55,-76,AMAN
NODE_01,1784302758,2026-07-17 22:39:18,16756692,1.898,68.65,-63,AMAN
NODE_01,1784302818,2026-07-17 22:40:18,17007927,1.927,56.87,-47,AMAN
NODE_01,1784302878,2026-07-17 22:41:18,12752900,1.445,65.63,-48,AMAN
NODE_01,1784302938,2026-07-17 22:42:18,6136097,0.695,67.43,-47,AMAN
NODE_01,1784302998,2026-07-17 22:43:18,6761099,0.766,65.29,-47,AMAN
NODE_01,1784303058,2026-07-17 22:44:18,9608147,1.089,57.51,-56,AMAN
NODE_01,1784303118,2026-07-17 22:45:18,12565503,1.424,55.24,-59,AMAN
NODE_01,1784303178,2026-07-17 22:46:18,9326139,1.057,69.18,-62,AMAN
NODE_01,1784303238,2026-07-17 22:47:18,16442439,1.863,68.05,-57,AMAN
NODE_01,1784303298,2026-07-17 22:48:18,11889686,1.347,73.26,-45,SIAGA
NODE_01,1784303358,2026-07-17 22:49:18,7611857,0.862,55.84,-69,AMAN
NODE_01,1784303418,2026-07-17 22:50:18,7271635,0.824,72.63,-75,SIAGA
NODE_01,1784303478,2026-07-17 22:51:18,7257923,0.822,72.91,-85,SIAGA
NODE_01,1784303538,2026-07-17 22:52:18,10518527,1.192,59.25,-67,AMAN
NODE_01,1784303598,2026-07-17 22:53:18,12449449,1.41,74.1,-74,SIAGA
NODE_01,1784303658,2026-07-17 22:54:18,5679056,0.643,55.36,-74,AMAN
NODE_01,1784303718,2026-07-17 22:55:18,10913872,1.237,70.92,-54,SIAGA
NODE_01,1784303778,2026-07-17 22:56:18,11188911,1.268,70.6,-72,SIAGA
NODE_01,1784303838,2026-07-17 22:57:18,12764924,1.446,69.52,-46,AMAN
NODE_01,1784303898,2026-07-17 22:58:18,6252107,0.708,68.08,-74,AMAN
NODE_01,1784303958,2026-07-17 22:59:18,9565465,1.084,61.65,-67,AMAN
NODE_01,1784304018,2026-07-17 23:00:18,9787660,1.109,66.46,-78,AMAN
NODE_01,1784304078,2026-07-17 23:01:18,4090077,0.463,59.84,-55,AMAN
NODE_01,1784304138,2026-07-17 23:02:18,10201919,1.156,74.56,-77,SIAGA
NODE_01,1784304198,2026-07-17 23:03:18,12193047,1.381,56.51,-45,AMAN
NODE_01,1784304258,2026-07-17 23:04:18,6590495,0.747,62.68,-63,AMAN
NODE_01,1784304318,2026-07-17 23:05:18,16365072,1.854,72.29,-50,SIAGA
NODE_01,1784304378,2026-07-17 23:06:18,9950241,1.127,62.51,-66,AMAN
NODE_01,1784304438,2026-07-17 23:07:18,10817729,1.226,66.99,-53,AMAN
NODE_01,1784304498,2026-07-17 23:08:18,13123643,1.487,67.9,-51,AMAN
NODE_01,1784304558,2026-07-17 23:09:18,4189464,0.475,69.31,-77,AMAN
NODE_01,1784304618,2026-07-17 23:10:18,16614944,1.882,62.11,-83,AMAN
NODE_01,1784304678,2026-07-17 23:11:18,8719325,0.988,71.53,-53,SIAGA
NODE_01,1784304738,2026-07-17 23:12:18,11868731,1.345,60.98,-85,AMAN
NODE_01,1784304798,2026-07-17 23:13:18,5077362,0.575,60.35,-49,AMAN
NODE_01,1784304858,2026-07-17 23:14:18,15038075,1.704,70.44,-76,SIAGA
NODE_01,1784304918,2026-07-17 23:15:18,6734377,0.763,74.43,-57,SIAGA
NODE_01,1784304978,2026-07-17 23:16:18,7625622,0.864,70.99,-84,SIAGA
NODE_01,1784305038,2026-07-17 23:17:18,16106844,1.825,58.21,-51,AMAN
NODE_01,1784305098,2026-07-17 23:18:18,12498527,1.416,71.21,-71,SIAGA
NODE_01,1784305158,2026-07-17 23:19:18,7878458,0.893,56.21,-56,AMAN
NODE_01,1784305218,2026-07-17 23:20:18,5546040,0.628,71.81,-77,SIAGA
NODE_01,1784305278,2026-07-17 23:21:18,14254535,1.615,72.36,-51,SIAGA
NODE_01,1784305338,2026-07-17 23:22:18,16611187,1.882,70.89,-68,SIAGA
NODE_01,1784305398,2026-07-17 23:23:18,12224306,1.385,60.14,-57,AMAN
NODE_01,1784305458,2026-07-17 23:24:18,7445828,0.844,68.62,-81,AMAN
NODE_01,1784305518,2026-07-17 23:25:18,5944544,0.673,61.77,-66,AMAN
NODE_01,1784305578,2026-07-17 23:26:18,7086039,0.803,65.35,-45,AMAN
NODE_01,1784305638,2026-07-17 23:27:18,15937451,1.806,67.52,-74,AMAN
NODE_01,1784305698,2026-07-17 23:28:18,11412492,1.293,58.56,-67,AMAN
NODE_01,1784305758,2026-07-17 23:29:18,6603551,0.748,58.18,-50,AMAN
NODE_01,1784305818,2026-07-17 23:30:18,11014543,1.248,66.7,-56,AMAN
NODE_01,1784305878,2026-07-17 23:31:18,8300955,0.94,56.7,-51,AMAN
NODE_01,1784305938,2026-07-17 23:32:18,4857118,0.55,56.36,-71,AMAN
NODE_01,1784305998,2026-07-17 23:33:18,6274770,0.711,60.29,-75,AMAN
NODE_01,1784306058,2026-07-17 23:34:18,16353500,1.853,72.61,-56,SIAGA
NODE_01,1784306118,2026-07-17 23:35:18,15129610,1.714,66.37,-59,AMAN
NODE_01,1784306178,2026-07-17 23:36:18,8670386,0.982,60.43,-65,AMAN
NODE_01,1784306238,2026-07-17 23:37:18,15409417,1.746,60.93,-53,AMAN
NODE_01,1784306298,2026-07-17 23:38:18,11504368,1.303,74.66,-55,SIAGA
NODE_01,1784306358,2026-07-17 23:39:18,15373214,1.742,60.07,-66,AMAN
NODE_01,1784306418,2026-07-17 23:40:18,5751484,0.652,66.75,-47,AMAN
NODE_01,1784306478,2026-07-17 23:41:18,11147281,1.263,64.8,-64,AMAN
NODE_01,1784306538,2026-07-17 23:42:18,7911092,0.896,56.15,-77,AMAN
NODE_01,1784306598,2026-07-17 23:43:18,14248807,1.614,64.45,-68,AMAN
NODE_01,1784306658,2026-07-17 23:44:18,13974634,1.583,68.08,-72,AMAN
NODE_01,1784306718,2026-07-17 23:45:18,10207368,1.156,56.2,-82,AMAN
NODE_01,1784306778,2026-07-17 23:46:18,14563011,1.65,65.41,-51,AMAN
NODE_01,1784306838,2026-07-17 23:47:18,4437142,0.503,57.24,-77,AMAN
NODE_01,1784306898,2026-07-17 23:48:18,15103914,1.711,68.19,-75,AMAN
NODE_01,1784306958,2026-07-17 23:49:18,5926335,0.671,72.55,-66,SIAGA
NODE_01,1784307018,2026-07-17 23:50:18,6274636,0.711,66.19,-55,AMAN
NODE_01,1784307078,2026-07-17 23:51:18,6197123,0.702,56.47,-46,AMAN
NODE_01,1784307138,2026-07-17 23:52:18,5560598,0.63,64.53,-56,AMAN
NODE_01,1784307198,2026-07-17 23:53:18,7647586,0.866,70.2,-53,SIAGA
NODE_01,1784307258,2026-07-17 23:54:18,3838071,0.435,57.91,-78,AMAN
NODE_01,1784307318,2026-07-17 23:55:18,15075071,1.708,67.53,-72,AMAN
NODE_01,1784307378,2026-07-17 23:56:18,11244360,1.274,69.96,-79,AMAN
NODE_01,1784307438,2026-07-17 23:57:18,7239463,0.82,67.77,-68,AMAN
NODE_01,1784307498,2026-07-17 23:58:18,9948424,1.127,67.08,-63,AMAN
NODE_01,1784307558,2026-07-17 23:59:18,9741680,1.104,63.4,-50,AMAN
NODE_01,1784307618,2026-07-18 00:00:18,12759630,1.446,73.88,-49,SIAGA
NODE_01,1784307678,2026-07-18 00:01:18,13196570,1.495,64.05,-49,AMAN
NODE_01,1784307738,2026-07-18 00:02:18,10932933,1.239,72.06,-70,SIAGA
NODE_01,1784307798,2026-07-18 00:03:18,6644386,0.753,69.45,-53,AMAN
NODE_01,1784307858,2026-07-18 00:04:18,6115256,0.693,66.92,-77,AMAN
NODE_01,1784307918,2026-07-18 00:05:18,5465370,0.619,54.75,-67,AMAN
NODE_01,1784307978,2026-07-18 00:06:18,7924107,0.898,58.51,-60,AMAN
NODE_01,1784308038,2026-07-18 00:07:18,5762964,0.653,54.66,-53,AMAN
NODE_01,1784308098,2026-07-18 00:08:18,13973970,1.583,63.01,-77,AMAN
NODE_01,1784308158,2026-07-18 00:09:18,8092415,0.917,69.77,-68,AMAN
NODE_01,1784308218,2026-07-18 00:10:18,8819739,0.999,70.71,-72,SIAGA
NODE_01,1784308278,2026-07-18 00:11:18,9361056,1.061,57.08,-72,AMAN
NODE_01,1784308338,2026-07-18 00:12:18,12516790,1.418,60.46,-74,AMAN
NODE_01,1784308398,2026-07-18 00:13:18,7521731,0.852,70.72,-47,SIAGA
NODE_01,1784308458,2026-07-18 00:14:18,3888656,0.441,59.45,-79,AMAN
NODE_01,1784308518,2026-07-18 00:15:18,12876681,1.459,60.04,-79,AMAN
NODE_01,1784308578,2026-07-18 00:16:18,10596627,1.201,75.13,-70,SIAGA
NODE_01,1784308638,2026-07-18 00:17:18,11865189,1.344,63.33,-83,AMAN
NODE_01,1784308698,2026-07-18 00:18:18,4145356,0.47,68.19,-55,AMAN
NODE_01,1784308758,2026-07-18 00:19:18,8848832,1.003,65.14,-71,AMAN
NODE_01,1784308818,2026-07-18 00:20:18,6770540,0.767,71.4,-83,SIAGA
NODE_01,1784308878,2026-07-18 00:21:18,12246043,1.387,59.96,-49,AMAN
NODE_01,1784308938,2026-07-18 00:22:18,12988618,1.472,66.47,-60,AMAN
NODE_01,1784308998,2026-07-18 00:23:18,7728022,0.876,63.82,-79,AMAN
NODE_01,1784309058,2026-07-18 00:24:18,3838994,0.435,68.85,-74,AMAN
NODE_01,1784309118,2026-07-18 00:25:18,11530994,1.306,73.78,-54,SIAGA
NODE_01,1784309178,2026-07-18 00:26:18,9469340,1.073,56.1,-72,AMAN
NODE_01,1784309238,2026-07-18 00:27:18,6361895,0.721,68.9,-62,AMAN
NODE_01,1784309298,2026-07-18 00:28:18,13367710,1.515,62.36,-58,AMAN
NODE_01,1784309358,2026-07-18 00:29:18,13038328,1.477,65.55,-82,AMAN
NODE_01,1784309418,2026-07-18 00:30:18,8238087,0.933,72.76,-63,SIAGA
NODE_01,1784309478,2026-07-18 00:31:18,10289580,1.166,64.92,-50,AMAN
NODE_01,1784309538,2026-07-18 00:32:18,9038920,1.024,62.15,-68,AMAN
NODE_01,1784309598,2026-07-18 00:33:18,14451792,1.637,57.01,-54,AMAN
NODE_01,1784309658,2026-07-18 00:34:18,13137030,1.488,60.97,-60,AMAN
NODE_01,1784309718,2026-07-18 00:35:18,12539344,1.421,71.65,-51,SIAGA
NODE_01,1784309778,2026-07-18 00:36:18,15420897,1.747,65.34,-51,AMAN
NODE_01,1784309838,2026-07-18 00:37:18,10408521,1.179,60.75,-64,AMAN
NODE_01,1784309898,2026-07-18 00:38:18,6572836,0.745,68.55,-57,AMAN
NODE_01,1784309958,2026-07-18 00:39:18,11433758,1.295,67.04,-64,AMAN
NODE_01,1784310018,2026-07-18 00:40:18,12238109,1.387,70.29,-59,SIAGA
NODE_01,1784310078,2026-07-18 00:41:18,14991636,1.699,74.34,-65,SIAGA
NODE_01,1784310138,2026-07-18 00:42:18,9039055,1.024,69.19,-65,AMAN
NODE_01,1784310198,2026-07-18 00:43:18,9093777,1.03,58.39,-56,AMAN
NODE_01,1784310258,2026-07-18 00:44:18,12482635,1.414,71.04,-79,SIAGA
NODE_01,1784310318,2026-07-18 00:45:18,14473960,1.64,70.81,-82,SIAGA
NODE_01,1784310378,2026-07-18 00:46:18,9513463,1.078,68.6,-48,AMAN
NODE_01,1784310438,2026-07-18 00:47:18,5621403,0.637,64.84,-77,AMAN
NODE_01,1784310498,2026-07-18 00:48:18,12163316,1.378,62.28,-64,AMAN
NODE_01,1784310558,2026-07-18 00:49:18,9791666,1.109,56.27,-51,AMAN
NODE_01,1784310618,2026-07-18 00:50:18,16747269,1.897,58.56,-59,AMAN
NODE_01,1784310678,2026-07-18 00:51:18,8421500,0.954,62.17,-46,AMAN
NODE_01,1784310738,2026-07-18 00:52:18,8736154,0.99,69.51,-79,AMAN
NODE_01,1784310798,2026-07-18 00:53:18,13749855,1.558,62.09,-70,AMAN
NODE_01,1784310858,2026-07-18 00:54:18,13412890,1.52,55.21,-53,AMAN
NODE_01,1784310918,2026-07-18 00:55:18,10984420,1.244,65.03,-84,AMAN
NODE_01,1784310978,2026-07-18 00:56:18,9942335,1.126,67.19,-50,AMAN
NODE_01,1784311038,2026-07-18 00:57:18,5277517,0.598,67.78,-64,AMAN
NODE_01,1784311098,2026-07-18 00:58:18,4448430,0.504,71.49,-82,SIAGA
NODE_01,1784311158,2026-07-18 00:59:18,9936147,1.126,66.66,-76,AMAN
NODE_01,1784311218,2026-07-18 01:00:18,6409413,0.726,62.35,-55,AMAN
NODE_01,1784311278,2026-07-18 01:01:18,8502460,0.963,65.53,-80,AMAN
NODE_01,1784311338,2026-07-18 01:02:18,6303020,0.714,54.83,-57,AMAN
NODE_01,1784311398,2026-07-18 01:03:18,7340117,0.832,67.34,-65,AMAN
NODE_01,1784311458,2026-07-18 01:04:18,15040007,1.704,66.1,-73,AMAN
NODE_01,1784311518,2026-07-18 01:05:18,13850819,1.569,75.08,-55,SIAGA
NODE_01,1784311578,2026-07-18 01:06:18,13879954,1.573,72.18,-77,SIAGA
NODE_01,1784311638,2026-07-18 01:07:18,14695456,1.665,64.83,-67,AMAN
NODE_01,1784311698,2026-07-18 01:08:18,4473972,0.507,57.06,-61,AMAN
NODE_01,1784311758,2026-07-18 01:09:18,9918733,1.124,65.44,-79,AMAN
NODE_01,1784311818,2026-07-18 01:10:18,6077113,0.689,56.98,-54,AMAN
NODE_01,1784311878,2026-07-18 01:11:18,10180823,1.153,60.86,-48,AMAN
NODE_01,1784311938,2026-07-18 01:12:18,15284273,1.732,58.56,-73,AMAN
NODE_01,1784311998,2026-07-18 01:13:18,5372310,0.609,59.12,-64,AMAN
NODE_01,1784312058,2026-07-18 01:14:18,3600686,0.408,62.89,-50,AMAN
NODE_01,1784312118,2026-07-18 01:15:18,16735292,1.896,73.55,-74,SIAGA
NODE_01,1784312178,2026-07-18 01:16:18,11343711,1.285,57.95,-50,AMAN
NODE_01,1784312238,2026-07-18 01:17:18,9857072,1.117,67.16,-52,AMAN
NODE_01,1784312298,2026-07-18 01:18:18,8962489,1.015,60.78,-67,AMAN
NODE_01,1784312358,2026-07-18 01:19:18,11237117,1.273,59.21,-68,AMAN
NODE_01,1784312418,2026-07-18 01:20:18,16125054,1.827,58.92,-72,AMAN
NODE_01,1784312478,2026-07-18 01:21:18,13590606,1.54,73.67,-56,SIAGA
NODE_01,1784312538,2026-07-18 01:22:18,8474485,0.96,67.5,-82,AMAN
NODE_01,1784312598,2026-07-18 01:23:18,7186757,0.814,58.08,-60,AMAN
NODE_01,1784312658,2026-07-18 01:24:18,7863888,0.891,62.95,-49,AMAN
NODE_01,1784312718,2026-07-18 01:25:18,14105766,1.598,69.18,-46,AMAN
NODE_01,1784312778,2026-07-18 01:26:18,15325959,1.736,69.89,-85,AMAN
NODE_01,1784312838,2026-07-18 01:27:18,7996671,0.906,74.05,-53,SIAGA
NODE_01,1784312898,2026-07-18 01:28:18,11263071,1.276,65.87,-74,AMAN
NODE_01,1784312958,2026-07-18 01:29:18,12008806,1.361,73.03,-60,SIAGA
NODE_01,1784313018,2026-07-18 01:30:18,14068244,1.594,59.28,-74,AMAN
NODE_01,1784313078,2026-07-18 01:31:18,4130856,0.468,63.42,-49,AMAN
NODE_01,1784313138,2026-07-18 01:32:18,6639583,0.752,70.99,-59,SIAGA
NODE_01,1784313198,2026-07-18 01:33:18,9165984,1.038,68.74,-67,AMAN
NODE_01,1784313258,2026-07-18 01:34:18,13799437,1.563,64.45,-72,AMAN
NODE_01,1784313318,2026-07-18 01:35:18,14941473,1.693,62.1,-71,AMAN
NODE_01,1784313378,2026-07-18 01:36:18,9783244,1.108,67.38,-65,AMAN
NODE_01,1784313438,2026-07-18 01:37:18,6763987,0.766,62.83,-75,AMAN
NODE_01,1784313498,2026-07-18 01:38:18,3965562,0.449,66.55,-46,AMAN
NODE_01,1784313558,2026-07-18 01:39:18,10822859,1.226,65.79,-68,AMAN
NODE_01,1784313618,2026-07-18 01:40:18,4934634,0.559,67.18,-64,AMAN
NODE_01,1784313678,2026-07-18 01:41:18,9620195,1.09,73.72,-54,SIAGA
NODE_01,1784313738,2026-07-18 01:42:18,10651296,1.207,71.67,-73,SIAGA
NODE_01,1784313798,2026-07-18 01:43:18,6563902,0.744,67.33,-56,AMAN
NODE_01,1784313858,2026-07-18 01:44:18,8941634,1.013,65.67,-66,AMAN
NODE_01,1784313918,2026-07-18 01:45:18,8442469,0.957,74.7,-71,SIAGA
NODE_01,1784313978,2026-07-18 01:46:18,17033527,1.93,57.26,-84,AMAN
NODE_01,1784314038,2026-07-18 01:47:18,12898955,1.461,72.57,-62,SIAGA
NODE_01,1784314098,2026-07-18 01:48:18,4000876,0.453,61.79,-68,AMAN
NODE_01,1784314158,2026-07-18 01:49:18,6272503,0.711,71.65,-80,SIAGA
NODE_01,1784314218,2026-07-18 01:50:18,5178596,0.587,71.01,-52,SIAGA
NODE_01,1784314278,2026-07-18 01:51:18,10765316,1.22,72.65,-68,SIAGA
NODE_01,1784314338,2026-07-18 01:52:18,6971608,0.79,56.26,-59,AMAN
NODE_01,1784314398,2026-07-18 01:53:18,6736826,0.763,69.93,-59,AMAN
NODE_01,1784314458,2026-07-18 01:54:18,9134778,1.035,65.33,-67,AMAN
NODE_01,1784314518,2026-07-18 01:55:18,16994918,1.925,55.77,-47,AMAN
NODE_01,1784314578,2026-07-18 01:56:18,11109942,1.259,72.97,-48,SIAGA
NODE_01,1784314638,2026-07-18 01:57:18,5891606,0.667,56.19,-64,AMAN
NODE_01,1784314698,2026-07-18 01:58:18,5183332,0.587,59.06,-47,AMAN
NODE_01,1784314758,2026-07-18 01:59:18,14285392,1.618,66.65,-63,AMAN
NODE_01,1784314818,2026-07-18 02:00:18,6186795,0.701,58.8,-68,AMAN
NODE_01,1784314878,2026-07-18 02:01:18,8491335,0.962,60.42,-80,AMAN
NODE_01,1784314938,2026-07-18 02:02:18,8643306,0.979,67.64,-84,AMAN
NODE_01,1784314998,2026-07-18 02:03:18,9485977,1.075,66.23,-50,AMAN
NODE_01,1784315058,2026-07-18 02:04:18,7991186,0.905,67.22,-76,AMAN
NODE_01,1784315118,2026-07-18 02:05:18,11129248,1.261,74.75,-72,SIAGA
NODE_01,1784315178,2026-07-18 02:06:18,11004360,1.247,62.63,-66,AMAN
NODE_01,1784315238,2026-07-18 02:07:18,6305114,0.714,68.92,-69,AMAN
NODE_01,1784315298,2026-07-18 02:08:18,6363740,0.721,73.75,-50,SIAGA
NODE_01,1784315358,2026-07-18 02:09:18,6949496,0.787,62.33,-68,AMAN
NODE_01,1784315418,2026-07-18 02:10:18,11655860,1.321,55.86,-72,AMAN
NODE_01,1784315478,2026-07-18 02:11:18,4841477,0.549,58.63,-65,AMAN
NODE_01,1784315538,2026-07-18 02:12:18,2956290,0.335,61.74,-84,AMAN
NODE_01,1784315598,2026-07-18 02:13:18,8450977,0.957,69.83,-71,AMAN
NODE_01,1784315658,2026-07-18 02:14:18,14322651,1.623,67.81,-50,AMAN
NODE_01,1784315718,2026-07-18 02:15:18,9303298,1.054,57.66,-56,AMAN
NODE_01,1784315778,2026-07-18 02:16:18,7259362,0.822,59.97,-45,AMAN
NODE_01,1784315838,2026-07-18 02:17:18,9368173,1.061,65.51,-46,AMAN
NODE_01,1784315898,2026-07-18 02:18:18,13151381,1.49,68.06,-46,AMAN
NODE_01,1784315958,2026-07-18 02:19:18,15832482,1.794,69.45,-71,AMAN
NODE_01,1784316018,2026-07-18 02:20:18,7359726,0.834,59.83,-83,AMAN
NODE_01,1784316078,2026-07-18 02:21:18,10047552,1.138,64.27,-79,AMAN
NODE_01,1784316138,2026-07-18 02:22:18,13414635,1.52,57.4,-71,AMAN
NODE_01,1784316198,2026-07-18 02:23:18,10289634,1.166,65.54,-48,AMAN
NODE_01,1784316258,2026-07-18 02:24:18,6881472,0.78,71.59,-77,SIAGA
NODE_01,1784316318,2026-07-18 02:25:18,6940420,0.786,65.35,-79,AMAN
NODE_01,1784316378,2026-07-18 02:26:18,15010588,1.701,69.78,-70,AMAN
NODE_01,1784316438,2026-07-18 02:27:18,14477757,1.64,60.23,-68,AMAN
NODE_01,1784316498,2026-07-18 02:28:18,6715015,0.761,70.86,-83,SIAGA
NODE_01,1784316558,2026-07-18 02:29:18,8033314,0.91,70.36,-47,SIAGA
NODE_01,1784316618,2026-07-18 02:30:18,11268104,1.277,62.31,-85,AMAN
NODE_01,1784316678,2026-07-18 02:31:18,7969111,0.903,60.37,-75,AMAN
NODE_01,1784316738,2026-07-18 02:32:18,3928160,0.445,71.28,-85,SIAGA
NODE_01,1784316798,2026-07-18 02:33:18,12327130,1.397,72.63,-67,SIAGA
NODE_01,1784316858,2026-07-18 02:34:18,8377778,0.949,56.83,-70,AMAN
NODE_01,1784316918,2026-07-18 02:35:18,13325156,1.51,57.31,-58,AMAN
NODE_01,1784316978,2026-07-18 02:36:18,8231163,0.933,66.07,-81,AMAN
NODE_01,1784317038,2026-07-18 02:37:18,15182494,1.72,66.03,-69,AMAN
NODE_01,1784317098,2026-07-18 02:38:18,10141245,1.149,68.59,-84,AMAN
NODE_01,1784317158,2026-07-18 02:39:18,12447666,1.41,57.6,-52,AMAN
NODE_01,1784317218,2026-07-18 02:40:18,4471199,0.507,58.35,-69,AMAN
NODE_01,1784317278,2026-07-18 02:41:18,5946084,0.674,69.79,-76,AMAN
NODE_01,1784317338,2026-07-18 02:42:18,16628010,1.884,63.76,-78,AMAN
NODE_01,1784317398,2026-07-18 02:43:18,11746358,1.331,73.32,-80,SIAGA
NODE_01,1784317458,2026-07-18 02:44:18,7583642,0.859,72.24,-49,SIAGA
NODE_01,1784317518,2026-07-18 02:45:18,14467465,1.639,65.77,-50,AMAN
NODE_01,1784317578,2026-07-18 02:46:18,15166634,1.718,72.9,-66,SIAGA
NODE_01,1784317638,2026-07-18 02:47:18,8477941,0.961,70.38,-59,SIAGA
NODE_01,1784317698,2026-07-18 02:48:18,8901513,1.009,60.23,-66,AMAN
NODE_01,1784317758,2026-07-18 02:49:18,8823930,1.0,68.86,-61,AMAN
NODE_01,1784317818,2026-07-18 02:50:18,14170932,1.606,65.43,-66,AMAN
NODE_01,1784317878,2026-07-18 02:51:18,15859393,1.797,73.03,-58,SIAGA
NODE_01,1784317938,2026-07-18 02:52:18,8332358,0.944,72.41,-50,SIAGA
NODE_01,1784317998,2026-07-18 02:53:18,14710119,1.667,56.73,-71,AMAN
NODE_01,1784318058,2026-07-18 02:54:18,14031410,1.59,57.45,-45,AMAN
NODE_01,1784318118,2026-07-18 02:55:18,14900837,1.688,58.52,-70,AMAN
NODE_01,1784318178,2026-07-18 02:56:18,4266290,0.483,75.07,-68,SIAGA
NODE_01,1784318238,2026-07-18 02:57:18,13890886,1.574,71.19,-55,SIAGA
NODE_01,1784318298,2026-07-18 02:58:18,11181038,1.267,64.56,-78,AMAN
NODE_01,1784318358,2026-07-18 02:59:18,4626768,0.524,57.46,-59,AMAN
NODE_01,1784318418,2026-07-18 03:00:18,9715299,1.101,67.59,-74,AMAN
NODE_01,1784318478,2026-07-18 03:01:18,11185822,1.267,57.91,-46,AMAN
NODE_01,1784318538,2026-07-18 03:02:18,10881001,1.233,56.54,-66,AMAN
NODE_01,1784318598,2026-07-18 03:03:18,7283870,0.825,67.04,-64,AMAN
NODE_01,1784318658,2026-07-18 03:04:18,4217880,0.478,74.17,-58,SIAGA
NODE_01,1784318718,2026-07-18 03:05:18,11313385,1.282,66.97,-68,AMAN
NODE_01,1784318778,2026-07-18 03:06:18,4630819,0.525,69.63,-83,AMAN
NODE_01,1784318838,2026-07-18 03:07:18,8495386,0.962,62.59,-70,AMAN
NODE_01,1784318898,2026-07-18 03:08:18,7323573,0.83,68.69,-83,AMAN
NODE_01,1784318958,2026-07-18 03:09:18,5607164,0.635,65.88,-66,AMAN
NODE_01,1784319018,2026-07-18 03:10:18,10726007,1.215,66.58,-54,AMAN
NODE_01,1784319078,2026-07-18 03:11:18,11763794,1.333,66.53,-69,AMAN
NODE_01,1784319138,2026-07-18 03:12:18,12782179,1.448,72.88,-59,SIAGA
NODE_01,1784319198,2026-07-18 03:13:18,14747139,1.671,58.43,-64,AMAN
NODE_01,1784319258,2026-07-18 03:14:18,10688862,1.211,75.27,-77,SIAGA
NODE_01,1784319318,2026-07-18 03:15:18,11487070,1.301,68.68,-73,AMAN
NODE_01,1784319378,2026-07-18 03:16:18,11595043,1.314,66.95,-53,AMAN
NODE_01,1784319438,2026-07-18 03:17:18,12235542,1.386,59.93,-64,AMAN
NODE_01,1784319498,2026-07-18 03:18:18,7288270,0.826,62.87,-64,AMAN
NODE_01,1784319558,2026-07-18 03:19:18,10412264,1.18,75.0,-58,SIAGA
NODE_01,1784319618,2026-07-18 03:20:18,4220684,0.478,65.49,-71,AMAN
NODE_01,1784319678,2026-07-18 03:21:18,12134477,1.375,60.75,-64,AMAN
NODE_01,1784319738,2026-07-18 03:22:18,9227122,1.045,64.26,-58,AMAN
NODE_01,1784319798,2026-07-18 03:23:18,5949818,0.674,55.46,-72,AMAN
NODE_01,1784319858,2026-07-18 03:24:18,7970391,0.903,64.75,-60,AMAN
NODE_01,1784319918,2026-07-18 03:25:18,14748708,1.671,64.8,-53,AMAN
NODE_01,1784319978,2026-07-18 03:26:18,7990047,0.905,65.49,-46,AMAN
NODE_01,1784320038,2026-07-18 03:27:18,7438973,0.843,58.13,-61,AMAN
NODE_01,1784320098,2026-07-18 03:28:18,8621768,0.977,60.29,-61,AMAN
NODE_01,1784320158,2026-07-18 03:29:18,14766234,1.673,59.45,-81,AMAN
NODE_01,1784320218,2026-07-18 03:30:18,5446318,0.617,55.0,-83,AMAN
NODE_01,1784320278,2026-07-18 03:31:18,13898968,1.575,71.6,-66,SIAGA
NODE_01,1784320338,2026-07-18 03:32:18,8655928,0.981,64.85,-61,AMAN
NODE_01,1784320398,2026-07-18 03:33:18,2947778,0.334,60.53,-72,AMAN
NODE_01,1784320458,2026-07-18 03:34:18,12967565,1.469,73.46,-65,SIAGA
NODE_01,1784320518,2026-07-18 03:35:18,7485064,0.848,59.87,-47,AMAN
NODE_01,1784320578,2026-07-18 03:36:18,8748944,0.991,66.13,-59,AMAN
NODE_01,1784320638,2026-07-18 03:37:18,13776242,1.561,57.77,-51,AMAN
NODE_01,1784320698,2026-07-18 03:38:18,6393451,0.724,68.34,-61,AMAN
NODE_01,1784320758,2026-07-18 03:39:18,12147111,1.376,62.36,-55,AMAN
NODE_01,1784320818,2026-07-18 03:40:18,6092295,0.69,64.69,-48,AMAN
NODE_01,1784320878,2026-07-18 03:41:18,3586437,0.406,72.59,-54,SIAGA
NODE_01,1784320938,2026-07-18 03:42:18,7123575,0.807,74.77,-66,SIAGA
NODE_01,1784320998,2026-07-18 03:43:18,13744293,1.557,71.51,-81,SIAGA
NODE_01,1784321058,2026-07-18 03:44:18,7136074,0.808,57.84,-65,AMAN
NODE_01,1784321118,2026-07-18 03:45:18,13844346,1.569,57.19,-78,AMAN
NODE_01,1784321178,2026-07-18 03:46:18,9689691,1.098,73.98,-60,SIAGA
NODE_01,1784321238,2026-07-18 03:47:18,13322085,1.509,61.42,-76,AMAN
NODE_01,1784321298,2026-07-18 03:48:18,9929351,1.125,72.94,-55,SIAGA
NODE_01,1784321358,2026-07-18 03:49:18,5300180,0.6,57.33,-71,AMAN
NODE_01,1784321418,2026-07-18 03:50:18,8661297,0.981,57.59,-50,AMAN
NODE_01,1784321478,2026-07-18 03:51:18,5166199,0.585,66.68,-65,AMAN
NODE_01,1784321538,2026-07-18 03:52:18,11056400,1.253,58.13,-50,AMAN
NODE_01,1784321598,2026-07-18 03:53:18,7350775,0.833,64.88,-85,AMAN
NODE_01,1784321658,2026-07-18 03:54:18,15123677,1.713,66.01,-74,AMAN
NODE_01,1784321718,2026-07-18 03:55:18,8213740,0.931,72.76,-74,SIAGA
NODE_01,1784321778,2026-07-18 03:56:18,9652230,1.094,73.81,-62,SIAGA
NODE_01,1784321838,2026-07-18 03:57:18,12372388,1.402,63.71,-49,AMAN
NODE_01,1784321898,2026-07-18 03:58:18,12408693,1.406,71.15,-50,SIAGA
NODE_01,1784321958,2026-07-18 03:59:18,7369199,0.835,72.45,-72,SIAGA
NODE_01,1784322018,2026-07-18 04:00:18,12718631,1.441,60.42,-63,AMAN
NODE_01,1784322078,2026-07-18 04:01:18,4237000,0.48,68.99,-64,AMAN
NODE_01,1784322138,2026-07-18 04:02:18,13404793,1.519,71.18,-73,SIAGA
NODE_01,1784322198,2026-07-18 04:03:18,9465684,1.072,70.04,-77,SIAGA
NODE_01,1784322258,2026-07-18 04:04:18,12445263,1.41,61.38,-51,AMAN
NODE_01,1784322318,2026-07-18 04:05:18,15384087,1.743,56.97,-84,AMAN
NODE_01,1784322378,2026-07-18 04:06:18,13014660,1.475,69.38,-60,AMAN
NODE_01,1784322438,2026-07-18 04:07:18,9598500,1.087,69.82,-68,AMAN
NODE_01,1784322498,2026-07-18 04:08:18,13340812,1.511,61.91,-68,AMAN
NODE_01,1784322558,2026-07-18 04:09:18,10851984,1.229,62.17,-54,AMAN
NODE_01,1784322618,2026-07-18 04:10:18,10053771,1.139,69.24,-64,AMAN
NODE_01,1784322678,2026-07-18 04:11:18,10582685,1.199,60.6,-67,AMAN
NODE_01,1784322738,2026-07-18 04:12:18,15096224,1.71,64.4,-45,AMAN
NODE_01,1784322798,2026-07-18 04:13:18,16357782,1.853,71.76,-79,SIAGA
NODE_01,1784322858,2026-07-18 04:14:18,13791784,1.563,56.88,-47,AMAN
NODE_01,1784322918,2026-07-18 04:15:18,12790962,1.449,62.74,-68,AMAN
NODE_01,1784322978,2026-07-18 04:16:18,6836793,0.775,73.59,-59,SIAGA
NODE_01,1784323038,2026-07-18 04:17:18,9078464,1.029,61.74,-84,AMAN
NODE_01,1784323098,2026-07-18 04:18:18,9378381,1.063,57.67,-59,AMAN
NODE_01,1784323158,2026-07-18 04:19:18,14404537,1.632,65.33,-74,AMAN
NODE_01,1784323218,2026-07-18 04:20:18,4063846,0.46,62.21,-61,AMAN
NODE_01,1784323278,2026-07-18 04:21:18,6539058,0.741,69.02,-78,AMAN
NODE_01,1784323338,2026-07-18 04:22:18,14279306,1.618,74.73,-60,SIAGA
NODE_01,1784323398,2026-07-18 04:23:18,15580593,1.765,72.18,-49,SIAGA
NODE_01,1784323458,2026-07-18 04:24:18,13023824,1.476,61.84,-72,AMAN
NODE_01,1784323518,2026-07-18 04:25:18,13785096,1.562,63.56,-72,AMAN
NODE_01,1784323578,2026-07-18 04:26:18,9520110,1.079,57.94,-54,AMAN
NODE_01,1784323638,2026-07-18 04:27:18,10848294,1.229,57.93,-72,AMAN
NODE_01,1784323698,2026-07-18 04:28:18,15733596,1.783,58.43,-74,AMAN
NODE_01,1784323758,2026-07-18 04:29:18,12447448,1.41,68.4,-64,AMAN
NODE_01,1784323818,2026-07-18 04:30:18,12721990,1.441,62.06,-69,AMAN
NODE_01,1784323878,2026-07-18 04:31:18,7884370,0.893,69.12,-68,AMAN
NODE_01,1784323938,2026-07-18 04:32:18,9798684,1.11,66.52,-55,AMAN
NODE_01,1784323998,2026-07-18 04:33:18,9426057,1.068,69.96,-63,AMAN
NODE_01,1784324058,2026-07-18 04:34:18,11166357,1.265,62.38,-63,AMAN
NODE_01,1784324118,2026-07-18 04:35:18,9362247,1.061,64.37,-69,AMAN
NODE_01,1784324178,2026-07-18 04:36:18,6290435,0.713,56.52,-75,AMAN
NODE_01,1784324238,2026-07-18 04:37:18,11018731,1.248,59.59,-60,AMAN
NODE_01,1784324298,2026-07-18 04:38:18,12518264,1.418,59.93,-75,AMAN
NODE_01,1784324358,2026-07-18 04:39:18,11138640,1.262,63.53,-70,AMAN
NODE_01,1784324418,2026-07-18 04:40:18,9458919,1.072,66.83,-74,AMAN
NODE_01,1784324478,2026-07-18 04:41:18,14057811,1.593,62.51,-54,AMAN
NODE_01,1784324538,2026-07-18 04:42:18,6247890,0.708,72.04,-67,SIAGA
NODE_01,1784324598,2026-07-18 04:43:18,7304020,0.828,57.43,-66,AMAN
NODE_01,1784324658,2026-07-18 04:44:18,13943446,1.58,63.85,-62,AMAN
NODE_01,1784324718,2026-07-18 04:45:18,8463406,0.959,59.73,-66,AMAN
NODE_01,1784324778,2026-07-18 04:46:18,14250187,1.614,68.07,-72,AMAN
NODE_01,1784324838,2026-07-18 04:47:18,5990777,0.679,60.59,-78,AMAN
NODE_01,1784324898,2026-07-18 04:48:18,7299137,0.827,72.84,-78,SIAGA
NODE_01,1784324958,2026-07-18 04:49:18,9862549,1.117,61.87,-78,AMAN
NODE_01,1784325018,2026-07-18 04:50:18,5873921,0.665,63.82,-64,AMAN
NODE_01,1784325078,2026-07-18 04:51:18,13796792,1.563,56.33,-60,AMAN
NODE_01,1784325138,2026-07-18 04:52:18,4756894,0.539,60.94,-76,AMAN
NODE_01,1784325198,2026-07-18 04:53:18,7555638,0.856,62.21,-65,AMAN
NODE_01,1784325258,2026-07-18 04:54:18,14086281,1.596,58.89,-79,AMAN
NODE_01,1784325318,2026-07-18 04:55:18,11133178,1.261,71.13,-55,SIAGA
NODE_01,1784325378,2026-07-18 04:56:18,10345819,1.172,58.02,-58,AMAN
NODE_01,1784325438,2026-07-18 04:57:18,8798228,0.997,70.39,-51,SIAGA
NODE_01,1784325498,2026-07-18 04:58:18,4807974,0.545,68.6,-51,AMAN
NODE_01,1784325558,2026-07-18 04:59:18,16040762,1.817,70.19,-63,SIAGA
NODE_01,1784325618,2026-07-18 05:00:18,6750603,0.765,61.61,-73,AMAN
NODE_01,1784325678,2026-07-18 05:01:18,9553244,1.082,69.57,-58,AMAN
NODE_01,1784325738,2026-07-18 05:02:18,11742726,1.33,56.55,-68,AMAN
NODE_01,1784325798,2026-07-18 05:03:18,9960487,1.128,71.08,-59,SIAGA
NODE_01,1784325858,2026-07-18 05:04:18,10491231,1.189,57.67,-65,AMAN
NODE_01,1784325918,2026-07-18 05:05:18,12254696,1.388,73.51,-85,SIAGA
NODE_01,1784325978,2026-07-18 05:06:18,3197658,0.362,70.22,-54,SIAGA
NODE_01,1784326038,2026-07-18 05:07:18,15496112,1.756,62.6,-60,AMAN
NODE_01,1784326098,2026-07-18 05:08:18,9695696,1.098,64.42,-85,AMAN
NODE_01,1784326158,2026-07-18 05:09:18,6781769,0.768,59.53,-82,AMAN
NODE_01,1784326218,2026-07-18 05:10:18,11972324,1.356,69.83,-61,AMAN
NODE_01,1784326278,2026-07-18 05:11:18,9429227,1.068,60.07,-56,AMAN
NODE_01,1784326338,2026-07-18 05:12:18,13292593,1.506,71.24,-52,SIAGA
NODE_01,1784326398,2026-07-18 05:13:18,9250327,1.048,58.73,-57,AMAN
NODE_01,1784326458,2026-07-18 05:14:18,5204010,0.59,64.44,-85,AMAN
NODE_01,1784326518,2026-07-18 05:15:18,5118732,0.58,58.08,-68,AMAN
NODE_01,1784326578,2026-07-18 05:16:18,8995961,1.019,60.83,-70,AMAN
NODE_01,1784326638,2026-07-18 05:17:18,14351891,1.626,72.61,-68,SIAGA
NODE_01,1784326698,2026-07-18 05:18:18,6970537,0.79,62.78,-59,AMAN
NODE_01,1784326758,2026-07-18 05:19:18,5866359,0.665,55.97,-79,AMAN
NODE_01,1784326818,2026-07-18 05:20:18,13754232,1.558,57.5,-73,AMAN
NODE_01,1784326878,2026-07-18 05:21:18,14183036,1.607,60.8,-82,AMAN
NODE_01,1784326938,2026-07-18 05:22:18,9180677,1.04,62.54,-56,AMAN
NODE_01,1784326998,2026-07-18 05:23:18,13862202,1.571,71.48,-58,SIAGA
NODE_01,1784327058,2026-07-18 05:24:18,13966518,1.582,69.21,-52,AMAN
NODE_01,1784327118,2026-07-18 05:25:18,13320235,1.509,67.62,-51,AMAN
NODE_01,1784327178,2026-07-18 05:26:18,11090300,1.256,65.16,-62,AMAN
NODE_01,1784327238,2026-07-18 05:27:18,13405980,1.519,67.44,-51,AMAN
NODE_01,1784327298,2026-07-18 05:28:18,11192805,1.268,69.16,-67,AMAN
NODE_01,1784327358,2026-07-18 05:29:18,15010660,1.701,66.13,-77,AMAN
NODE_01,1784327418,2026-07-18 05:30:18,9756851,1.105,55.82,-69,AMAN
NODE_01,1784327478,2026-07-18 05:31:18,3973008,0.45,57.48,-49,AMAN
NODE_01,1784327538,2026-07-18 05:32:18,12629141,1.431,57.31,-85,AMAN
NODE_01,1784327598,2026-07-18 05:33:18,5715155,0.648,66.05,-59,AMAN
NODE_01,1784327658,2026-07-18 05:34:18,10251237,1.161,73.06,-60,SIAGA
NODE_01,1784327718,2026-07-18 05:35:18,10586243,1.199,66.32,-45,AMAN
NODE_01,1784327778,2026-07-18 05:36:18,6734571,0.763,64.0,-82,AMAN
NODE_01,1784327838,2026-07-18 05:37:18,15689344,1.778,54.54,-79,AMAN
NODE_01,1784327898,2026-07-18 05:38:18,6217538,0.704,62.16,-64,AMAN
NODE_01,1784327958,2026-07-18 05:39:18,9360832,1.061,68.72,-59,AMAN
NODE_01,1784328018,2026-07-18 05:40:18,14778429,1.674,68.27,-73,AMAN
NODE_01,1784328078,2026-07-18 05:41:18,12277749,1.391,56.22,-45,AMAN
NODE_01,1784328138,2026-07-18 05:42:18,12162777,1.378,64.88,-70,AMAN
NODE_01,1784328198,2026-07-18 05:43:18,7784786,0.882,63.9,-48,AMAN
NODE_01,1784328258,2026-07-18 05:44:18,7386551,0.837,56.1,-54,AMAN
NODE_01,1784328318,2026-07-18 05:45:18,9286578,1.052,56.66,-51,AMAN
NODE_01,1784328378,2026-07-18 05:46:18,4284532,0.485,63.59,-66,AMAN
NODE_01,1784328438,2026-07-18 05:47:18,14764386,1.673,68.56,-51,AMAN
NODE_01,1784328498,2026-07-18 05:48:18,10561547,1.197,74.16,-53,SIAGA
NODE_01,1784328558,2026-07-18 05:49:18,13148456,1.49,59.21,-81,AMAN
NODE_01,1784328618,2026-07-18 05:50:18,5350822,0.606,65.64,-45,AMAN
NODE_01,1784328678,2026-07-18 05:51:18,9509521,1.077,70.31,-84,SIAGA
NODE_01,1784328738,2026-07-18 05:52:18,10206815,1.156,64.24,-59,AMAN
NODE_01,1784328798,2026-07-18 05:53:18,11343364,1.285,71.06,-50,SIAGA
NODE_01,1784328858,2026-07-18 05:54:18,12569127,1.424,72.32,-53,SIAGA
NODE_01,1784328918,2026-07-18 05:55:18,10710584,1.213,70.61,-65,SIAGA
NODE_01,1784328978,2026-07-18 05:56:18,10908942,1.236,73.71,-72,SIAGA
NODE_01,1784329038,2026-07-18 05:57:18,5320177,0.603,54.96,-79,AMAN
NODE_01,1784329098,2026-07-18 05:58:18,11016921,1.248,71.49,-73,SIAGA
NODE_01,1784329158,2026-07-18 05:59:18,15470574,1.753,59.77,-81,AMAN
NODE_01,1784329218,2026-07-18 06:00:18,8181483,0.927,59.48,-57,AMAN
NODE_01,1784329278,2026-07-18 06:01:18,14203584,1.609,59.7,-80,AMAN
NODE_01,1784329338,2026-07-18 06:02:18,13611560,1.542,72.72,-54,SIAGA
NODE_01,1784329398,2026-07-18 06:03:18,13322698,1.509,72.42,-85,SIAGA
NODE_01,1784329458,2026-07-18 06:04:18,8325875,0.943,67.53,-65,AMAN
NODE_01,1784329518,2026-07-18 06:05:18,3630679,0.411,64.61,-45,AMAN
NODE_01,1784329578,2026-07-18 06:06:18,10552519,1.196,73.8,-66,SIAGA
NODE_01,1784329638,2026-07-18 06:07:18,16920412,1.917,56.04,-48,AMAN
NODE_01,1784329698,2026-07-18 06:08:18,11744541,1.331,69.99,-72,AMAN
NODE_01,1784329758,2026-07-18 06:09:18,12784213,1.448,74.18,-63,SIAGA
NODE_01,1784329818,2026-07-18 06:10:18,13096313,1.484,64.98,-49,AMAN
NODE_01,1784329878,2026-07-18 06:11:18,10371178,1.175,64.94,-46,AMAN
NODE_01,1784329938,2026-07-18 06:12:18,13339819,1.511,73.17,-54,SIAGA
NODE_01,1784329998,2026-07-18 06:13:18,10673557,1.209,61.37,-82,AMAN
NODE_01,1784330058,2026-07-18 06:14:18,7429992,0.842,57.71,-46,AMAN
NODE_01,1784330118,2026-07-18 06:15:18,16615310,1.882,63.56,-78,AMAN
NODE_01,1784330178,2026-07-18 06:16:18,10138398,1.149,75.44,-77,SIAGA
NODE_01,1784330238,2026-07-18 06:17:18,12463693,1.412,66.11,-55,AMAN
NODE_01,1784330298,2026-07-18 06:18:18,6160535,0.698,61.65,-76,AMAN
NODE_01,1784330358,2026-07-18 06:19:18,5040878,0.571,69.65,-82,AMAN
NODE_01,1784330418,2026-07-18 06:20:18,11735172,1.33,63.63,-56,AMAN
NODE_01,1784330478,2026-07-18 06:21:18,14140267,1.602,62.29,-81,AMAN
NODE_01,1784330538,2026-07-18 06:22:18,9616063,1.089,54.37,-68,AMAN
NODE_01,1784330598,2026-07-18 06:23:18,14215632,1.611,73.73,-68,SIAGA
NODE_01,1784330658,2026-07-18 06:24:18,12330763,1.397,73.45,-75,SIAGA
NODE_01,1784330718,2026-07-18 06:25:18,15198189,1.722,56.77,-59,AMAN
NODE_01,1784330778,2026-07-18 06:26:18,7599571,0.861,66.61,-85,AMAN
NODE_01,1784330838,2026-07-18 06:27:18,7607995,0.862,65.18,-55,AMAN
NODE_01,1784330898,2026-07-18 06:28:18,10855146,1.23,63.45,-71,AMAN
NODE_01,1784330958,2026-07-18 06:29:18,10386967,1.177,69.38,-82,AMAN
NODE_01,1784331018,2026-07-18 06:30:18,6905505,0.782,56.39,-63,AMAN
NODE_01,1784331078,2026-07-18 06:31:18,11207446,1.27,73.53,-84,SIAGA
NODE_01,1784331138,2026-07-18 06:32:18,10184991,1.154,65.59,-61,AMAN
NODE_01,1784331198,2026-07-18 06:33:18,14381920,1.629,66.57,-47,AMAN
NODE_01,1784331258,2026-07-18 06:34:18,6454190,0.731,55.41,-49,AMAN
NODE_01,1784331318,2026-07-18 06:35:18,14562472,1.65,60.41,-69,AMAN
NODE_01,1784331378,2026-07-18 06:36:18,15639901,1.772,54.91,-69,AMAN
NODE_01,1784331438,2026-07-18 06:37:18,17043400,1.931,73.11,-51,SIAGA
NODE_01,1784331498,2026-07-18 06:38:18,14073159,1.594,60.61,-81,AMAN
NODE_01,1784331558,2026-07-18 06:39:18,6294708,0.713,57.91,-79,AMAN
NODE_01,1784331618,2026-07-18 06:40:18,5239978,0.594,58.57,-54,AMAN
NODE_01,1784331678,2026-07-18 06:41:18,13063587,1.48,73.53,-45,SIAGA
NODE_01,1784331738,2026-07-18 06:42:18,10581026,1.199,71.78,-69,SIAGA
NODE_01,1784331798,2026-07-18 06:43:18,9001579,1.02,56.26,-54,AMAN
NODE_01,1784331858,2026-07-18 06:44:18,8885823,1.007,74.48,-76,SIAGA
NODE_01,1784331918,2026-07-18 06:45:18,10003611,1.133,71.03,-45,SIAGA
NODE_01,1784331978,2026-07-18 06:46:18,5823067,0.66,59.02,-69,AMAN
NODE_01,1784332038,2026-07-18 06:47:18,11700499,1.326,72.61,-64,SIAGA
NODE_01,1784332098,2026-07-18 06:48:18,16235571,1.839,71.81,-72,SIAGA
NODE_01,1784332158,2026-07-18 06:49:18,11995594,1.359,55.81,-58,AMAN
NODE_01,1784332218,2026-07-18 06:50:18,9503846,1.077,60.07,-55,AMAN
NODE_01,1784332278,2026-07-18 06:51:18,16055491,1.819,74.72,-65,SIAGA
NODE_01,1784332338,2026-07-18 06:52:18,13674286,1.549,71.32,-45,SIAGA
NODE_01,1784332398,2026-07-18 06:53:18,5202707,0.589,64.62,-72,AMAN
NODE_01,1784332458,2026-07-18 06:54:18,10635286,1.205,70.65,-82,SIAGA
NODE_01,1784332518,2026-07-18 06:55:18,4333789,0.491,68.0,-59,AMAN
NODE_01,1784332578,2026-07-18 06:56:18,12541458,1.421,72.88,-46,SIAGA
NODE_01,1784332638,2026-07-18 06:57:18,7240396,0.82,58.15,-60,AMAN
NODE_01,1784332698,2026-07-18 06:58:18,3990137,0.452,60.21,-60,AMAN
NODE_01,1784332758,2026-07-18 06:59:18,9813442,1.112,69.27,-53,AMAN
NODE_01,1784332818,2026-07-18 07:00:18,7692285,0.872,58.69,-81,AMAN
NODE_01,1784332878,2026-07-18 07:01:18,16926130,1.918,64.41,-66,AMAN
NODE_01,1784332938,2026-07-18 07:02:18,14144969,1.603,63.56,-67,AMAN
NODE_01,1784332998,2026-07-18 07:03:18,8724797,0.988,58.0,-80,AMAN
NODE_01,1784333058,2026-07-18 07:04:18,3817262,0.432,54.98,-81,AMAN
NODE_01,1784333118,2026-07-18 07:05:18,15030656,1.703,66.08,-58,AMAN
NODE_01,1784333178,2026-07-18 07:06:18,3441078,0.39,66.26,-70,AMAN
NODE_01,1784333238,2026-07-18 07:07:18,11988903,1.358,65.98,-48,AMAN
NODE_01,1784333298,2026-07-18 07:08:18,5998696,0.68,72.89,-68,SIAGA
NODE_01,1784333358,2026-07-18 07:09:18,13283687,1.505,67.14,-76,AMAN
NODE_01,1784333418,2026-07-18 07:10:18,12292538,1.393,64.94,-52,AMAN
NODE_01,1784333478,2026-07-18 07:11:18,4959880,0.562,61.57,-65,AMAN
NODE_01,1784333538,2026-07-18 07:12:18,9729742,1.102,59.08,-67,AMAN
NODE_01,1784333598,2026-07-18 07:13:18,8822849,1.0,68.87,-74,AMAN
NODE_01,1784333658,2026-07-18 07:14:18,11364830,1.288,58.69,-83,AMAN
NODE_01,1784333718,2026-07-18 07:15:18,15530071,1.76,61.8,-77,AMAN
NODE_01,1784333778,2026-07-18 07:16:18,12010204,1.361,59.17,-79,AMAN
NODE_01,1784333838,2026-07-18 07:17:18,8482606,0.961,71.8,-78,SIAGA
NODE_01,1784333898,2026-07-18 07:18:18,7001382,0.793,56.08,-45,AMAN
NODE_01,1784333958,2026-07-18 07:19:18,7772599,0.881,63.77,-58,AMAN
NODE_01,1784334018,2026-07-18 07:20:18,16355775,1.853,66.43,-73,AMAN
NODE_01,1784334078,2026-07-18 07:21:18,4676639,0.53,68.39,-57,AMAN
NODE_01,1784334138,2026-07-18 07:22:18,11657019,1.321,72.3,-52,SIAGA
NODE_01,1784334198,2026-07-18 07:23:18,14054116,1.592,64.94,-84,AMAN
NODE_01,1784334258,2026-07-18 07:24:18,14431724,1.635,66.77,-81,AMAN
NODE_01,1784334318,2026-07-18 07:25:18,7922008,0.898,64.35,-69,AMAN
NODE_01,1784334378,2026-07-18 07:26:18,7037599,0.797,60.04,-46,AMAN
NODE_01,1784334438,2026-07-18 07:27:18,9202560,1.043,72.4,-80,SIAGA
NODE_01,1784334498,2026-07-18 07:28:18,4300193,0.487,71.52,-55,SIAGA
NODE_01,1784334558,2026-07-18 07:29:18,14675429,1.663,66.23,-61,AMAN
NODE_01,1784334618,2026-07-18 07:30:18,12379477,1.403,63.03,-64,AMAN
NODE_01,1784334678,2026-07-18 07:31:18,14848074,1.682,72.77,-67,SIAGA
NODE_01,1784334738,2026-07-18 07:32:18,13038722,1.477,57.34,-75,AMAN
NODE_01,1784334798,2026-07-18 07:33:18,4260153,0.483,75.01,-49,SIAGA
NODE_01,1784334858,2026-07-18 07:34:18,11796552,1.337,74.7,-62,SIAGA
NODE_01,1784334918,2026-07-18 07:35:18,7663486,0.868,63.79,-61,AMAN
NODE_01,1784334978,2026-07-18 07:36:18,4516880,0.512,69.86,-61,AMAN
NODE_01,1784335038,2026-07-18 07:37:18,12277510,1.391,57.22,-62,AMAN
NODE_01,1784335098,2026-07-18 07:38:18,11416003,1.293,55.75,-75,AMAN
NODE_01,1784335158,2026-07-18 07:39:18,13976688,1.584,66.84,-70,AMAN
NODE_01,1784335218,2026-07-18 07:40:18,5542161,0.628,65.7,-84,AMAN
NODE_01,1784335278,2026-07-18 07:41:18,7588012,0.86,68.96,-71,AMAN
NODE_01,1784335338,2026-07-18 07:42:18,3094276,0.351,65.76,-69,AMAN
NODE_01,1784335398,2026-07-18 07:43:18,9256705,1.049,66.86,-61,AMAN
NODE_01,1784335458,2026-07-18 07:44:18,9793448,1.11,68.3,-80,AMAN
NODE_01,1784335518,2026-07-18 07:45:18,7027935,0.796,59.14,-77,AMAN
NODE_01,1784335578,2026-07-18 07:46:18,10612786,1.202,69.49,-75,AMAN
NODE_01,1784335638,2026-07-18 07:47:18,14949264,1.694,59.05,-80,AMAN
NODE_01,1784335698,2026-07-18 07:48:18,7751791,0.878,58.53,-67,AMAN
NODE_01,1784335758,2026-07-18 07:49:18,5412039,0.613,67.41,-61,AMAN
NODE_01,1784335818,2026-07-18 07:50:18,5250291,0.595,68.28,-49,AMAN
NODE_01,1784335878,2026-07-18 07:51:18,14505119,1.643,68.84,-62,AMAN
NODE_01,1784335938,2026-07-18 07:52:18,9520969,1.079,62.95,-47,AMAN
NODE_01,1784335998,2026-07-18 07:53:18,6864313,0.778,56.24,-84,AMAN
NODE_01,1784336058,2026-07-18 07:54:18,7567360,0.857,57.09,-82,AMAN
NODE_01,1784336118,2026-07-18 07:55:18,6984012,0.791,54.68,-72,AMAN
NODE_01,1784336178,2026-07-18 07:56:18,4607468,0.522,69.43,-70,AMAN
NODE_01,1784336238,2026-07-18 07:57:18,16679002,1.89,72.22,-80,SIAGA
NODE_01,1784336298,2026-07-18 07:58:18,14736940,1.67,61.99,-83,AMAN
NODE_01,1784336358,2026-07-18 07:59:18,4824716,0.547,61.82,-76,AMAN
NODE_01,1784336418,2026-07-18 08:00:18,13300496,1.507,62.0,-79,AMAN
NODE_01,1784336478,2026-07-18 08:01:18,4373926,0.496,69.83,-72,AMAN
NODE_01,1784336538,2026-07-18 08:02:18,13041625,1.478,69.14,-68,AMAN
NODE_01,1784336598,2026-07-18 08:03:18,12097984,1.371,64.61,-70,AMAN
NODE_01,1784336658,2026-07-18 08:04:18,9922171,1.124,64.36,-60,AMAN
NODE_01,1784336718,2026-07-18 08:05:18,6449139,0.731,60.3,-85,AMAN
NODE_01,1784336778,2026-07-18 08:06:18,15316038,1.735,55.66,-70,AMAN
NODE_01,1784336838,2026-07-18 08:07:18,7825996,0.887,73.6,-78,SIAGA
NODE_01,1784336898,2026-07-18 08:08:18,11413864,1.293,69.92,-73,AMAN
NODE_01,1784336958,2026-07-18 08:09:18,10588273,1.2,66.61,-63,AMAN
NODE_01,1784337018,2026-07-18 08:10:18,14274070,1.617,72.35,-65,SIAGA
NODE_01,1784337078,2026-07-18 08:11:18,6484879,0.735,72.59,-48,SIAGA
NODE_01,1784337138,2026-07-18 08:12:18,11336685,1.284,72.98,-47,SIAGA
NODE_01,1784337198,2026-07-18 08:13:18,6360467,0.721,71.37,-61,SIAGA
NODE_01,1784337258,2026-07-18 08:14:18,4382062,0.496,57.53,-60,AMAN
NODE_01,1784337318,2026-07-18 08:15:18,3890439,0.441,57.05,-71,AMAN
NODE_01,1784337378,2026-07-18 08:16:18,4969741,0.563,63.16,-67,AMAN
NODE_01,1784337438,2026-07-18 08:17:18,11227537,1.272,68.13,-63,AMAN
NODE_01,1784337498,2026-07-18 08:18:18,11884875,1.347,65.27,-71,AMAN
NODE_01,1784337558,2026-07-18 08:19:18,15781535,1.788,70.51,-76,SIAGA
NODE_01,1784337618,2026-07-18 08:20:18,8476709,0.96,62.98,-57,AMAN
NODE_01,1784337678,2026-07-18 08:21:18,7637731,0.865,67.06,-66,AMAN
NODE_01,1784337738,2026-07-18 08:22:18,5024462,0.569,55.01,-66,AMAN
NODE_01,1784337798,2026-07-18 08:23:18,5363079,0.608,62.54,-54,AMAN
NODE_01,1784337858,2026-07-18 08:24:18,10541606,1.194,61.53,-54,AMAN
NODE_01,1784337918,2026-07-18 08:25:18,4875542,0.552,70.06,-54,SIAGA
NODE_01,1784337978,2026-07-18 08:26:18,12056830,1.366,73.15,-69,SIAGA
NODE_01,1784338038,2026-07-18 08:27:18,11576109,1.312,55.51,-82,AMAN
NODE_01,1784338098,2026-07-18 08:28:18,7338775,0.831,69.33,-79,AMAN
NODE_01,1784338158,2026-07-18 08:29:18,13776053,1.561,61.6,-75,AMAN
NODE_01,1784338218,2026-07-18 08:30:18,9020440,1.022,75.06,-81,SIAGA
NODE_01,1784338278,2026-07-18 08:31:18,8844523,1.002,55.62,-62,AMAN
NODE_01,1784338338,2026-07-18 08:32:18,14919822,1.69,55.85,-84,AMAN
NODE_01,1784338398,2026-07-18 08:33:18,10466415,1.186,68.7,-57,AMAN
NODE_01,1784338458,2026-07-18 08:34:18,6232672,0.706,66.83,-54,AMAN
NODE_01,1784338518,2026-07-18 08:35:18,12401530,1.405,58.19,-61,AMAN
NODE_01,1784338578,2026-07-18 08:36:18,11267662,1.277,72.68,-79,SIAGA
NODE_01,1784338638,2026-07-18 08:37:18,8234239,0.933,64.29,-73,AMAN
NODE_01,1784338698,2026-07-18 08:38:18,14792132,1.676,72.65,-68,SIAGA
NODE_01,1784338758,2026-07-18 08:39:18,11496088,1.302,67.89,-47,AMAN
NODE_01,1784338818,2026-07-18 08:40:18,7698852,0.872,71.89,-58,SIAGA
NODE_01,1784338878,2026-07-18 08:41:18,4746359,0.538,68.81,-63,AMAN
NODE_01,1784338938,2026-07-18 08:42:18,15087777,1.709,71.68,-72,SIAGA
NODE_01,1784338998,2026-07-18 08:43:18,4518271,0.512,58.9,-46,AMAN
NODE_01,1784339058,2026-07-18 08:44:18,6553863,0.743,54.82,-83,AMAN
NODE_01,1784339118,2026-07-18 08:45:18,10408207,1.179,72.08,-52,SIAGA
NODE_01,1784339178,2026-07-18 08:46:18,12009154,1.361,59.72,-47,AMAN
NODE_01,1784339238,2026-07-18 08:47:18,11681063,1.323,62.05,-66,AMAN
NODE_01,1784339298,2026-07-18 08:48:18,5133773,0.582,60.17,-63,AMAN
NODE_01,1784339358,2026-07-18 08:49:18,10848136,1.229,68.6,-51,AMAN
NODE_01,1784339418,2026-07-18 08:50:18,13104794,1.485,60.76,-49,AMAN
NODE_01,1784339478,2026-07-18 08:51:18,6265945,0.71,69.0,-78,AMAN
NODE_01,1784339538,2026-07-18 08:52:18,14952620,1.694,60.61,-84,AMAN
NODE_01,1784339598,2026-07-18 08:53:18,14885284,1.686,61.35,-66,AMAN
NODE_01,1784339658,2026-07-18 08:54:18,7054108,0.799,62.22,-82,AMAN
NODE_01,1784339718,2026-07-18 08:55:18,15016766,1.701,66.42,-73,AMAN
NODE_01,1784339778,2026-07-18 08:56:18,9424531,1.068,60.49,-53,AMAN
NODE_01,1784339838,2026-07-18 08:57:18,12285450,1.392,70.27,-56,SIAGA
NODE_01,1784339898,2026-07-18 08:58:18,15728416,1.782,71.06,-54,SIAGA
NODE_01,1784339958,2026-07-18 08:59:18,11198807,1.269,63.12,-74,AMAN
NODE_01,1784340018,2026-07-18 09:00:18,10273748,1.164,68.72,-82,AMAN
NODE_01,1784340078,2026-07-18 09:01:18,8368899,0.948,73.03,-73,SIAGA
NODE_01,1784340138,2026-07-18 09:02:18,9793267,1.11,67.64,-76,AMAN
NODE_01,1784340198,2026-07-18 09:03:18,7176310,0.813,71.63,-64,SIAGA
NODE_01,1784340258,2026-07-18 09:04:18,11737783,1.33,63.28,-51,AMAN
NODE_01,1784340318,2026-07-18 09:05:18,5079577,0.575,66.81,-83,AMAN
NODE_01,1784340378,2026-07-18 09:06:18,7342206,0.832,73.01,-81,SIAGA
NODE_01,1784340438,2026-07-18 09:07:18,3138810,0.356,66.44,-65,AMAN
NODE_01,1784340498,2026-07-18 09:08:18,9275397,1.051,69.13,-73,AMAN
NODE_01,1784340558,2026-07-18 09:09:18,8702394,0.986,67.3,-47,AMAN
NODE_01,1784340618,2026-07-18 09:10:18,8020911,0.909,72.89,-79,SIAGA
NODE_01,1784340678,2026-07-18 09:11:18,13991041,1.585,64.51,-63,AMAN
NODE_01,1784340738,2026-07-18 09:12:18,8076760,0.915,57.28,-82,AMAN
NODE_01,1784340798,2026-07-18 09:13:18,10680471,1.21,68.77,-72,AMAN
NODE_01,1784340858,2026-07-18 09:14:18,8484079,0.961,74.87,-61,SIAGA
NODE_01,1784340918,2026-07-18 09:15:18,12532462,1.42,55.03,-53,AMAN
NODE_01,1784340978,2026-07-18 09:16:18,5259268,0.596,73.41,-66,SIAGA
NODE_01,1784341038,2026-07-18 09:17:18,11540042,1.307,72.13,-85,SIAGA
NODE_01,1784341098,2026-07-18 09:18:18,13307069,1.508,61.86,-50,AMAN
NODE_01,1784341158,2026-07-18 09:19:18,14567403,1.65,60.15,-64,AMAN
NODE_01,1784341218,2026-07-18 09:20:18,12222960,1.385,73.38,-65,SIAGA
NODE_01,1784341278,2026-07-18 09:21:18,6228225,0.706,63.6,-45,AMAN
NODE_01,1784341338,2026-07-18 09:22:18,12727856,1.442,62.2,-50,AMAN
NODE_01,1784341398,2026-07-18 09:23:18,15815361,1.792,62.37,-62,AMAN
NODE_01,1784341458,2026-07-18 09:24:18,14527585,1.646,56.95,-77,AMAN
NODE_01,1784341518,2026-07-18 09:25:18,10842314,1.228,68.98,-60,AMAN
NODE_01,1784341578,2026-07-18 09:26:18,13682635,1.55,62.82,-70,AMAN
NODE_01,1784341638,2026-07-18 09:27:18,7137597,0.809,60.85,-59,AMAN
NODE_01,1784341698,2026-07-18 09:28:18,5134063,0.582,57.88,-69,AMAN
NODE_01,1784341758,2026-07-18 09:29:18,10596602,1.201,61.15,-77,AMAN
NODE_01,1784341818,2026-07-18 09:30:18,16180081,1.833,62.2,-51,AMAN
NODE_01,1784341878,2026-07-18 09:31:18,7002180,0.793,60.87,-65,AMAN
NODE_01,1784341938,2026-07-18 09:32:18,9362996,1.061,62.83,-56,AMAN
NODE_01,1784341998,2026-07-18 09:33:18,9132692,1.035,73.98,-73,SIAGA
NODE_01,1784342058,2026-07-18 09:34:18,12700778,1.439,70.48,-49,SIAGA
NODE_01,1784342118,2026-07-18 09:35:18,5765523,0.653,58.48,-58,AMAN
NODE_01,1784342178,2026-07-18 09:36:18,10412136,1.18,56.91,-49,AMAN
NODE_01,1784342238,2026-07-18 09:37:18,13856261,1.57,72.27,-84,SIAGA
NODE_01,1784342298,2026-07-18 09:38:18,16427218,1.861,64.39,-54,AMAN
NODE_01,1784342358,2026-07-18 09:39:18,15146776,1.716,68.23,-85,AMAN
NODE_01,1784342418,2026-07-18 09:40:18,8716065,0.987,62.24,-80,AMAN
NODE_01,1784342478,2026-07-18 09:41:18,8860400,1.004,72.97,-53,SIAGA
NODE_01,1784342538,2026-07-18 09:42:18,4741274,0.537,64.88,-55,AMAN
NODE_01,1784342598,2026-07-18 09:43:18,3878251,0.439,70.82,-69,SIAGA
NODE_01,1784342658,2026-07-18 09:44:18,12207514,1.383,58.28,-78,AMAN
NODE_01,1784342718,2026-07-18 09:45:18,5437540,0.616,68.23,-68,AMAN
NODE_01,1784342778,2026-07-18 09:46:18,14623070,1.657,60.23,-84,AMAN
NODE_01,1784342838,2026-07-18 09:47:18,5483132,0.621,63.1,-65,AMAN
NODE_01,1784342898,2026-07-18 09:48:18,13510679,1.531,57.31,-55,AMAN
NODE_01,1784342958,2026-07-18 09:49:18,12796641,1.45,70.3,-51,SIAGA
NODE_01,1784343018,2026-07-18 09:50:18,5630492,0.638,73.91,-82,SIAGA
NODE_01,1784343078,2026-07-18 09:51:18,7221662,0.818,66.7,-49,AMAN
NODE_01,1784343138,2026-07-18 09:52:18,12335139,1.398,72.61,-61,SIAGA
NODE_01,1784343198,2026-07-18 09:53:18,6267677,0.71,66.57,-47,AMAN
NODE_01,1784343258,2026-07-18 09:54:18,7961531,0.902,57.99,-61,AMAN
NODE_01,1784343318,2026-07-18 09:55:18,14240541,1.613,60.87,-53,AMAN
NODE_01,1784343378,2026-07-18 09:56:18,8440853,0.956,69.44,-56,AMAN
NODE_01,1784343438,2026-07-18 09:57:18,15328744,1.737,55.83,-64,AMAN
NODE_01,1784343498,2026-07-18 09:58:18,8444404,0.957,57.24,-70,AMAN
NODE_01,1784343558,2026-07-18 09:59:18,13740247,1.557,68.52,-74,AMAN
NODE_01,1784343618,2026-07-18 10:00:18,12982129,1.471,62.94,-60,AMAN
NODE_01,1784343678,2026-07-18 10:01:18,11998908,1.359,61.03,-74,AMAN
NODE_01,1784343738,2026-07-18 10:02:18,9243098,1.047,58.73,-72,AMAN
NODE_01,1784343798,2026-07-18 10:03:18,10441474,1.183,72.64,-66,SIAGA
NODE_01,1784343858,2026-07-18 10:04:18,4681171,0.53,59.77,-63,AMAN
NODE_01,1784343918,2026-07-18 10:05:18,6035491,0.684,56.06,-47,AMAN
NODE_01,1784343978,2026-07-18 10:06:18,15532187,1.76,71.02,-52,SIAGA
NODE_01,1784344038,2026-07-18 10:07:18,13680694,1.55,57.59,-49,AMAN
NODE_01,1784344098,2026-07-18 10:08:18,7634120,0.865,63.52,-49,AMAN
NODE_01,1784344158,2026-07-18 10:09:18,12617618,1.43,73.08,-71,SIAGA
NODE_01,1784344218,2026-07-18 10:10:18,6163386,0.698,71.33,-77,SIAGA
NODE_01,1784344278,2026-07-18 10:11:18,8248779,0.935,62.59,-45,AMAN
NODE_01,1784344338,2026-07-18 10:12:18,14006989,1.587,66.23,-78,AMAN
NODE_01,1784344398,2026-07-18 10:13:18,6359258,0.72,69.57,-76,AMAN
NODE_01,1784344458,2026-07-18 10:14:18,8045311,0.912,69.0,-73,AMAN
NODE_01,1784344518,2026-07-18 10:15:18,11486204,1.301,54.54,-59,AMAN
NODE_01,1784344578,2026-07-18 10:16:18,4336112,0.491,67.91,-73,AMAN
NODE_01,1784344638,2026-07-18 10:17:18,6425787,0.728,72.6,-78,SIAGA
NODE_01,1784344698,2026-07-18 10:18:18,3390801,0.384,55.56,-69,AMAN
NODE_01,1784344758,2026-07-18 10:19:18,5180552,0.587,72.25,-66,SIAGA
NODE_01,1784344818,2026-07-18 10:20:18,11081727,1.256,69.02,-71,AMAN
NODE_01,1784344878,2026-07-18 10:21:18,5472624,0.62,57.79,-62,AMAN
NODE_01,1784344938,2026-07-18 10:22:18,10127006,1.147,66.89,-79,AMAN
NODE_01,1784344998,2026-07-18 10:23:18,13896449,1.574,73.1,-53,SIAGA
NODE_01,1784345058,2026-07-18 10:24:18,4144359,0.47,68.93,-48,AMAN
NODE_01,1784345118,2026-07-18 10:25:18,12787683,1.449,67.09,-60,AMAN
NODE_01,1784345178,2026-07-18 10:26:18,15254599,1.728,57.18,-80,AMAN
NODE_01,1784345238,2026-07-18 10:27:18,13640478,1.545,67.44,-57,AMAN
NODE_01,1784345298,2026-07-18 10:28:18,9890138,1.121,65.83,-63,AMAN
NODE_01,1784345358,2026-07-18 10:29:18,5589239,0.633,58.8,-85,AMAN
NODE_01,1784345418,2026-07-18 10:30:18,10263194,1.163,69.67,-67,AMAN
NODE_01,1784345478,2026-07-18 10:31:18,3195843,0.362,64.34,-75,AMAN
NODE_01,1784345538,2026-07-18 10:32:18,8386066,0.95,74.17,-61,SIAGA
NODE_01,1784345598,2026-07-18 10:33:18,8712913,0.987,69.54,-75,AMAN
NODE_01,1784345658,2026-07-18 10:34:18,6045508,0.685,65.35,-81,AMAN
NODE_01,1784345718,2026-07-18 10:35:18,13207938,1.496,70.43,-48,SIAGA
NODE_01,1784345778,2026-07-18 10:36:18,5487762,0.622,68.1,-45,AMAN
NODE_01,1784345838,2026-07-18 10:37:18,13408224,1.519,59.95,-65,AMAN
NODE_01,1784345898,2026-07-18 10:38:18,4095052,0.464,69.98,-64,AMAN
NODE_01,1784345958,2026-07-18 10:39:18,7764544,0.88,65.6,-67,AMAN
NODE_01,1784346018,2026-07-18 10:40:18,14247364,1.614,60.54,-53,AMAN
NODE_01,1784346078,2026-07-18 10:41:18,5912279,0.67,63.99,-46,AMAN
NODE_01,1784346138,2026-07-18 10:42:18,8112973,0.919,66.98,-79,AMAN
NODE_01,1784346198,2026-07-18 10:43:18,6404153,0.726,69.65,-76,AMAN
NODE_01,1784346258,2026-07-18 10:44:18,14063509,1.593,58.13,-85,AMAN
NODE_01,1784346318,2026-07-18 10:45:18,6962373,0.789,74.05,-82,SIAGA
NODE_01,1784346378,2026-07-18 10:46:18,6866124,0.778,63.54,-45,AMAN
NODE_01,1784346438,2026-07-18 10:47:18,15296593,1.733,67.43,-79,AMAN
NODE_01,1784346498,2026-07-18 10:48:18,5430692,0.615,69.11,-45,AMAN
NODE_01,1784346558,2026-07-18 10:49:18,9939881,1.126,56.38,-55,AMAN
NODE_01,1784346618,2026-07-18 10:50:18,5546265,0.628,68.87,-60,AMAN
NODE_01,1784346678,2026-07-18 10:51:18,10573675,1.198,58.21,-78,AMAN
NODE_01,1784346738,2026-07-18 10:52:18,16287793,1.845,59.12,-77,AMAN
NODE_01,1784346798,2026-07-18 10:53:18,14774765,1.674,61.99,-69,AMAN
NODE_01,1784346858,2026-07-18 10:54:18,13543655,1.534,55.96,-73,AMAN
NODE_01,1784346918,2026-07-18 10:55:18,2967598,0.336,62.11,-65,AMAN
NODE_01,1784346978,2026-07-18 10:56:18,12473996,1.413,73.59,-76,SIAGA
NODE_01,1784347038,2026-07-18 10:57:18,8290818,0.939,58.99,-83,AMAN
NODE_01,1784347098,2026-07-18 10:58:18,14325164,1.623,61.64,-56,AMAN
NODE_01,1784347158,2026-07-18 10:59:18,7382942,0.836,65.99,-55,AMAN
NODE_01,1784347218,2026-07-18 11:00:18,15591967,1.767,69.37,-77,AMAN
NODE_01,1784347278,2026-07-18 11:01:18,9854218,1.116,73.3,-79,SIAGA
NODE_01,1784347338,2026-07-18 11:02:18,6384717,0.723,67.73,-80,AMAN
NODE_01,1784347398,2026-07-18 11:03:18,9283664,1.052,67.15,-53,AMAN
NODE_01,1784347458,2026-07-18 11:04:18,10171340,1.152,59.63,-73,AMAN
NODE_01,1784347518,2026-07-18 11:05:18,5434070,0.616,55.34,-71,AMAN
NODE_01,1784347578,2026-07-18 11:06:18,11631801,1.318,72.86,-83,SIAGA
NODE_01,1784347638,2026-07-18 11:07:18,12993931,1.472,69.96,-85,AMAN
NODE_01,1784347698,2026-07-18 11:08:18,13402169,1.518,63.29,-66,AMAN
NODE_01,1784347758,2026-07-18 11:09:18,15735729,1.783,72.17,-73,SIAGA
NODE_01,1784347818,2026-07-18 11:10:18,12674895,1.436,62.22,-59,AMAN
NODE_01,1784347878,2026-07-18 11:11:18,9962386,1.129,70.5,-68,SIAGA
NODE_01,1784347938,2026-07-18 11:12:18,8435484,0.956,61.64,-80,AMAN
NODE_01,1784347998,2026-07-18 11:13:18,15036570,1.704,62.36,-64,AMAN
NODE_01,1784348058,2026-07-18 11:14:18,5423644,0.614,57.36,-61,AMAN
NODE_01,1784348118,2026-07-18 11:15:18,10833671,1.227,73.6,-53,SIAGA
NODE_01,1784348178,2026-07-18 11:16:18,12689015,1.438,66.31,-76,AMAN
NODE_01,1784348238,2026-07-18 11:17:18,13669430,1.549,61.57,-57,AMAN
NODE_01,1784348298,2026-07-18 11:18:18,6333650,0.718,69.04,-83,AMAN
NODE_01,1784348358,2026-07-18 11:19:18,10626804,1.204,56.62,-56,AMAN
NODE_01,1784348418,2026-07-18 11:20:18,10741225,1.217,73.01,-55,SIAGA
NODE_01,1784348478,2026-07-18 11:21:18,16301063,1.847,65.61,-66,AMAN
NODE_01,1784348538,2026-07-18 11:22:18,12837799,1.454,62.09,-62,AMAN
NODE_01,1784348598,2026-07-18 11:23:18,9046649,1.025,65.62,-75,AMAN
NODE_01,1784348658,2026-07-18 11:24:18,8044708,0.911,69.02,-82,AMAN
NODE_01,1784348718,2026-07-18 11:25:18,4456116,0.505,64.97,-52,AMAN
NODE_01,1784348778,2026-07-18 11:26:18,7914319,0.897,64.91,-61,AMAN
NODE_01,1784348838,2026-07-18 11:27:18,5369116,0.608,63.87,-75,AMAN
NODE_01,1784348898,2026-07-18 11:28:18,11012406,1.248,55.87,-57,AMAN
NODE_01,1784348958,2026-07-18 11:29:18,16627604,1.884,73.18,-48,SIAGA
NODE_01,1784349018,2026-07-18 11:30:18,6993580,0.792,74.63,-53,SIAGA
NODE_01,1784349078,2026-07-18 11:31:18,9116028,1.033,62.68,-78,AMAN
NODE_01,1784349138,2026-07-18 11:32:18,8876915,1.006,70.98,-64,SIAGA
NODE_01,1784349198,2026-07-18 11:33:18,12014654,1.361,68.95,-48,AMAN
NODE_01,1784349258,2026-07-18 11:34:18,16109152,1.825,73.58,-48,SIAGA
NODE_01,1784349318,2026-07-18 11:35:18,14205644,1.609,57.55,-63,AMAN
NODE_01,1784349378,2026-07-18 11:36:18,12401593,1.405,60.04,-60,AMAN
NODE_01,1784349438,2026-07-18 11:37:18,8749169,0.991,66.24,-46,AMAN
NODE_01,1784349498,2026-07-18 11:38:18,13669987,1.549,71.13,-75,SIAGA
NODE_01,1784349558,2026-07-18 11:39:18,15618124,1.769,75.12,-77,SIAGA
NODE_01,1784349618,2026-07-18 11:40:18,15654647,1.774,72.69,-65,SIAGA
NODE_01,1784349678,2026-07-18 11:41:18,9830585,1.114,56.97,-73,AMAN
NODE_01,1784349738,2026-07-18 11:42:18,9028488,1.023,65.88,-45,AMAN
NODE_01,1784349798,2026-07-18 11:43:18,6373029,0.722,67.16,-74,AMAN
NODE_01,1784349858,2026-07-18 11:44:18,14005686,1.587,66.39,-53,AMAN
NODE_01,1784349918,2026-07-18 11:45:18,13911184,1.576,55.25,-78,AMAN
NODE_01,1784349978,2026-07-18 11:46:18,13415365,1.52,74.13,-57,SIAGA
NODE_01,1784350038,2026-07-18 11:47:18,8531094,0.967,62.27,-50,AMAN
NODE_01,1784350098,2026-07-18 11:48:18,6553934,0.743,74.64,-69,SIAGA
NODE_01,1784350158,2026-07-18 11:49:18,6332057,0.717,60.22,-65,AMAN
NODE_01,1784350218,2026-07-18 11:50:18,4475476,0.507,60.04,-81,AMAN
NODE_01,1784350278,2026-07-18 11:51:18,15657208,1.774,63.93,-51,AMAN
NODE_01,1784350338,2026-07-18 11:52:18,14832040,1.68,57.35,-83,AMAN
NODE_01,1784350398,2026-07-18 11:53:18,3460902,0.392,63.97,-56,AMAN
NODE_01,1784350458,2026-07-18 11:54:18,14142208,1.602,67.34,-84,AMAN
NODE_01,1784350518,2026-07-18 11:55:18,8740981,0.99,64.23,-85,AMAN
NODE_01,1784350578,2026-07-18 11:56:18,15246531,1.727,57.55,-56,AMAN
NODE_01,1784350638,2026-07-18 11:57:18,5623696,0.637,68.6,-48,AMAN
NODE_01,1784350698,2026-07-18 11:58:18,4332722,0.491,64.3,-69,AMAN
NODE_01,1784350758,2026-07-18 11:59:18,14459935,1.638,75.25,-53,SIAGA
NODE_01,1784350818,2026-07-18 12:00:18,10453190,1.184,61.51,-83,AMAN
NODE_01,1784350878,2026-07-18 12:01:18,8049787,0.912,62.09,-58,AMAN
NODE_01,1784350938,2026-07-18 12:02:18,7357460,0.834,59.45,-85,AMAN
NODE_01,1784350998,2026-07-18 12:03:18,8225712,0.932,74.37,-51,SIAGA
NODE_01,1784351058,2026-07-18 12:04:18,9752044,1.105,57.29,-46,AMAN
NODE_01,1784351118,2026-07-18 12:05:18,7025246,0.796,73.78,-62,SIAGA
NODE_01,1784351178,2026-07-18 12:06:18,10118051,1.146,59.09,-50,AMAN
NODE_01,1784351238,2026-07-18 12:07:18,6683027,0.757,67.73,-66,AMAN
NODE_01,1784351298,2026-07-18 12:08:18,15553683,1.762,57.02,-51,AMAN
NODE_01,1784351358,2026-07-18 12:09:18,12656493,1.434,74.15,-58,SIAGA
NODE_01,1784351418,2026-07-18 12:10:18,13464989,1.526,55.89,-59,AMAN
NODE_01,1784351478,2026-07-18 12:11:18,11082774,1.256,58.36,-70,AMAN
NODE_01,1784351538,2026-07-18 12:12:18,17549489,1.988,64.49,-48,AMAN
NODE_01,1784351598,2026-07-18 12:13:18,12454991,1.411,75.7,-79,SIAGA
NODE_01,1784351658,2026-07-18 12:14:18,6538684,0.741,71.32,-54,SIAGA
NODE_01,1784351718,2026-07-18 12:15:18,10838359,1.228,63.65,-73,AMAN
NODE_01,1784351778,2026-07-18 12:16:18,11967986,1.356,74.24,-55,SIAGA
NODE_01,1784351838,2026-07-18 12:17:18,14865196,1.684,57.05,-56,AMAN
NODE_01,1784351898,2026-07-18 12:18:18,14469610,1.639,73.21,-82,SIAGA
NODE_01,1784351958,2026-07-18 12:19:18,5529454,0.626,74.78,-76,SIAGA
NODE_01,1784352018,2026-07-18 12:20:18,6332155,0.717,67.03,-69,AMAN
NODE_01,1784352078,2026-07-18 12:21:18,7002715,0.793,66.65,-55,AMAN
NODE_01,1784352138,2026-07-18 12:22:18,13673202,1.549,70.55,-63,SIAGA
NODE_01,1784352198,2026-07-18 12:23:18,11495800,1.302,73.78,-73,SIAGA
NODE_01,1784352258,2026-07-18 12:24:18,13088630,1.483,61.89,-76,AMAN
NODE_01,1784352318,2026-07-18 12:25:18,14876993,1.686,55.59,-46,AMAN
NODE_01,1784352378,2026-07-18 12:26:18,4375419,0.496,68.31,-64,AMAN
NODE_01,1784352438,2026-07-18 12:27:18,13566131,1.537,73.03,-70,SIAGA
NODE_01,1784352498,2026-07-18 12:28:18,6676858,0.756,59.78,-52,AMAN
NODE_01,1784352558,2026-07-18 12:29:18,13551413,1.535,66.37,-48,AMAN
NODE_01,1784352618,2026-07-18 12:30:18,10933276,1.239,58.3,-82,AMAN
NODE_01,1784352678,2026-07-18 12:31:18,10149482,1.15,63.41,-65,AMAN
NODE_01,1784352738,2026-07-18 12:32:18,12803577,1.451,58.36,-76,AMAN
NODE_01,1784352798,2026-07-18 12:33:18,9900243,1.122,63.78,-61,AMAN
NODE_01,1784352858,2026-07-18 12:34:18,11129394,1.261,68.18,-65,AMAN
NODE_01,1784352918,2026-07-18 12:35:18,11858501,1.344,64.79,-74,AMAN
NODE_01,1784352978,2026-07-18 12:36:18,14778806,1.674,59.59,-62,AMAN
NODE_01,1784353038,2026-07-18 12:37:18,10063974,1.14,54.57,-58,AMAN
NODE_01,1784353098,2026-07-18 12:38:18,6610271,0.749,71.29,-57,SIAGA
NODE_01,1784353158,2026-07-18 12:39:18,9128175,1.034,65.22,-62,AMAN
NODE_01,1784353218,2026-07-18 12:40:18,6286709,0.712,55.6,-73,AMAN
NODE_01,1784353278,2026-07-18 12:41:18,6076171,0.688,66.83,-79,AMAN
NODE_01,1784353338,2026-07-18 12:42:18,7601718,0.861,66.38,-70,AMAN
NODE_01,1784353398,2026-07-18 12:43:18,7234234,0.82,65.85,-63,AMAN
NODE_01,1784353458,2026-07-18 12:44:18,11995678,1.359,70.99,-74,SIAGA
NODE_01,1784353518,2026-07-18 12:45:18,6536323,0.741,68.95,-57,AMAN
NODE_01,1784353578,2026-07-18 12:46:18,11552492,1.309,62.33,-84,AMAN
NODE_01,1784353638,2026-07-18 12:47:18,4566015,0.517,73.2,-48,SIAGA
NODE_01,1784353698,2026-07-18 12:48:18,11581163,1.312,59.33,-74,AMAN
NODE_01,1784353758,2026-07-18 12:49:18,7987391,0.905,61.58,-72,AMAN
NODE_01,1784353818,2026-07-18 12:50:18,11204235,1.269,71.47,-81,SIAGA
NODE_01,1784353878,2026-07-18 12:51:18,7010503,0.794,61.35,-75,AMAN
NODE_01,1784353938,2026-07-18 12:52:18,5289906,0.599,67.26,-78,AMAN
NODE_01,1784353998,2026-07-18 12:53:18,6237218,0.707,63.35,-68,AMAN
NODE_01,1784354058,2026-07-18 12:54:18,14078729,1.595,71.94,-74,SIAGA
NODE_01,1784354118,2026-07-18 12:55:18,6427152,0.728,65.36,-47,AMAN
NODE_01,1784354178,2026-07-18 12:56:18,4157912,0.471,55.1,-78,AMAN
NODE_01,1784354238,2026-07-18 12:57:18,13651200,1.547,59.81,-53,AMAN
NODE_01,1784354298,2026-07-18 12:58:18,14506898,1.644,55.42,-79,AMAN
NODE_01,1784354358,2026-07-18 12:59:18,13809704,1.565,70.96,-76,SIAGA
NODE_01,1784354418,2026-07-18 13:00:18,10318925,1.169,69.55,-70,AMAN
NODE_01,1784354478,2026-07-18 13:01:18,9057433,1.026,71.59,-64,SIAGA
NODE_01,1784354538,2026-07-18 13:02:18,5999489,0.68,60.98,-61,AMAN
NODE_01,1784354598,2026-07-18 13:03:18,7977127,0.904,62.7,-64,AMAN
NODE_01,1784354658,2026-07-18 13:04:18,6747115,0.764,55.34,-66,AMAN
NODE_01,1784354718,2026-07-18 13:05:18,10398520,1.178,61.26,-85,AMAN
NODE_01,1784354778,2026-07-18 13:06:18,3906001,0.443,71.2,-47,SIAGA
NODE_01,1784354838,2026-07-18 13:07:18,6556424,0.743,71.61,-54,SIAGA
NODE_01,1784354898,2026-07-18 13:08:18,15458131,1.751,66.13,-55,AMAN
NODE_01,1784354958,2026-07-18 13:09:18,11279004,1.278,62.84,-52,AMAN
NODE_01,1784355018,2026-07-18 13:10:18,8532190,0.967,58.17,-55,AMAN
NODE_01,1784355078,2026-07-18 13:11:18,6508232,0.737,74.17,-77,SIAGA
NODE_01,1784355138,2026-07-18 13:12:18,8400054,0.952,67.04,-55,AMAN
NODE_01,1784355198,2026-07-18 13:13:18,9986763,1.131,63.33,-50,AMAN
NODE_01,1784355258,2026-07-18 13:14:18,7665812,0.869,57.92,-51,AMAN
NODE_01,1784355318,2026-07-18 13:15:18,13408362,1.519,69.25,-76,AMAN
NODE_01,1784355378,2026-07-18 13:16:18,13081856,1.482,54.56,-81,AMAN
NODE_01,1784355438,2026-07-18 13:17:18,12598630,1.427,63.24,-48,AMAN
NODE_01,1784355498,2026-07-18 13:18:18,4630554,0.525,71.61,-83,SIAGA
NODE_01,1784355558,2026-07-18 13:19:18,9260965,1.049,74.34,-74,SIAGA
NODE_01,1784355618,2026-07-18 13:20:18,12325204,1.396,59.92,-78,AMAN
NODE_01,1784355678,2026-07-18 13:21:18,4221883,0.478,69.03,-73,AMAN
NODE_01,1784355738,2026-07-18 13:22:18,9119005,1.033,59.73,-67,AMAN
NODE_01,1784355798,2026-07-18 13:23:18,13164837,1.492,71.36,-65,SIAGA
NODE_01,1784355858,2026-07-18 13:24:18,5013358,0.568,63.34,-63,AMAN
NODE_01,1784355918,2026-07-18 13:25:18,5739986,0.65,61.07,-55,AMAN
NODE_01,1784355978,2026-07-18 13:26:18,7358580,0.834,60.43,-70,AMAN
NODE_01,1784356038,2026-07-18 13:27:18,5098831,0.578,73.03,-82,SIAGA
NODE_01,1784356098,2026-07-18 13:28:18,12334008,1.397,66.6,-62,AMAN
NODE_01,1784356158,2026-07-18 13:29:18,8610473,0.976,60.6,-76,AMAN
NODE_01,1784356218,2026-07-18 13:30:18,10551494,1.195,74.38,-69,SIAGA
NODE_01,1784356278,2026-07-18 13:31:18,11851529,1.343,73.7,-79,SIAGA
NODE_01,1784356338,2026-07-18 13:32:18,2893347,0.328,61.52,-59,AMAN
NODE_01,1784356398,2026-07-18 13:33:18,13044715,1.478,73.52,-77,SIAGA
NODE_01,1784356458,2026-07-18 13:34:18,4189777,0.475,59.6,-63,AMAN
NODE_01,1784356518,2026-07-18 13:35:18,16269931,1.843,63.21,-49,AMAN
NODE_01,1784356578,2026-07-18 13:36:18,9660551,1.095,56.0,-64,AMAN
NODE_01,1784356638,2026-07-18 13:37:18,8213737,0.931,69.77,-53,AMAN
NODE_01,1784356698,2026-07-18 13:38:18,8672019,0.983,57.86,-50,AMAN
NODE_01,1784356758,2026-07-18 13:39:18,11399787,1.292,54.32,-84,AMAN
NODE_01,1784356818,2026-07-18 13:40:18,13150736,1.49,72.84,-56,SIAGA
NODE_01,1784356878,2026-07-18 13:41:18,11761408,1.333,69.52,-66,AMAN
NODE_01,1784356938,2026-07-18 13:42:18,11438330,1.296,67.78,-48,AMAN
NODE_01,1784356998,2026-07-18 13:43:18,5514121,0.625,67.95,-68,AMAN
NODE_01,1784357058,2026-07-18 13:44:18,14805769,1.677,57.77,-74,AMAN
NODE_01,1784357118,2026-07-18 13:45:18,13326425,1.51,61.16,-77,AMAN
NODE_01,1784357178,2026-07-18 13:46:18,16877575,1.912,73.2,-75,SIAGA
NODE_01,1784357238,2026-07-18 13:47:18,10529525,1.193,73.79,-73,SIAGA
NODE_01,1784357298,2026-07-18 13:48:18,3349365,0.379,60.8,-45,AMAN
NODE_01,1784357358,2026-07-18 13:49:18,15594253,1.767,63.35,-59,AMAN
NODE_01,1784357418,2026-07-18 13:50:18,5974590,0.677,67.92,-46,AMAN
NODE_01,1784357478,2026-07-18 13:51:18,4057687,0.46,60.23,-75,AMAN
NODE_01,1784357538,2026-07-18 13:52:18,8075084,0.915,60.61,-47,AMAN
NODE_01,1784357598,2026-07-18 13:53:18,14077811,1.595,72.47,-60,SIAGA
NODE_01,1784357658,2026-07-18 13:54:18,7154994,0.811,70.22,-78,SIAGA
NODE_01,1784357718,2026-07-18 13:55:18,6105210,0.692,58.01,-50,AMAN
NODE_01,1784357778,2026-07-18 13:56:18,5787443,0.656,69.22,-53,AMAN
NODE_01,1784357838,2026-07-18 13:57:18,9751033,1.105,57.16,-51,AMAN
NODE_01,1784357898,2026-07-18 13:58:18,14238588,1.613,63.92,-84,AMAN
NODE_01,1784357958,2026-07-18 13:59:18,10103879,1.145,68.23,-84,AMAN
NODE_01,1784358018,2026-07-18 14:00:18,8863015,1.004,75.34,-48,SIAGA
NODE_01,1784358078,2026-07-18 14:01:18,13303699,1.507,60.47,-56,AMAN
NODE_01,1784358138,2026-07-18 14:02:18,8744572,0.991,69.05,-58,AMAN
NODE_01,1784358198,2026-07-18 14:03:18,8641870,0.979,73.56,-66,SIAGA
NODE_01,1784358258,2026-07-18 14:04:18,6187828,0.701,68.33,-47,AMAN
NODE_01,1784358318,2026-07-18 14:05:18,14349694,1.626,57.54,-69,AMAN
NODE_01,1784358378,2026-07-18 14:06:18,11386631,1.29,57.52,-64,AMAN
NODE_01,1784358438,2026-07-18 14:07:18,14230948,1.612,71.44,-73,SIAGA
NODE_01,1784358498,2026-07-18 14:08:18,9535504,1.08,72.81,-69,SIAGA
NODE_01,1784358558,2026-07-18 14:09:18,10710046,1.213,55.88,-67,AMAN
NODE_01,1784358618,2026-07-18 14:10:18,7659029,0.868,68.2,-80,AMAN
NODE_01,1784358678,2026-07-18 14:11:18,11643354,1.319,66.01,-69,AMAN
NODE_01,1784358738,2026-07-18 14:12:18,5803194,0.657,73.43,-52,SIAGA
NODE_01,1784358798,2026-07-18 14:13:18,10187876,1.154,72.94,-71,SIAGA
NODE_01,1784358858,2026-07-18 14:14:18,6384835,0.723,62.2,-53,AMAN
NODE_01,1784358918,2026-07-18 14:15:18,5338150,0.605,61.84,-73,AMAN
NODE_01,1784358978,2026-07-18 14:16:18,6999982,0.793,69.44,-77,AMAN
NODE_01,1784359038,2026-07-18 14:17:18,17073446,1.934,61.19,-75,AMAN
NODE_01,1784359098,2026-07-18 14:18:18,9213994,1.044,73.86,-53,SIAGA
NODE_01,1784359158,2026-07-18 14:19:18,13741955,1.557,59.66,-83,AMAN
NODE_01,1784359218,2026-07-18 14:20:18,15325029,1.736,69.13,-45,AMAN
NODE_01,1784359278,2026-07-18 14:21:18,16339496,1.851,73.66,-70,SIAGA
NODE_01,1784359338,2026-07-18 14:22:18,7960189,0.902,65.11,-66,AMAN
NODE_01,1784359398,2026-07-18 14:23:18,6925757,0.785,57.74,-53,AMAN
NODE_01,1784359458,2026-07-18 14:24:18,9092381,1.03,63.15,-83,AMAN
NODE_01,1784359518,2026-07-18 14:25:18,13054255,1.479,56.03,-72,AMAN
NODE_01,1784359578,2026-07-18 14:26:18,12776319,1.448,56.73,-54,AMAN
NODE_01,1784359638,2026-07-18 14:27:18,10542236,1.194,69.36,-48,AMAN
NODE_01,1784359698,2026-07-18 14:28:18,11811731,1.338,55.95,-80,AMAN
NODE_01,1784359758,2026-07-18 14:29:18,6786084,0.769,60.43,-56,AMAN
NODE_01,1784359818,2026-07-18 14:30:18,11376511,1.289,58.04,-47,AMAN
NODE_01,1784359878,2026-07-18 14:31:18,6677823,0.757,65.54,-64,AMAN
NODE_01,1784359938,2026-07-18 14:32:18,10936993,1.239,55.57,-66,AMAN
NODE_01,1784359998,2026-07-18 14:33:18,10405087,1.179,65.31,-46,AMAN
NODE_01,1784360058,2026-07-18 14:34:18,5228038,0.592,64.67,-69,AMAN
NODE_01,1784360118,2026-07-18 14:35:18,21344758,2.418,76.34,-65,SIAGA
NODE_01,1784360178,2026-07-18 14:36:18,30794738,3.489,82.18,-53,SIAGA
NODE_01,1784360238,2026-07-18 14:37:18,26676992,3.022,81.75,-63,SIAGA
NODE_01,1784360298,2026-07-18 14:38:18,18508320,2.097,79.6,-51,SIAGA
NODE_01,1784360358,2026-07-18 14:39:18,18426402,2.088,79.51,-47,SIAGA
NODE_01,1784360418,2026-07-18 14:40:18,21113033,2.392,80.09,-76,SIAGA
NODE_01,1784360478,2026-07-18 14:41:18,22604540,2.561,75.24,-52,SIAGA
NODE_01,1784360538,2026-07-18 14:42:18,30836354,3.494,84.46,-84,SIAGA
NODE_01,1784360598,2026-07-18 14:43:18,27916757,3.163,81.53,-53,SIAGA
NODE_01,1784360658,2026-07-18 14:44:18,28811863,3.264,80.05,-68,SIAGA
NODE_01,1784360718,2026-07-18 14:45:18,16218357,1.837,82.42,-85,SIAGA
NODE_01,1784360778,2026-07-18 14:46:18,29534446,3.346,82.32,-67,SIAGA
NODE_01,1784360838,2026-07-18 14:47:18,23405982,2.652,81.22,-81,SIAGA
NODE_01,1784360898,2026-07-18 14:48:18,18779169,2.128,78.51,-67,SIAGA
NODE_01,1784360958,2026-07-18 14:49:18,23241769,2.633,77.63,-59,SIAGA
NODE_01,1784361018,2026-07-18 14:50:18,23183643,2.627,85.16,-57,SIAGA
NODE_01,1784361078,2026-07-18 14:51:18,19174073,2.172,76.31,-80,SIAGA
NODE_01,1784361138,2026-07-18 14:52:18,27133328,3.074,77.21,-67,SIAGA
NODE_01,1784361198,2026-07-18 14:53:18,29142649,3.302,76.62,-49,SIAGA
NODE_01,1784361258,2026-07-18 14:54:18,18622314,2.11,80.17,-67,SIAGA
NODE_01,1784361318,2026-07-18 14:55:18,29433798,3.335,79.92,-84,SIAGA
NODE_01,1784361378,2026-07-18 14:56:18,17128300,1.941,81.87,-52,SIAGA
NODE_01,1784361438,2026-07-18 14:57:18,15936296,1.806,76.94,-66,SIAGA
NODE_01,1784361498,2026-07-18 14:58:18,18550228,2.102,82.4,-68,SIAGA
NODE_01,1784361558,2026-07-18 14:59:18,26508173,3.003,76.6,-74,SIAGA
NODE_01,1784361618,2026-07-18 15:00:18,20369777,2.308,76.01,-68,SIAGA
NODE_01,1784361678,2026-07-18 15:01:18,15927922,1.805,77.89,-53,SIAGA
NODE_01,1784361738,2026-07-18 15:02:18,25669677,2.908,78.2,-81,SIAGA
NODE_01,1784361798,2026-07-18 15:03:18,31280403,3.544,81.84,-84,SIAGA
NODE_01,1784361858,2026-07-18 15:04:18,17809278,2.018,80.94,-62,SIAGA
NODE_01,1784361918,2026-07-18 15:05:18,25890256,2.933,75.61,-59,SIAGA
NODE_01,1784361978,2026-07-18 15:06:18,31673647,3.589,77.33,-49,SIAGA
NODE_01,1784362038,2026-07-18 15:07:18,23363418,2.647,85.17,-82,SIAGA
NODE_01,1784362098,2026-07-18 15:08:18,27787474,3.148,83.78,-80,SIAGA
NODE_01,1784362158,2026-07-18 15:09:18,17917835,2.03,75.75,-65,SIAGA
NODE_01,1784362218,2026-07-18 15:10:18,19113730,2.166,78.03,-62,SIAGA
NODE_01,1784362278,2026-07-18 15:11:18,29854190,3.382,82.39,-72,SIAGA
NODE_01,1784362338,2026-07-18 15:12:18,23664606,2.681,84.44,-74,SIAGA
NODE_01,1784362398,2026-07-18 15:13:18,19282463,2.185,81.0,-47,SIAGA
NODE_01,1784362458,2026-07-18 15:14:18,23374494,2.648,83.41,-76,SIAGA
NODE_01,1784362518,2026-07-18 15:15:18,26017526,2.948,77.52,-59,SIAGA
NODE_01,1784362578,2026-07-18 15:16:18,25349290,2.872,82.53,-56,SIAGA
NODE_01,1784362638,2026-07-18 15:17:18,19499141,2.209,82.31,-75,SIAGA
NODE_01,1784362698,2026-07-18 15:18:18,24327185,2.756,77.69,-55,SIAGA
NODE_01,1784362758,2026-07-18 15:19:18,24931655,2.825,83.26,-49,SIAGA
NODE_01,1784362818,2026-07-18 15:20:18,17210309,1.95,82.64,-60,SIAGA
NODE_01,1784362878,2026-07-18 15:21:18,21059882,2.386,81.97,-61,SIAGA
NODE_01,1784362938,2026-07-18 15:22:18,24176882,2.739,78.2,-84,SIAGA
NODE_01,1784362998,2026-07-18 15:23:18,25533485,2.893,79.81,-63,SIAGA
NODE_01,1784363058,2026-07-18 15:24:18,23763215,2.692,75.32,-52,SIAGA
NODE_01,1784363118,2026-07-18 15:25:18,28518267,3.231,80.93,-50,SIAGA
NODE_01,1784363178,2026-07-18 15:26:18,26114351,2.959,77.3,-56,SIAGA
NODE_01,1784363238,2026-07-18 15:27:18,28121016,3.186,81.73,-77,SIAGA
NODE_01,1784363298,2026-07-18 15:28:18,21723658,2.461,78.48,-63,SIAGA
NODE_01,1784363358,2026-07-18 15:29:18,18875226,2.138,75.41,-83,SIAGA
NODE_01,1784363418,2026-07-18 15:30:18,22071142,2.501,76.42,-79,SIAGA
NODE_01,1784363478,2026-07-18 15:31:18,23411418,2.652,79.56,-47,SIAGA
NODE_01,1784363538,2026-07-18 15:32:18,31607624,3.581,76.2,-79,SIAGA
NODE_01,1784363598,2026-07-18 15:33:18,16255687,1.842,80.62,-83,SIAGA
NODE_01,1784363658,2026-07-18 15:34:18,29189285,3.307,79.53,-75,SIAGA
NODE_01,1784363718,2026-07-18 15:35:18,17677660,2.003,77.17,-65,SIAGA
NODE_01,1784363778,2026-07-18 15:36:18,18658756,2.114,80.94,-78,SIAGA
NODE_01,1784363838,2026-07-18 15:37:18,25571039,2.897,78.14,-48,SIAGA
NODE_01,1784363898,2026-07-18 15:38:18,29995718,3.398,78.65,-62,SIAGA
NODE_01,1784363958,2026-07-18 15:39:18,25145607,2.849,78.4,-62,SIAGA
NODE_01,1784364018,2026-07-18 15:40:18,31377112,3.555,78.99,-61,SIAGA
NODE_01,1784364078,2026-07-18 15:41:18,24921435,2.824,80.22,-83,SIAGA
NODE_01,1784364138,2026-07-18 15:42:18,16827395,1.906,79.07,-58,SIAGA
NODE_01,1784364198,2026-07-18 15:43:18,20841501,2.361,77.58,-75,SIAGA
NODE_01,1784364258,2026-07-18 15:44:18,21522454,2.438,79.2,-66,SIAGA
NODE_01,1784364318,2026-07-18 15:45:18,29655458,3.36,82.92,-75,SIAGA
NODE_01,1784364378,2026-07-18 15:46:18,25385534,2.876,79.01,-66,SIAGA
NODE_01,1784364438,2026-07-18 15:47:18,22254964,2.521,76.25,-77,SIAGA
NODE_01,1784364498,2026-07-18 15:48:18,20864885,2.364,84.71,-70,SIAGA
NODE_01,1784364558,2026-07-18 15:49:18,18324887,2.076,83.94,-64,SIAGA
NODE_01,1784364618,2026-07-18 15:50:18,29711065,3.366,85.43,-66,SIAGA
NODE_01,1784364678,2026-07-18 15:51:18,17155583,1.944,78.12,-74,SIAGA
NODE_01,1784364738,2026-07-18 15:52:18,24678533,2.796,75.74,-78,SIAGA
NODE_01,1784364798,2026-07-18 15:53:18,26835674,3.04,78.42,-68,SIAGA
NODE_01,1784364858,2026-07-18 15:54:18,24423462,2.767,77.48,-70,SIAGA
NODE_01,1784364918,2026-07-18 15:55:18,27481760,3.114,75.27,-79,SIAGA
NODE_01,1784364978,2026-07-18 15:56:18,25914112,2.936,79.3,-51,SIAGA
NODE_01,1784365038,2026-07-18 15:57:18,17165215,1.945,78.66,-75,SIAGA
NODE_01,1784365098,2026-07-18 15:58:18,23875093,2.705,78.84,-54,SIAGA
NODE_01,1784365158,2026-07-18 15:59:18,23542904,2.667,78.61,-81,SIAGA
NODE_01,1784365218,2026-07-18 16:00:18,20545473,2.328,80.83,-83,SIAGA
NODE_01,1784365278,2026-07-18 16:01:18,29451019,3.337,76.66,-46,SIAGA
NODE_01,1784365338,2026-07-18 16:02:18,20061676,2.273,83.16,-74,SIAGA
NODE_01,1784365398,2026-07-18 16:03:18,18554311,2.102,77.76,-49,SIAGA
NODE_01,1784365458,2026-07-18 16:04:18,17051908,1.932,78.53,-49,SIAGA
NODE_01,1784365518,2026-07-18 16:05:18,20118913,2.279,80.77,-49,SIAGA
NODE_01,1784365578,2026-07-18 16:06:18,14832265,1.68,82.9,-83,SIAGA
NODE_01,1784365638,2026-07-18 16:07:18,20530386,2.326,82.29,-67,SIAGA
NODE_01,1784365698,2026-07-18 16:08:18,29640822,3.358,81.63,-77,SIAGA
NODE_01,1784365758,2026-07-18 16:09:18,22729467,2.575,83.77,-55,SIAGA
NODE_01,1784365818,2026-07-18 16:10:18,29376645,3.328,84.12,-63,SIAGA
NODE_01,1784365878,2026-07-18 16:11:18,29252272,3.314,76.19,-54,SIAGA
NODE_01,1784365938,2026-07-18 16:12:18,30141278,3.415,78.87,-55,SIAGA
NODE_01,1784365998,2026-07-18 16:13:18,27497814,3.115,83.96,-57,SIAGA
NODE_01,1784366058,2026-07-18 16:14:18,25838789,2.927,84.29,-65,SIAGA
NODE_01,1784366118,2026-07-18 16:15:18,23397024,2.651,76.15,-76,SIAGA
NODE_01,1784366178,2026-07-18 16:16:18,15694946,1.778,75.84,-47,SIAGA
NODE_01,1784366238,2026-07-18 16:17:18,21623361,2.45,83.99,-74,SIAGA
NODE_01,1784366298,2026-07-18 16:18:18,24987947,2.831,79.54,-62,SIAGA
NODE_01,1784366358,2026-07-18 16:19:18,26467643,2.999,77.27,-62,SIAGA
NODE_01,1784366418,2026-07-18 16:20:18,26878820,3.045,82.83,-74,SIAGA
NODE_01,1784366478,2026-07-18 16:21:18,22677693,2.569,82.34,-82,SIAGA
NODE_01,1784366538,2026-07-18 16:22:18,18084536,2.049,80.42,-76,SIAGA
NODE_01,1784366598,2026-07-18 16:23:18,20629816,2.337,84.28,-83,SIAGA
NODE_01,1784366658,2026-07-18 16:24:18,18971076,2.149,77.79,-57,SIAGA
NODE_01,1784366718,2026-07-18 16:25:18,22271390,2.523,81.85,-71,SIAGA
NODE_01,1784366778,2026-07-18 16:26:18,27239430,3.086,81.05,-80,SIAGA
NODE_01,1784366838,2026-07-18 16:27:18,17272004,1.957,74.81,-57,SIAGA
NODE_01,1784366898,2026-07-18 16:28:18,20084677,2.276,84.83,-63,SIAGA
NODE_01,1784366958,2026-07-18 16:29:18,15428392,1.748,82.96,-64,SIAGA
NODE_01,1784367018,2026-07-18 16:30:18,27203486,3.082,75.55,-74,SIAGA
NODE_01,1784367078,2026-07-18 16:31:18,29883239,3.386,83.65,-61,SIAGA
NODE_01,1784367138,2026-07-18 16:32:18,27700700,3.138,75.78,-49,SIAGA
NODE_01,1784367198,2026-07-18 16:33:18,16200268,1.835,84.72,-49,SIAGA
NODE_01,1784367258,2026-07-18 16:34:18,26718980,3.027,76.2,-78,SIAGA
NODE_01,1784367318,2026-07-18 16:35:18,24257393,2.748,81.13,-85,SIAGA
NODE_01,1784367378,2026-07-18 16:36:18,22199925,2.515,83.18,-63,SIAGA
NODE_01,1784367438,2026-07-18 16:37:18,21586836,2.446,75.85,-54,SIAGA
NODE_01,1784367498,2026-07-18 16:38:18,21039397,2.384,77.49,-74,SIAGA
NODE_01,1784367558,2026-07-18 16:39:18,29713669,3.366,75.58,-51,SIAGA
NODE_01,1784367618,2026-07-18 16:40:18,19290396,2.186,84.77,-58,SIAGA
NODE_01,1784367678,2026-07-18 16:41:18,23897298,2.707,81.89,-50,SIAGA
NODE_01,1784367738,2026-07-18 16:42:18,30509285,3.457,74.98,-48,SIAGA
NODE_01,1784367798,2026-07-18 16:43:18,20837176,2.361,83.58,-50,SIAGA
NODE_01,1784367858,2026-07-18 16:44:18,17827156,2.02,81.93,-47,SIAGA
NODE_01,1784367918,2026-07-18 16:45:18,24525251,2.779,79.88,-77,SIAGA
NODE_01,1784367978,2026-07-18 16:46:18,20270263,2.297,82.81,-73,SIAGA
NODE_01,1784368038,2026-07-18 16:47:18,17127320,1.94,80.75,-76,SIAGA
NODE_01,1784368098,2026-07-18 16:48:18,26031572,2.949,85.45,-82,SIAGA
NODE_01,1784368158,2026-07-18 16:49:18,21976236,2.49,80.6,-52,SIAGA
NODE_01,1784368218,2026-07-18 16:50:18,20876224,2.365,83.23,-51,SIAGA
NODE_01,1784368278,2026-07-18 16:51:18,27166793,3.078,82.21,-64,SIAGA
NODE_01,1784368338,2026-07-18 16:52:18,29333327,3.323,77.08,-59,SIAGA
NODE_01,1784368398,2026-07-18 16:53:18,18273976,2.07,84.02,-50,SIAGA
NODE_01,1784368458,2026-07-18 16:54:18,26985863,3.057,75.88,-55,SIAGA
NODE_01,1784368518,2026-07-18 16:55:18,21934048,2.485,82.57,-47,SIAGA
NODE_01,1784368578,2026-07-18 16:56:18,18471549,2.093,84.64,-79,SIAGA
NODE_01,1784368638,2026-07-18 16:57:18,29442910,3.336,75.44,-73,SIAGA
NODE_01,1784368698,2026-07-18 16:58:18,25029351,2.836,83.87,-48,SIAGA
NODE_01,1784368758,2026-07-18 16:59:18,29840858,3.381,75.85,-69,SIAGA
NODE_01,1784368818,2026-07-18 17:00:18,28083523,3.182,81.51,-66,SIAGA
NODE_01,1784368878,2026-07-18 17:01:18,21668408,2.455,77.7,-56,SIAGA
NODE_01,1784368938,2026-07-18 17:02:18,28859351,3.27,78.97,-51,SIAGA
NODE_01,1784368998,2026-07-18 17:03:18,29200174,3.308,79.37,-68,SIAGA
NODE_01,1784369058,2026-07-18 17:04:18,27988193,3.171,82.19,-51,SIAGA
NODE_01,1784369118,2026-07-18 17:05:18,25461694,2.885,83.74,-55,SIAGA
NODE_01,1784369178,2026-07-18 17:06:18,22394853,2.537,82.78,-78,SIAGA
NODE_01,1784369238,2026-07-18 17:07:18,29015253,3.287,82.27,-83,SIAGA
NODE_01,1784369298,2026-07-18 17:08:18,18982313,2.151,78.73,-78,SIAGA
NODE_01,1784369358,2026-07-18 17:09:18,19714215,2.234,77.44,-65,SIAGA
NODE_01,1784369418,2026-07-18 17:10:18,24116555,2.732,82.59,-80,SIAGA
NODE_01,1784369478,2026-07-18 17:11:18,18593003,2.107,76.79,-68,SIAGA
NODE_01,1784369538,2026-07-18 17:12:18,20526351,2.326,77.36,-66,SIAGA
NODE_01,1784369598,2026-07-18 17:13:18,23431250,2.655,80.58,-57,SIAGA
NODE_01,1784369658,2026-07-18 17:14:18,25651731,2.906,81.1,-66,SIAGA
NODE_01,1784369718,2026-07-18 17:15:18,22730652,2.575,85.28,-53,SIAGA
NODE_01,1784369778,2026-07-18 17:16:18,29263711,3.315,81.2,-70,SIAGA
NODE_01,1784369838,2026-07-18 17:17:18,20235060,2.293,84.23,-51,SIAGA
NODE_01,1784369898,2026-07-18 17:18:18,18064382,2.047,83.12,-51,SIAGA
NODE_01,1784369958,2026-07-18 17:19:18,29586253,3.352,82.6,-50,SIAGA
NODE_01,1784370018,2026-07-18 17:20:18,18197419,2.062,77.33,-58,SIAGA
NODE_01,1784370078,2026-07-18 17:21:18,17548225,1.988,82.6,-49,SIAGA
NODE_01,1784370138,2026-07-18 17:22:18,20840570,2.361,80.76,-60,SIAGA
NODE_01,1784370198,2026-07-18 17:23:18,21782268,2.468,79.58,-76,SIAGA
NODE_01,1784370258,2026-07-18 17:24:18,19575256,2.218,83.25,-59,SIAGA
NODE_01,1784370318,2026-07-18 17:25:18,25068687,2.84,79.82,-76,SIAGA
NODE_01,1784370378,2026-07-18 17:26:18,24151889,2.736,83.77,-62,SIAGA
NODE_01,1784370438,2026-07-18 17:27:18,24186103,2.74,80.77,-47,SIAGA
NODE_01,1784370498,2026-07-18 17:28:18,15948013,1.807,78.94,-74,SIAGA
NODE_01,1784370558,2026-07-18 17:29:18,19535053,2.213,79.79,-68,SIAGA
NODE_01,1784370618,2026-07-18 17:30:18,27015087,3.061,81.06,-78,SIAGA
NODE_01,1784370678,2026-07-18 17:31:18,24128015,2.734,75.54,-68,SIAGA
NODE_01,1784370738,2026-07-18 17:32:18,25992985,2.945,76.56,-45,SIAGA
NODE_01,1784370798,2026-07-18 17:33:18,27425126,3.107,76.49,-53,SIAGA
NODE_01,1784370858,2026-07-18 17:34:18,25204751,2.856,78.69,-66,SIAGA
NODE_01,1784370918,2026-07-18 17:35:18,19708123,2.233,79.72,-50,SIAGA
NODE_01,1784370978,2026-07-18 17:36:18,15832094,1.794,82.17,-47,SIAGA
NODE_01,1784371038,2026-07-18 17:37:18,19186483,2.174,75.83,-46,SIAGA
NODE_01,1784371098,2026-07-18 17:38:18,23248738,2.634,77.95,-73,SIAGA
NODE_01,1784371158,2026-07-18 17:39:18,25855497,2.929,77.87,-81,SIAGA
NODE_01,1784371218,2026-07-18 17:40:18,29658212,3.36,76.58,-49,SIAGA
NODE_01,1784371278,2026-07-18 17:41:18,16854862,1.91,76.08,-62,SIAGA
NODE_01,1784371338,2026-07-18 17:42:18,20608378,2.335,74.86,-63,SIAGA
NODE_01,1784371398,2026-07-18 17:43:18,17072792,1.934,79.3,-80,SIAGA
NODE_01,1784371458,2026-07-18 17:44:18,27618741,3.129,77.38,-55,SIAGA
NODE_01,1784371518,2026-07-18 17:45:18,32017957,3.628,77.75,-60,SIAGA
NODE_01,1784371578,2026-07-18 17:46:18,26487091,3.001,79.15,-78,SIAGA
NODE_01,1784371638,2026-07-18 17:47:18,27915255,3.163,78.98,-78,SIAGA
NODE_01,1784371698,2026-07-18 17:48:18,19223345,2.178,79.46,-49,SIAGA
NODE_01,1784371758,2026-07-18 17:49:18,23537126,2.667,82.75,-63,SIAGA
NODE_01,1784371818,2026-07-18 17:50:18,21736951,2.463,80.01,-53,SIAGA
NODE_01,1784371878,2026-07-18 17:51:18,17703455,2.006,82.15,-45,SIAGA
NODE_01,1784371938,2026-07-18 17:52:18,25659236,2.907,83.17,-56,SIAGA
NODE_01,1784371998,2026-07-18 17:53:18,26912715,3.049,77.6,-71,SIAGA
NODE_01,1784372058,2026-07-18 17:54:18,22800533,2.583,83.2,-47,SIAGA
NODE_01,1784372118,2026-07-18 17:55:18,26688840,3.024,80.75,-78,SIAGA
NODE_01,1784372178,2026-07-18 17:56:18,22955697,2.601,81.48,-48,SIAGA
NODE_01,1784372238,2026-07-18 17:57:18,23948225,2.713,77.73,-85,SIAGA
NODE_01,1784372298,2026-07-18 17:58:18,24339573,2.758,84.82,-75,SIAGA
NODE_01,1784372358,2026-07-18 17:59:18,19766904,2.24,82.47,-69,SIAGA
NODE_01,1784372418,2026-07-18 18:00:18,26267956,2.976,77.48,-52,SIAGA
NODE_01,1784372478,2026-07-18 18:01:18,28052334,3.178,80.68,-54,SIAGA
NODE_01,1784372538,2026-07-18 18:02:18,28968536,3.282,81.5,-75,SIAGA
NODE_01,1784372598,2026-07-18 18:03:18,26231820,2.972,80.76,-74,SIAGA
NODE_01,1784372658,2026-07-18 18:04:18,23434000,2.655,76.77,-52,SIAGA
NODE_01,1784372718,2026-07-18 18:05:18,21286841,2.412,76.12,-85,SIAGA
NODE_01,1784372778,2026-07-18 18:06:18,23821822,2.699,78.35,-74,SIAGA
NODE_01,1784372838,2026-07-18 18:07:18,17823985,2.019,79.56,-84,SIAGA
NODE_01,1784372898,2026-07-18 18:08:18,22033976,2.496,82.45,-63,SIAGA
NODE_01,1784372958,2026-07-18 18:09:18,23336250,2.644,79.77,-48,SIAGA
NODE_01,1784373018,2026-07-18 18:10:18,20756970,2.352,76.55,-79,SIAGA
NODE_01,1784373078,2026-07-18 18:11:18,21755604,2.465,80.42,-49,SIAGA
NODE_01,1784373138,2026-07-18 18:12:18,27216341,3.084,83.28,-57,SIAGA
NODE_01,1784373198,2026-07-18 18:13:18,20204858,2.289,81.56,-69,SIAGA
NODE_01,1784373258,2026-07-18 18:14:18,21733370,2.462,76.29,-68,SIAGA
NODE_01,1784373318,2026-07-18 18:15:18,20396800,2.311,75.63,-73,SIAGA
NODE_01,1784373378,2026-07-18 18:16:18,16892260,1.914,78.21,-64,SIAGA
NODE_01,1784373438,2026-07-18 18:17:18,27386407,3.103,83.96,-82,SIAGA
NODE_01,1784373498,2026-07-18 18:18:18,14800224,1.677,82.98,-70,SIAGA
NODE_01,1784373558,2026-07-18 18:19:18,25124531,2.847,78.64,-74,SIAGA
NODE_01,1784373618,2026-07-18 18:20:18,15391847,1.744,80.87,-83,SIAGA
NODE_01,1784373678,2026-07-18 18:21:18,25679385,2.909,75.37,-66,SIAGA
NODE_01,1784373738,2026-07-18 18:22:18,23539244,2.667,83.74,-60,SIAGA
NODE_01,1784373798,2026-07-18 18:23:18,20895788,2.367,84.9,-50,SIAGA
NODE_01,1784373858,2026-07-18 18:24:18,27473738,3.113,83.46,-75,SIAGA
NODE_01,1784373918,2026-07-18 18:25:18,29823527,3.379,83.52,-76,SIAGA
NODE_01,1784373978,2026-07-18 18:26:18,19941189,2.259,80.63,-68,SIAGA
NODE_01,1784374038,2026-07-18 18:27:18,29780953,3.374,83.4,-66,SIAGA
NODE_01,1784374098,2026-07-18 18:28:18,19249938,2.181,83.97,-56,SIAGA
NODE_01,1784374158,2026-07-18 18:29:18,28284550,3.205,76.56,-85,SIAGA
NODE_01,1784374218,2026-07-18 18:30:18,21915332,2.483,83.67,-55,SIAGA
NODE_01,1784374278,2026-07-18 18:31:18,16971636,1.923,78.4,-74,SIAGA
NODE_01,1784374338,2026-07-18 18:32:18,24050857,2.725,82.83,-58,SIAGA
NODE_01,1784374398,2026-07-18 18:33:18,28271496,3.203,79.12,-81,SIAGA
NODE_01,1784374458,2026-07-18 18:34:18,28669207,3.248,80.33,-85,SIAGA
NODE_01,1784374518,2026-07-18 18:35:18,21057656,2.386,77.69,-61,SIAGA
NODE_01,1784374578,2026-07-18 18:36:18,14651154,1.66,78.98,-50,SIAGA
NODE_01,1784374638,2026-07-18 18:37:18,25676551,2.909,84.05,-52,SIAGA
NODE_01,1784374698,2026-07-18 18:38:18,16473939,1.866,83.74,-50,SIAGA
NODE_01,1784374758,2026-07-18 18:39:18,22785454,2.582,77.41,-49,SIAGA
NODE_01,1784374818,2026-07-18 18:40:18,20555131,2.329,78.81,-81,SIAGA
NODE_01,1784374878,2026-07-18 18:41:18,28403114,3.218,75.37,-69,SIAGA
NODE_01,1784374938,2026-07-18 18:42:18,28563701,3.236,80.42,-70,SIAGA
NODE_01,1784374998,2026-07-18 18:43:18,27691562,3.137,77.66,-77,SIAGA
NODE_01,1784375058,2026-07-18 18:44:18,24777139,2.807,82.39,-57,SIAGA
NODE_01,1784375118,2026-07-18 18:45:18,18295302,2.073,80.83,-76,SIAGA
NODE_01,1784375178,2026-07-18 18:46:18,28812578,3.264,81.91,-63,SIAGA
NODE_01,1784375238,2026-07-18 18:47:18,21583106,2.445,76.07,-61,SIAGA
NODE_01,1784375298,2026-07-18 18:48:18,18542888,2.101,79.6,-75,SIAGA
NODE_01,1784375358,2026-07-18 18:49:18,20079918,2.275,76.01,-49,SIAGA
NODE_01,1784375418,2026-07-18 18:50:18,21590927,2.446,80.32,-77,SIAGA
NODE_01,1784375478,2026-07-18 18:51:18,15676634,1.776,74.65,-66,SIAGA
NODE_01,1784375538,2026-07-18 18:52:18,21626524,2.45,83.2,-55,SIAGA
NODE_01,1784375598,2026-07-18 18:53:18,21530558,2.439,78.17,-62,SIAGA
NODE_01,1784375658,2026-07-18 18:54:18,17019060,1.928,75.55,-75,SIAGA
NODE_01,1784375718,2026-07-18 18:55:18,28200477,3.195,80.07,-51,SIAGA
NODE_01,1784375778,2026-07-18 18:56:18,26428950,2.994,83.44,-83,SIAGA
NODE_01,1784375838,2026-07-18 18:57:18,27265445,3.089,81.49,-74,SIAGA
NODE_01,1784375898,2026-07-18 18:58:18,18933130,2.145,78.09,-51,SIAGA
NODE_01,1784375958,2026-07-18 18:59:18,25216944,2.857,75.74,-78,SIAGA
NODE_01,1784376018,2026-07-18 19:00:18,25082868,2.842,84.95,-61,SIAGA
NODE_01,1784376078,2026-07-18 19:01:18,25627917,2.904,78.32,-51,SIAGA
NODE_01,1784376138,2026-07-18 19:02:18,30760711,3.485,84.15,-59,SIAGA
NODE_01,1784376198,2026-07-18 19:03:18,31036406,3.516,84.55,-66,SIAGA
NODE_01,1784376258,2026-07-18 19:04:18,20391047,2.31,85.33,-66,SIAGA
NODE_01,1784376318,2026-07-18 19:05:18,17241412,1.953,78.63,-62,SIAGA
NODE_01,1784376378,2026-07-18 19:06:18,24219063,2.744,83.3,-53,SIAGA
NODE_01,1784376438,2026-07-18 19:07:18,23537094,2.667,76.01,-80,SIAGA
NODE_01,1784376498,2026-07-18 19:08:18,20893550,2.367,83.26,-56,SIAGA
NODE_01,1784376558,2026-07-18 19:09:18,17544450,1.988,77.86,-84,SIAGA
NODE_01,1784376618,2026-07-18 19:10:18,30717904,3.48,76.21,-82,SIAGA
NODE_01,1784376678,2026-07-18 19:11:18,18301510,2.073,75.15,-49,SIAGA
NODE_01,1784376738,2026-07-18 19:12:18,22966482,2.602,83.42,-74,SIAGA
NODE_01,1784376798,2026-07-18 19:13:18,25982582,2.944,80.4,-60,SIAGA
NODE_01,1784376858,2026-07-18 19:14:18,28327914,3.209,79.62,-79,SIAGA
NODE_01,1784376918,2026-07-18 19:15:18,26046357,2.951,78.75,-73,SIAGA
NODE_01,1784376978,2026-07-18 19:16:18,21959284,2.488,81.32,-47,SIAGA
NODE_01,1784377038,2026-07-18 19:17:18,28762972,3.259,84.04,-83,SIAGA
NODE_01,1784377098,2026-07-18 19:18:18,28659243,3.247,82.49,-70,SIAGA
NODE_01,1784377158,2026-07-18 19:19:18,22806636,2.584,83.38,-54,SIAGA
NODE_01,1784377218,2026-07-18 19:20:18,27315389,3.095,79.63,-72,SIAGA
NODE_01,1784377278,2026-07-18 19:21:18,28152979,3.19,77.32,-50,SIAGA
NODE_01,1784377338,2026-07-18 19:22:18,23118215,2.619,79.28,-83,SIAGA
NODE_01,1784377398,2026-07-18 19:23:18,25616354,2.902,83.66,-61,SIAGA
NODE_01,1784377458,2026-07-18 19:24:18,21968732,2.489,84.67,-47,SIAGA
NODE_01,1784377518,2026-07-18 19:25:18,27398300,3.104,76.7,-65,SIAGA
NODE_01,1784377578,2026-07-18 19:26:18,18257733,2.069,78.06,-59,SIAGA
NODE_01,1784377638,2026-07-18 19:27:18,15999784,1.813,83.21,-77,SIAGA
NODE_01,1784377698,2026-07-18 19:28:18,18995679,2.152,82.14,-45,SIAGA
NODE_01,1784377758,2026-07-18 19:29:18,21714074,2.46,82.07,-61,SIAGA
NODE_01,1784377818,2026-07-18 19:30:18,16763977,1.899,81.99,-60,SIAGA
NODE_01,1784377878,2026-07-18 19:31:18,18628200,2.111,78.29,-57,SIAGA
NODE_01,1784377938,2026-07-18 19:32:18,19505005,2.21,84.49,-50,SIAGA
NODE_01,1784377998,2026-07-18 19:33:18,27399217,3.104,76.79,-47,SIAGA
NODE_01,1784378058,2026-07-18 19:34:18,23292674,2.639,82.64,-50,SIAGA
NODE_01,1784378118,2026-07-18 19:35:18,27536874,3.12,83.13,-53,SIAGA
NODE_01,1784378178,2026-07-18 19:36:18,18567503,2.104,75.52,-59,SIAGA
NODE_01,1784378238,2026-07-18 19:37:18,30813159,3.491,79.94,-56,SIAGA
NODE_01,1784378298,2026-07-18 19:38:18,22353380,2.533,76.75,-81,SIAGA
NODE_01,1784378358,2026-07-18 19:39:18,28632461,3.244,84.64,-77,SIAGA
NODE_01,1784378418,2026-07-18 19:40:18,24295617,2.753,79.64,-75,SIAGA
NODE_01,1784378478,2026-07-18 19:41:18,28730298,3.255,82.83,-85,SIAGA
NODE_01,1784378538,2026-07-18 19:42:18,26929130,3.051,82.81,-47,SIAGA
NODE_01,1784378598,2026-07-18 19:43:18,21034968,2.383,75.1,-68,SIAGA
NODE_01,1784378658,2026-07-18 19:44:18,20444282,2.316,84.39,-58,SIAGA
NODE_01,1784378718,2026-07-18 19:45:18,25664208,2.908,75.37,-68,SIAGA
NODE_01,1784378778,2026-07-18 19:46:18,22076803,2.501,81.09,-52,SIAGA
NODE_01,1784378838,2026-07-18 19:47:18,24701460,2.799,82.23,-47,SIAGA
NODE_01,1784378898,2026-07-18 19:48:18,22814534,2.585,81.3,-75,SIAGA
NODE_01,1784378958,2026-07-18 19:49:18,28314557,3.208,84.45,-82,SIAGA
NODE_01,1784379018,2026-07-18 19:50:18,17838536,2.021,84.11,-62,SIAGA
NODE_01,1784379078,2026-07-18 19:51:18,20477464,2.32,79.31,-84,SIAGA
NODE_01,1784379138,2026-07-18 19:52:18,17313530,1.962,75.18,-46,SIAGA
NODE_01,1784379198,2026-07-18 19:53:18,27135186,3.074,82.59,-49,SIAGA
NODE_01,1784379258,2026-07-18 19:54:18,26075031,2.954,79.66,-63,SIAGA
NODE_01,1784379318,2026-07-18 19:55:18,21013252,2.381,84.72,-62,SIAGA
NODE_01,1784379378,2026-07-18 19:56:18,27709830,3.139,78.83,-52,SIAGA
NODE_01,1784379438,2026-07-18 19:57:18,26660896,3.021,84.14,-66,SIAGA
NODE_01,1784379498,2026-07-18 19:58:18,22537501,2.553,78.88,-52,SIAGA
NODE_01,1784379558,2026-07-18 19:59:18,27243233,3.087,78.86,-52,SIAGA
NODE_01,1784379618,2026-07-18 20:00:18,25026297,2.835,82.69,-82,SIAGA
NODE_01,1784379678,2026-07-18 20:01:18,15465421,1.752,82.23,-62,SIAGA
NODE_01,1784379738,2026-07-18 20:02:18,20068160,2.274,77.41,-84,SIAGA
NODE_01,1784379798,2026-07-18 20:03:18,17748962,2.011,80.54,-48,SIAGA
NODE_01,1784379858,2026-07-18 20:04:18,29132075,3.301,80.67,-61,SIAGA
NODE_01,1784379918,2026-07-18 20:05:18,29035175,3.29,77.38,-83,SIAGA
NODE_01,1784379978,2026-07-18 20:06:18,15256372,1.728,82.6,-80,SIAGA
NODE_01,1784380038,2026-07-18 20:07:18,20759773,2.352,78.08,-83,SIAGA
NODE_01,1784380098,2026-07-18 20:08:18,28425045,3.22,81.88,-47,SIAGA
NODE_01,1784380158,2026-07-18 20:09:18,22805525,2.584,82.07,-83,SIAGA
NODE_01,1784380218,2026-07-18 20:10:18,20358262,2.307,78.45,-73,SIAGA
NODE_01,1784380278,2026-07-18 20:11:18,21588696,2.446,79.07,-76,SIAGA
NODE_01,1784380338,2026-07-18 20:12:18,18958829,2.148,84.04,-65,SIAGA
NODE_01,1784380398,2026-07-18 20:13:18,20379898,2.309,80.1,-54,SIAGA
NODE_01,1784380458,2026-07-18 20:14:18,27484339,3.114,80.84,-52,SIAGA
NODE_01,1784380518,2026-07-18 20:15:18,18560888,2.103,77.45,-65,SIAGA
NODE_01,1784380578,2026-07-18 20:16:18,22410528,2.539,84.44,-62,SIAGA
NODE_01,1784380638,2026-07-18 20:17:18,19259866,2.182,75.76,-58,SIAGA
NODE_01,1784380698,2026-07-18 20:18:18,30478559,3.453,82.19,-65,SIAGA
NODE_01,1784380758,2026-07-18 20:19:18,28014318,3.174,77.62,-74,SIAGA
NODE_01,1784380818,2026-07-18 20:20:18,14922903,1.691,80.42,-54,SIAGA
NODE_01,1784380878,2026-07-18 20:21:18,31583259,3.578,78.62,-68,SIAGA
NODE_01,1784380938,2026-07-18 20:22:18,21474690,2.433,75.38,-69,SIAGA
NODE_01,1784380998,2026-07-18 20:23:18,20838423,2.361,80.79,-57,SIAGA
NODE_01,1784381058,2026-07-18 20:24:18,19893129,2.254,78.78,-77,SIAGA
NODE_01,1784381118,2026-07-18 20:25:18,14778693,1.674,84.03,-60,SIAGA
NODE_01,1784381178,2026-07-18 20:26:18,24637738,2.791,83.96,-71,SIAGA
NODE_01,1784381238,2026-07-18 20:27:18,24570319,2.784,84.44,-56,SIAGA
NODE_01,1784381298,2026-07-18 20:28:18,18507500,2.097,75.64,-64,SIAGA
NODE_01,1784381358,2026-07-18 20:29:18,26045789,2.951,77.69,-46,SIAGA
NODE_01,1784381418,2026-07-18 20:30:18,28018964,3.174,83.02,-62,SIAGA
NODE_01,1784381478,2026-07-18 20:31:18,26806751,3.037,76.48,-48,SIAGA
NODE_01,1784381538,2026-07-18 20:32:18,22366186,2.534,76.02,-51,SIAGA
NODE_01,1784381598,2026-07-18 20:33:18,21620539,2.45,83.02,-58,SIAGA
NODE_01,1784381658,2026-07-18 20:34:18,28270951,3.203,76.02,-85,SIAGA
NODE_01,1784381718,2026-07-18 20:35:18,19450530,2.204,80.99,-67,SIAGA
NODE_01,1784381778,2026-07-18 20:36:18,24548744,2.781,76.46,-64,SIAGA
NODE_01,1784381838,2026-07-18 20:37:18,24276641,2.75,84.22,-65,SIAGA
NODE_01,1784381898,2026-07-18 20:38:18,19482540,2.207,76.21,-83,SIAGA
NODE_01,1784381958,2026-07-18 20:39:18,14858993,1.683,81.04,-55,SIAGA
NODE_01,1784382018,2026-07-18 20:40:18,22993768,2.605,79.92,-54,SIAGA
NODE_01,1784382078,2026-07-18 20:41:18,21206303,2.403,81.71,-67,SIAGA
NODE_01,1784382138,2026-07-18 20:42:18,22135602,2.508,83.24,-75,SIAGA
NODE_01,1784382198,2026-07-18 20:43:18,22897252,2.594,78.29,-57,SIAGA
NODE_01,1784382258,2026-07-18 20:44:18,24909527,2.822,76.19,-52,SIAGA
NODE_01,1784382318,2026-07-18 20:45:18,23896687,2.707,84.54,-83,SIAGA
NODE_01,1784382378,2026-07-18 20:46:18,20020144,2.268,75.7,-67,SIAGA
NODE_01,1784382438,2026-07-18 20:47:18,30896110,3.5,77.85,-55,SIAGA
NODE_01,1784382498,2026-07-18 20:48:18,28725859,3.255,79.37,-78,SIAGA
NODE_01,1784382558,2026-07-18 20:49:18,21335333,2.417,83.89,-81,SIAGA
NODE_01,1784382618,2026-07-18 20:50:18,29734887,3.369,77.17,-75,SIAGA
NODE_01,1784382678,2026-07-18 20:51:18,18729385,2.122,82.22,-73,SIAGA
NODE_01,1784382738,2026-07-18 20:52:18,25075291,2.841,83.58,-79,SIAGA
NODE_01,1784382798,2026-07-18 20:53:18,29456273,3.337,77.65,-83,SIAGA
NODE_01,1784382858,2026-07-18 20:54:18,25861192,2.93,79.85,-85,SIAGA
NODE_01,1784382918,2026-07-18 20:55:18,17126405,1.94,81.67,-59,SIAGA
NODE_01,1784382978,2026-07-18 20:56:18,17983472,2.037,76.47,-67,SIAGA
NODE_01,1784383038,2026-07-18 20:57:18,23760809,2.692,79.11,-52,SIAGA
NODE_01,1784383098,2026-07-18 20:58:18,23698367,2.685,83.83,-82,SIAGA
NODE_01,1784383158,2026-07-18 20:59:18,18613835,2.109,82.09,-76,SIAGA
NODE_01,1784383218,2026-07-18 21:00:18,20641319,2.339,76.26,-55,SIAGA
NODE_01,1784383278,2026-07-18 21:01:18,19862255,2.25,78.94,-47,SIAGA
NODE_01,1784383338,2026-07-18 21:02:18,24874889,2.818,84.13,-53,SIAGA
NODE_01,1784383398,2026-07-18 21:03:18,30397334,3.444,75.04,-66,SIAGA
NODE_01,1784383458,2026-07-18 21:04:18,22785329,2.581,75.6,-70,SIAGA
NODE_01,1784383518,2026-07-18 21:05:18,20598872,2.334,81.67,-65,SIAGA
NODE_01,1784383578,2026-07-18 21:06:18,25091283,2.843,83.54,-52,SIAGA
NODE_01,1784383638,2026-07-18 21:07:18,27161129,3.077,83.46,-77,SIAGA
NODE_01,1784383698,2026-07-18 21:08:18,29557443,3.349,79.41,-46,SIAGA
NODE_01,1784383758,2026-07-18 21:09:18,22377798,2.535,83.73,-82,SIAGA
NODE_01,1784383818,2026-07-18 21:10:18,18198255,2.062,84.77,-53,SIAGA
NODE_01,1784383878,2026-07-18 21:11:18,19804836,2.244,75.35,-65,SIAGA
NODE_01,1784383938,2026-07-18 21:12:18,24000134,2.719,78.32,-63,SIAGA
NODE_01,1784383998,2026-07-18 21:13:18,15988701,1.811,80.07,-48,SIAGA
NODE_01,1784384058,2026-07-18 21:14:18,26604989,3.014,76.89,-85,SIAGA
NODE_01,1784384118,2026-07-18 21:15:18,28661994,3.247,81.73,-83,SIAGA
NODE_01,1784384178,2026-07-18 21:16:18,24572215,2.784,77.95,-68,SIAGA
NODE_01,1784384238,2026-07-18 21:17:18,28970847,3.282,82.76,-72,SIAGA
NODE_01,1784384298,2026-07-18 21:18:18,23433888,2.655,77.26,-75,SIAGA
NODE_01,1784384358,2026-07-18 21:19:18,24244520,2.747,83.25,-56,SIAGA
NODE_01,1784384418,2026-07-18 21:20:18,24504463,2.776,85.68,-53,SIAGA
NODE_01,1784384478,2026-07-18 21:21:18,22890455,2.593,83.18,-85,SIAGA
NODE_01,1784384538,2026-07-18 21:22:18,29780490,3.374,85.49,-58,SIAGA
NODE_01,1784384598,2026-07-18 21:23:18,15202334,1.722,77.86,-62,SIAGA
NODE_01,1784384658,2026-07-18 21:24:18,21750246,2.464,83.32,-71,SIAGA
NODE_01,1784384718,2026-07-18 21:25:18,31264920,3.542,77.59,-57,SIAGA
NODE_01,1784384778,2026-07-18 21:26:18,17883272,2.026,78.51,-52,SIAGA
NODE_01,1784384838,2026-07-18 21:27:18,27358859,3.1,82.97,-45,SIAGA
NODE_01,1784384898,2026-07-18 21:28:18,30898170,3.501,75.78,-84,SIAGA
NODE_01,1784384958,2026-07-18 21:29:18,18024143,2.042,82.9,-57,SIAGA
NODE_01,1784385018,2026-07-18 21:30:18,16601708,1.881,80.57,-47,SIAGA
NODE_01,1784385078,2026-07-18 21:31:18,28891005,3.273,80.9,-70,SIAGA
NODE_01,1784385138,2026-07-18 21:32:18,29606197,3.354,75.53,-56,SIAGA
NODE_01,1784385198,2026-07-18 21:33:18,23403443,2.652,82.4,-56,SIAGA
NODE_01,1784385258,2026-07-18 21:34:18,18050065,2.045,78.73,-57,SIAGA
NODE_01,1784385318,2026-07-18 21:35:18,21186270,2.4,78.86,-72,SIAGA
NODE_01,1784385378,2026-07-18 21:36:18,18553083,2.102,80.83,-70,SIAGA
NODE_01,1784385438,2026-07-18 21:37:18,26903882,3.048,81.74,-78,SIAGA
NODE_01,1784385498,2026-07-18 21:38:18,28031756,3.176,74.08,-79,SIAGA
NODE_01,1784385558,2026-07-18 21:39:18,27333368,3.097,83.38,-71,SIAGA
NODE_01,1784385618,2026-07-18 21:40:18,28588773,3.239,74.98,-61,SIAGA
NODE_01,1784385678,2026-07-18 21:41:18,27927719,3.164,79.89,-45,SIAGA
NODE_01,1784385738,2026-07-18 21:42:18,30560086,3.462,77.15,-45,SIAGA
NODE_01,1784385798,2026-07-18 21:43:18,30956405,3.507,79.97,-61,SIAGA
NODE_01,1784385858,2026-07-18 21:44:18,28058300,3.179,76.22,-52,SIAGA
NODE_01,1784385918,2026-07-18 21:45:18,24476324,2.773,80.45,-55,SIAGA
NODE_01,1784385978,2026-07-18 21:46:18,29315236,3.321,76.2,-62,SIAGA
NODE_01,1784386038,2026-07-18 21:47:18,18179389,2.06,77.01,-78,SIAGA
NODE_01,1784386098,2026-07-18 21:48:18,28475727,3.226,82.49,-55,SIAGA
NODE_01,1784386158,2026-07-18 21:49:18,28317600,3.208,81.77,-60,SIAGA
NODE_01,1784386218,2026-07-18 21:50:18,24401788,2.765,74.23,-46,SIAGA
NODE_01,1784386278,2026-07-18 21:51:18,26424569,2.994,75.13,-55,SIAGA
NODE_01,1784386338,2026-07-18 21:52:18,29565998,3.35,78.47,-84,SIAGA
NODE_01,1784386398,2026-07-18 21:53:18,17562599,1.99,75.96,-70,SIAGA
NODE_01,1784386458,2026-07-18 21:54:18,27785490,3.148,74.88,-45,SIAGA
NODE_01,1784386518,2026-07-18 21:55:18,25185738,2.853,77.99,-46,SIAGA
NODE_01,1784386578,2026-07-18 21:56:18,27786098,3.148,76.9,-64,SIAGA
NODE_01,1784386638,2026-07-18 21:57:18,24904398,2.822,77.2,-68,SIAGA
NODE_01,1784386698,2026-07-18 21:58:18,24246946,2.747,84.14,-56,SIAGA
NODE_01,1784386758,2026-07-18 21:59:18,30109851,3.411,81.62,-69,SIAGA
NODE_01,1784386818,2026-07-18 22:00:18,22489065,2.548,80.68,-81,SIAGA
NODE_01,1784386878,2026-07-18 22:01:18,16312610,1.848,82.09,-61,SIAGA
NODE_01,1784386938,2026-07-18 22:02:18,15159318,1.717,81.73,-51,SIAGA
NODE_01,1784386998,2026-07-18 22:03:18,24174037,2.739,76.36,-79,SIAGA
NODE_01,1784387058,2026-07-18 22:04:18,21073612,2.388,79.19,-74,SIAGA
NODE_01,1784387118,2026-07-18 22:05:18,25938741,2.939,76.11,-53,SIAGA
NODE_01,1784387178,2026-07-18 22:06:18,17886966,2.027,81.1,-54,SIAGA
NODE_01,1784387238,2026-07-18 22:07:18,18933986,2.145,74.37,-63,SIAGA
NODE_01,1784387298,2026-07-18 22:08:18,18933199,2.145,80.98,-65,SIAGA
NODE_01,1784387358,2026-07-18 22:09:18,17178836,1.946,78.76,-67,SIAGA
NODE_01,1784387418,2026-07-18 22:10:18,29682778,3.363,75.94,-60,SIAGA
NODE_01,1784387478,2026-07-18 22:11:18,31485322,3.567,79.4,-82,SIAGA
NODE_01,1784387538,2026-07-18 22:12:18,15266404,1.73,79.15,-83,SIAGA
NODE_01,1784387598,2026-07-18 22:13:18,26463795,2.998,78.37,-85,SIAGA
NODE_01,1784387658,2026-07-18 22:14:18,21659977,2.454,83.99,-45,SIAGA
NODE_01,1784387718,2026-07-18 22:15:18,18549697,2.102,82.95,-84,SIAGA
NODE_01,1784387778,2026-07-18 22:16:18,28067081,3.18,83.66,-51,SIAGA
NODE_01,1784387838,2026-07-18 22:17:18,29582244,3.352,76.42,-59,SIAGA
NODE_01,1784387898,2026-07-18 22:18:18,21298230,2.413,78.93,-61,SIAGA
NODE_01,1784387958,2026-07-18 22:19:18,15619541,1.77,82.31,-59,SIAGA
NODE_01,1784388018,2026-07-18 22:20:18,22740604,2.576,76.41,-63,SIAGA
NODE_01,1784388078,2026-07-18 22:21:18,24411615,2.766,75.16,-70,SIAGA
NODE_01,1784388138,2026-07-18 22:22:18,26917614,3.05,78.97,-60,SIAGA
NODE_01,1784388198,2026-07-18 22:23:18,28434369,3.222,81.93,-59,SIAGA
NODE_01,1784388258,2026-07-18 22:24:18,21459668,2.431,79.25,-55,SIAGA
NODE_01,1784388318,2026-07-18 22:25:18,28732662,3.255,76.77,-83,SIAGA
NODE_01,1784388378,2026-07-18 22:26:18,21203200,2.402,81.89,-46,SIAGA
NODE_01,1784388438,2026-07-18 22:27:18,27934225,3.165,78.7,-80,SIAGA
NODE_01,1784388498,2026-07-18 22:28:18,28435280,3.222,81.9,-64,SIAGA
NODE_01,1784388558,2026-07-18 22:29:18,15720064,1.781,80.64,-79,SIAGA
NODE_01,1784388618,2026-07-18 22:30:18,28960490,3.281,76.86,-67,SIAGA
NODE_01,1784388678,2026-07-18 22:31:18,20037399,2.27,83.19,-65,SIAGA
NODE_01,1784388738,2026-07-18 22:32:18,23423680,2.654,85.76,-77,SIAGA
NODE_01,1784388798,2026-07-18 22:33:18,18191153,2.061,82.13,-59,SIAGA
NODE_01,1784388858,2026-07-18 22:34:18,29155375,3.303,84.17,-68,SIAGA
NODE_01,1784388918,2026-07-18 22:35:18,22015747,2.494,77.6,-79,SIAGA
NODE_01,1784388978,2026-07-18 22:36:18,31537849,3.573,79.64,-71,SIAGA
NODE_01,1784389038,2026-07-18 22:37:18,20695826,2.345,78.99,-81,SIAGA
NODE_01,1784389098,2026-07-18 22:38:18,25369305,2.874,78.04,-66,SIAGA
NODE_01,1784389158,2026-07-18 22:39:18,16805150,1.904,76.54,-81,SIAGA
NODE_01,1784389218,2026-07-18 22:40:18,26039055,2.95,79.92,-73,SIAGA
NODE_01,1784389278,2026-07-18 22:41:18,26963826,3.055,78.02,-81,SIAGA
NODE_01,1784389338,2026-07-18 22:42:18,17239317,1.953,82.76,-52,SIAGA
NODE_01,1784389398,2026-07-18 22:43:18,29403627,3.331,78.0,-63,SIAGA
NODE_01,1784389458,2026-07-18 22:44:18,23288522,2.639,75.43,-70,SIAGA
NODE_01,1784389518,2026-07-18 22:45:18,16608354,1.882,85.82,-72,SIAGA
NODE_01,1784389578,2026-07-18 22:46:18,26377904,2.989,83.49,-49,SIAGA
NODE_01,1784389638,2026-07-18 22:47:18,18316753,2.075,77.47,-67,SIAGA
NODE_01,1784389698,2026-07-18 22:48:18,25497286,2.889,83.15,-81,SIAGA
NODE_01,1784389758,2026-07-18 22:49:18,24105495,2.731,77.91,-74,SIAGA
NODE_01,1784389818,2026-07-18 22:50:18,26729518,3.028,78.8,-79,SIAGA
NODE_01,1784389878,2026-07-18 22:51:18,24265992,2.749,75.97,-46,SIAGA
NODE_01,1784389938,2026-07-18 22:52:18,24799477,2.81,81.19,-72,SIAGA
NODE_01,1784389998,2026-07-18 22:53:18,21960362,2.488,79.45,-77,SIAGA
NODE_01,1784390058,2026-07-18 22:54:18,16576655,1.878,81.21,-68,SIAGA
NODE_01,1784390118,2026-07-18 22:55:18,22235534,2.519,76.41,-74,SIAGA
NODE_01,1784390178,2026-07-18 22:56:18,17178366,1.946,82.53,-54,SIAGA
NODE_01,1784390238,2026-07-18 22:57:18,20535864,2.327,82.95,-84,SIAGA
NODE_01,1784390298,2026-07-18 22:58:18,21311190,2.414,80.4,-48,SIAGA
NODE_01,1784390358,2026-07-18 22:59:18,18252262,2.068,77.02,-78,SIAGA
NODE_01,1784390418,2026-07-18 23:00:18,30317006,3.435,83.61,-50,SIAGA
NODE_01,1784390478,2026-07-18 23:01:18,23456190,2.658,84.03,-64,SIAGA
NODE_01,1784390538,2026-07-18 23:02:18,15917151,1.803,85.0,-46,SIAGA
NODE_01,1784390598,2026-07-18 23:03:18,27263036,3.089,80.08,-50,SIAGA
NODE_01,1784390658,2026-07-18 23:04:18,27213791,3.083,85.58,-61,SIAGA
NODE_01,1784390718,2026-07-18 23:05:18,28673688,3.249,75.62,-45,SIAGA
NODE_01,1784390778,2026-07-18 23:06:18,28955987,3.281,79.84,-45,SIAGA
NODE_01,1784390838,2026-07-18 23:07:18,29756792,3.371,77.96,-64,SIAGA
NODE_01,1784390898,2026-07-18 23:08:18,28969012,3.282,79.12,-46,SIAGA
NODE_01,1784390958,2026-07-18 23:09:18,17278981,1.958,76.76,-57,SIAGA
NODE_01,1784391018,2026-07-18 23:10:18,29102303,3.297,77.22,-77,SIAGA
NODE_01,1784391078,2026-07-18 23:11:18,25088813,2.842,84.79,-67,SIAGA
NODE_01,1784391138,2026-07-18 23:12:18,24395196,2.764,81.42,-80,SIAGA
NODE_01,1784391198,2026-07-18 23:13:18,20763637,2.352,80.81,-48,SIAGA
NODE_01,1784391258,2026-07-18 23:14:18,17097099,1.937,84.33,-63,SIAGA
NODE_01,1784391318,2026-07-18 23:15:18,17965944,2.035,82.68,-77,SIAGA
NODE_01,1784391378,2026-07-18 23:16:18,29067423,3.293,79.21,-72,SIAGA
NODE_01,1784391438,2026-07-18 23:17:18,29628167,3.357,79.01,-78,SIAGA
NODE_01,1784391498,2026-07-18 23:18:18,21680956,2.456,82.11,-62,SIAGA
NODE_01,1784391558,2026-07-18 23:19:18,28249586,3.201,83.37,-54,SIAGA
NODE_01,1784391618,2026-07-18 23:20:18,27780081,3.147,85.73,-72,SIAGA
NODE_01,1784391678,2026-07-18 23:21:18,24385645,2.763,80.67,-66,SIAGA
NODE_01,1784391738,2026-07-18 23:22:18,15588875,1.766,75.5,-76,SIAGA
NODE_01,1784391798,2026-07-18 23:23:18,27666643,3.135,82.94,-53,SIAGA
NODE_01,1784391858,2026-07-18 23:24:18,26700349,3.025,83.33,-85,SIAGA
NODE_01,1784391918,2026-07-18 23:25:18,22987490,2.604,82.38,-76,SIAGA
NODE_01,1784391978,2026-07-18 23:26:18,16835160,1.907,78.03,-85,SIAGA
NODE_01,1784392038,2026-07-18 23:27:18,30906260,3.502,84.6,-55,SIAGA
NODE_01,1784392098,2026-07-18 23:28:18,22492221,2.548,79.26,-68,SIAGA
NODE_01,1784392158,2026-07-18 23:29:18,29321266,3.322,81.79,-70,SIAGA
NODE_01,1784392218,2026-07-18 23:30:18,29777639,3.374,75.91,-80,SIAGA
NODE_01,1784392278,2026-07-18 23:31:18,19116851,2.166,77.92,-52,SIAGA
NODE_01,1784392338,2026-07-18 23:32:18,29696298,3.364,84.71,-83,SIAGA
NODE_01,1784392398,2026-07-18 23:33:18,21062864,2.386,83.71,-71,SIAGA
NODE_01,1784392458,2026-07-18 23:34:18,24036888,2.723,82.38,-70,SIAGA
NODE_01,1784392518,2026-07-18 23:35:18,22669880,2.568,79.2,-71,SIAGA
NODE_01,1784392578,2026-07-18 23:36:18,17213010,1.95,81.47,-67,SIAGA
NODE_01,1784392638,2026-07-18 23:37:18,26181421,2.966,83.01,-62,SIAGA
NODE_01,1784392698,2026-07-18 23:38:18,28107749,3.185,82.05,-74,SIAGA
NODE_01,1784392758,2026-07-18 23:39:18,17882301,2.026,80.84,-67,SIAGA
NODE_01,1784392818,2026-07-18 23:40:18,16431873,1.862,83.65,-85,SIAGA
NODE_01,1784392878,2026-07-18 23:41:18,22546668,2.554,79.27,-61,SIAGA
NODE_01,1784392938,2026-07-18 23:42:18,23456669,2.658,74.89,-61,SIAGA
NODE_01,1784392998,2026-07-18 23:43:18,21493771,2.435,84.41,-75,SIAGA
NODE_01,1784393058,2026-07-18 23:44:18,31103145,3.524,79.76,-82,SIAGA
NODE_01,1784393118,2026-07-18 23:45:18,16735273,1.896,78.33,-67,SIAGA
NODE_01,1784393178,2026-07-18 23:46:18,21673155,2.455,82.02,-59,SIAGA
NODE_01,1784393238,2026-07-18 23:47:18,25615454,2.902,80.06,-51,SIAGA
NODE_01,1784393298,2026-07-18 23:48:18,27779510,3.147,78.78,-63,SIAGA
NODE_01,1784393358,2026-07-18 23:49:18,25580890,2.898,78.87,-59,SIAGA
NODE_01,1784393418,2026-07-18 23:50:18,30542356,3.46,82.22,-85,SIAGA
NODE_01,1784393478,2026-07-18 23:51:18,20052360,2.272,83.99,-73,SIAGA
NODE_01,1784393538,2026-07-18 23:52:18,19423770,2.201,77.88,-59,SIAGA
NODE_01,1784393598,2026-07-18 23:53:18,20075292,2.274,80.2,-67,SIAGA
NODE_01,1784393658,2026-07-18 23:54:18,16909987,1.916,77.47,-65,SIAGA
NODE_01,1784393718,2026-07-18 23:55:18,24487133,2.774,81.33,-59,SIAGA
NODE_01,1784393778,2026-07-18 23:56:18,26935778,3.052,84.3,-72,SIAGA
NODE_01,1784393838,2026-07-18 23:57:18,20828083,2.36,81.88,-57,SIAGA
NODE_01,1784393898,2026-07-18 23:58:18,17177998,1.946,76.07,-65,SIAGA
NODE_01,1784393958,2026-07-18 23:59:18,25484157,2.887,79.85,-57,SIAGA
NODE_01,1784394018,2026-07-19 00:00:18,28022001,3.175,78.55,-48,SIAGA
NODE_01,1784394078,2026-07-19 00:01:18,25381720,2.876,82.25,-51,SIAGA
NODE_01,1784394138,2026-07-19 00:02:18,19589460,2.219,83.82,-75,SIAGA
NODE_01,1784394198,2026-07-19 00:03:18,28025602,3.175,80.72,-76,SIAGA
NODE_01,1784394258,2026-07-19 00:04:18,20883548,2.366,80.29,-49,SIAGA
NODE_01,1784394318,2026-07-19 00:05:18,21056249,2.386,83.07,-78,SIAGA
NODE_01,1784394378,2026-07-19 00:06:18,18333910,2.077,76.88,-56,SIAGA
NODE_01,1784394438,2026-07-19 00:07:18,18711926,2.12,77.25,-48,SIAGA
NODE_01,1784394498,2026-07-19 00:08:18,19624890,2.223,84.13,-67,SIAGA
NODE_01,1784394558,2026-07-19 00:09:18,29207066,3.309,80.21,-54,SIAGA
NODE_01,1784394618,2026-07-19 00:10:18,28605165,3.241,75.69,-46,SIAGA
NODE_01,1784394678,2026-07-19 00:11:18,28048145,3.178,79.48,-58,SIAGA
NODE_01,1784394738,2026-07-19 00:12:18,25246647,2.86,84.26,-61,SIAGA
NODE_01,1784394798,2026-07-19 00:13:18,15006540,1.7,83.45,-82,SIAGA
NODE_01,1784394858,2026-07-19 00:14:18,25386372,2.876,82.9,-50,SIAGA
NODE_01,1784394918,2026-07-19 00:15:18,15026404,1.702,84.36,-66,SIAGA
NODE_01,1784394978,2026-07-19 00:16:18,26388322,2.99,75.85,-75,SIAGA
NODE_01,1784395038,2026-07-19 00:17:18,17757923,2.012,76.78,-84,SIAGA
NODE_01,1784395098,2026-07-19 00:18:18,28588645,3.239,84.23,-63,SIAGA
NODE_01,1784395158,2026-07-19 00:19:18,20581653,2.332,80.57,-46,SIAGA
NODE_01,1784395218,2026-07-19 00:20:18,29568555,3.35,80.5,-53,SIAGA
NODE_01,1784395278,2026-07-19 00:21:18,22103556,2.504,80.14,-49,SIAGA
NODE_01,1784395338,2026-07-19 00:22:18,23897208,2.707,84.35,-75,SIAGA
NODE_01,1784395398,2026-07-19 00:23:18,28346177,3.212,80.2,-80,SIAGA
NODE_01,1784395458,2026-07-19 00:24:18,27453370,3.11,80.69,-67,SIAGA
NODE_01,1784395518,2026-07-19 00:25:18,24558442,2.782,78.46,-45,SIAGA
NODE_01,1784395578,2026-07-19 00:26:18,17611831,1.995,76.22,-54,SIAGA
NODE_01,1784395638,2026-07-19 00:27:18,23048944,2.611,74.82,-60,SIAGA
NODE_01,1784395698,2026-07-19 00:28:18,17582171,1.992,82.49,-47,SIAGA
NODE_01,1784395758,2026-07-19 00:29:18,21404004,2.425,83.71,-48,SIAGA
NODE_01,1784395818,2026-07-19 00:30:18,22534834,2.553,81.08,-49,SIAGA
NODE_01,1784395878,2026-07-19 00:31:18,18971656,2.149,78.8,-69,SIAGA
NODE_01,1784395938,2026-07-19 00:32:18,28822258,3.265,78.33,-55,SIAGA
NODE_01,1784395998,2026-07-19 00:33:18,16531343,1.873,79.49,-60,SIAGA
NODE_01,1784396058,2026-07-19 00:34:18,28184416,3.193,77.09,-76,SIAGA
NODE_01,1784396118,2026-07-19 00:35:18,24043451,2.724,78.83,-85,SIAGA
NODE_01,1784396178,2026-07-19 00:36:18,23348339,2.645,82.49,-60,SIAGA
NODE_01,1784396238,2026-07-19 00:37:18,27317365,3.095,81.77,-80,SIAGA
NODE_01,1784396298,2026-07-19 00:38:18,27095210,3.07,83.68,-54,SIAGA
NODE_01,1784396358,2026-07-19 00:39:18,20464229,2.319,77.17,-71,SIAGA
NODE_01,1784396418,2026-07-19 00:40:18,22048094,2.498,76.42,-55,SIAGA
NODE_01,1784396478,2026-07-19 00:41:18,27145056,3.075,77.59,-75,SIAGA
NODE_01,1784396538,2026-07-19 00:42:18,29688886,3.364,85.01,-64,SIAGA
NODE_01,1784396598,2026-07-19 00:43:18,27323608,3.096,83.01,-79,SIAGA
NODE_01,1784396658,2026-07-19 00:44:18,27334969,3.097,78.84,-53,SIAGA
NODE_01,1784396718,2026-07-19 00:45:18,21815743,2.472,85.06,-46,SIAGA
NODE_01,1784396778,2026-07-19 00:46:18,18574933,2.104,76.35,-85,SIAGA
NODE_01,1784396838,2026-07-19 00:47:18,25737244,2.916,74.96,-57,SIAGA
NODE_01,1784396898,2026-07-19 00:48:18,17277126,1.957,78.61,-77,SIAGA
NODE_01,1784396958,2026-07-19 00:49:18,22618557,2.563,76.52,-50,SIAGA
NODE_01,1784397018,2026-07-19 00:50:18,16767767,1.9,78.63,-60,SIAGA
NODE_01,1784397078,2026-07-19 00:51:18,25613673,2.902,76.96,-51,SIAGA
NODE_01,1784397138,2026-07-19 00:52:18,29048501,3.291,76.63,-66,SIAGA
NODE_01,1784397198,2026-07-19 00:53:18,27231903,3.085,85.06,-46,SIAGA
NODE_01,1784397258,2026-07-19 00:54:18,24001786,2.719,82.99,-69,SIAGA
NODE_01,1784397318,2026-07-19 00:55:18,23973616,2.716,78.57,-78,SIAGA
NODE_01,1784397378,2026-07-19 00:56:18,22639634,2.565,82.32,-64,SIAGA
NODE_01,1784397438,2026-07-19 00:57:18,21175697,2.399,83.39,-77,SIAGA
NODE_01,1784397498,2026-07-19 00:58:18,30375892,3.441,76.62,-61,SIAGA
NODE_01,1784397558,2026-07-19 00:59:18,18520951,2.098,76.63,-77,SIAGA
NODE_01,1784397618,2026-07-19 01:00:18,18426355,2.088,83.56,-82,SIAGA
NODE_01,1784397678,2026-07-19 01:01:18,20546352,2.328,76.04,-54,SIAGA
NODE_01,1784397738,2026-07-19 01:02:18,29102556,3.297,82.99,-75,SIAGA
NODE_01,1784397798,2026-07-19 01:03:18,31296233,3.546,82.97,-56,SIAGA
NODE_01,1784397858,2026-07-19 01:04:18,28879268,3.272,82.12,-85,SIAGA
NODE_01,1784397918,2026-07-19 01:05:18,25194205,2.854,81.6,-63,SIAGA
NODE_01,1784397978,2026-07-19 01:06:18,30806551,3.49,84.22,-48,SIAGA
NODE_01,1784398038,2026-07-19 01:07:18,29906399,3.388,76.43,-77,SIAGA
NODE_01,1784398098,2026-07-19 01:08:18,18303044,2.074,84.57,-56,SIAGA
NODE_01,1784398158,2026-07-19 01:09:18,15980226,1.811,76.7,-51,SIAGA
NODE_01,1784398218,2026-07-19 01:10:18,26780407,3.034,80.07,-59,SIAGA
NODE_01,1784398278,2026-07-19 01:11:18,16410203,1.859,80.8,-81,SIAGA
NODE_01,1784398338,2026-07-19 01:12:18,20349643,2.306,84.12,-47,SIAGA
NODE_01,1784398398,2026-07-19 01:13:18,24628232,2.79,76.97,-46,SIAGA
NODE_01,1784398458,2026-07-19 01:14:18,28303845,3.207,76.83,-52,SIAGA
NODE_01,1784398518,2026-07-19 01:15:18,25676511,2.909,78.25,-52,SIAGA
NODE_01,1784398578,2026-07-19 01:16:18,30592762,3.466,82.9,-61,SIAGA
NODE_01,1784398638,2026-07-19 01:17:18,20811936,2.358,77.21,-47,SIAGA
NODE_01,1784398698,2026-07-19 01:18:18,20255855,2.295,78.31,-65,SIAGA
NODE_01,1784398758,2026-07-19 01:19:18,18070036,2.047,82.26,-76,SIAGA
NODE_01,1784398818,2026-07-19 01:20:18,29343036,3.324,77.15,-75,SIAGA
NODE_01,1784398878,2026-07-19 01:21:18,18131850,2.054,79.27,-50,SIAGA
NODE_01,1784398938,2026-07-19 01:22:18,26832889,3.04,78.92,-55,SIAGA
NODE_01,1784398998,2026-07-19 01:23:18,21545770,2.441,80.46,-84,SIAGA
NODE_01,1784399058,2026-07-19 01:24:18,22942040,2.599,81.81,-65,SIAGA
NODE_01,1784399118,2026-07-19 01:25:18,24887618,2.82,81.61,-72,SIAGA
NODE_01,1784399178,2026-07-19 01:26:18,14974516,1.697,76.95,-46,SIAGA
NODE_01,1784399238,2026-07-19 01:27:18,27431627,3.108,74.69,-54,SIAGA
NODE_01,1784399298,2026-07-19 01:28:18,28414718,3.219,82.71,-65,SIAGA
NODE_01,1784399358,2026-07-19 01:29:18,27895773,3.16,75.53,-57,SIAGA
NODE_01,1784399418,2026-07-19 01:30:18,19470768,2.206,83.96,-83,SIAGA
NODE_01,1784399478,2026-07-19 01:31:18,21313127,2.415,78.71,-84,SIAGA
NODE_01,1784399538,2026-07-19 01:32:18,29285423,3.318,76.49,-45,SIAGA
NODE_01,1784399598,2026-07-19 01:33:18,29401660,3.331,84.21,-75,SIAGA
NODE_01,1784399658,2026-07-19 01:34:18,14440289,1.636,79.98,-56,SIAGA
NODE_01,1784399718,2026-07-19 01:35:18,20581853,2.332,84.14,-71,SIAGA
NODE_01,1784399778,2026-07-19 01:36:18,30288288,3.432,83.63,-69,SIAGA
NODE_01,1784399838,2026-07-19 01:37:18,18814042,2.132,81.45,-58,SIAGA
NODE_01,1784399898,2026-07-19 01:38:18,17407927,1.972,80.12,-84,SIAGA
NODE_01,1784399958,2026-07-19 01:39:18,31677158,3.589,83.41,-85,SIAGA
NODE_01,1784400018,2026-07-19 01:40:18,32184853,3.646,76.95,-52,SIAGA
NODE_01,1784400078,2026-07-19 01:41:18,17395323,1.971,77.31,-53,SIAGA
NODE_01,1784400138,2026-07-19 01:42:18,29889194,3.386,75.52,-45,SIAGA
NODE_01,1784400198,2026-07-19 01:43:18,21662006,2.454,79.84,-70,SIAGA
NODE_01,1784400258,2026-07-19 01:44:18,22005819,2.493,79.34,-80,SIAGA
NODE_01,1784400318,2026-07-19 01:45:18,27017101,3.061,78.17,-78,SIAGA
NODE_01,1784400378,2026-07-19 01:46:18,28099902,3.184,79.68,-53,SIAGA
NODE_01,1784400438,2026-07-19 01:47:18,23117983,2.619,83.93,-53,SIAGA
NODE_01,1784400498,2026-07-19 01:48:18,23906598,2.709,75.52,-55,SIAGA
NODE_01,1784400558,2026-07-19 01:49:18,31093882,3.523,83.09,-74,SIAGA
NODE_01,1784400618,2026-07-19 01:50:18,30349091,3.438,81.15,-46,SIAGA
NODE_01,1784400678,2026-07-19 01:51:18,22701948,2.572,80.9,-72,SIAGA
NODE_01,1784400738,2026-07-19 01:52:18,27436398,3.108,77.41,-66,SIAGA
NODE_01,1784400798,2026-07-19 01:53:18,30710861,3.479,83.33,-71,SIAGA
NODE_01,1784400858,2026-07-19 01:54:18,27195892,3.081,74.98,-57,SIAGA
NODE_01,1784400918,2026-07-19 01:55:18,29714914,3.367,85.6,-73,SIAGA
NODE_01,1784400978,2026-07-19 01:56:18,24534491,2.78,85.14,-56,SIAGA
NODE_01,1784401038,2026-07-19 01:57:18,23041890,2.611,84.09,-66,SIAGA
NODE_01,1784401098,2026-07-19 01:58:18,27964062,3.168,79.99,-59,SIAGA
NODE_01,1784401158,2026-07-19 01:59:18,27060544,3.066,80.62,-54,SIAGA
NODE_01,1784401218,2026-07-19 02:00:18,28174027,3.192,76.95,-48,SIAGA
NODE_01,1784401278,2026-07-19 02:01:18,29943017,3.392,81.57,-55,SIAGA
NODE_01,1784401338,2026-07-19 02:02:18,25579970,2.898,83.83,-65,SIAGA
NODE_01,1784401398,2026-07-19 02:03:18,27204196,3.082,78.04,-75,SIAGA
NODE_01,1784401458,2026-07-19 02:04:18,25852233,2.929,78.74,-66,SIAGA
NODE_01,1784401518,2026-07-19 02:05:18,19842771,2.248,82.05,-50,SIAGA
NODE_01,1784401578,2026-07-19 02:06:18,22193925,2.514,80.46,-53,SIAGA
NODE_01,1784401638,2026-07-19 02:07:18,29881591,3.385,81.78,-74,SIAGA
NODE_01,1784401698,2026-07-19 02:08:18,19597781,2.22,79.28,-78,SIAGA
NODE_01,1784401758,2026-07-19 02:09:18,19645709,2.226,81.2,-79,SIAGA
NODE_01,1784401818,2026-07-19 02:10:18,17637311,1.998,84.49,-74,SIAGA
NODE_01,1784401878,2026-07-19 02:11:18,29963637,3.395,78.95,-70,SIAGA
NODE_01,1784401938,2026-07-19 02:12:18,24542010,2.781,84.02,-54,SIAGA
NODE_01,1784401998,2026-07-19 02:13:18,29179799,3.306,82.6,-58,SIAGA
NODE_01,1784402058,2026-07-19 02:14:18,32006357,3.626,84.46,-64,SIAGA
NODE_01,1784402118,2026-07-19 02:15:18,19650572,2.226,75.52,-74,SIAGA
NODE_01,1784402178,2026-07-19 02:16:18,16570213,1.877,84.16,-54,SIAGA
NODE_01,1784402238,2026-07-19 02:17:18,19935966,2.259,82.3,-69,SIAGA
NODE_01,1784402298,2026-07-19 02:18:18,27734416,3.142,77.97,-58,SIAGA
NODE_01,1784402358,2026-07-19 02:19:18,21149853,2.396,85.48,-50,SIAGA
NODE_01,1784402418,2026-07-19 02:20:18,24025381,2.722,82.62,-52,SIAGA
NODE_01,1784402478,2026-07-19 02:21:18,28455856,3.224,78.03,-81,SIAGA
NODE_01,1784402538,2026-07-19 02:22:18,21832473,2.474,79.54,-55,SIAGA
NODE_01,1784402598,2026-07-19 02:23:18,24753591,2.804,83.71,-62,SIAGA
NODE_01,1784402658,2026-07-19 02:24:18,28423655,3.22,77.3,-70,SIAGA
NODE_01,1784402718,2026-07-19 02:25:18,24907030,2.822,75.18,-85,SIAGA
NODE_01,1784402778,2026-07-19 02:26:18,22786865,2.582,84.04,-79,SIAGA
NODE_01,1784402838,2026-07-19 02:27:18,29122433,3.299,78.8,-47,SIAGA
NODE_01,1784402898,2026-07-19 02:28:18,15108015,1.712,74.7,-73,SIAGA
NODE_01,1784402958,2026-07-19 02:29:18,28797381,3.263,74.75,-63,SIAGA
NODE_01,1784403018,2026-07-19 02:30:18,30380066,3.442,82.66,-57,SIAGA
NODE_01,1784403078,2026-07-19 02:31:18,29110832,3.298,79.53,-71,SIAGA
NODE_01,1784403138,2026-07-19 02:32:18,18162685,2.058,76.46,-55,SIAGA
NODE_01,1784403198,2026-07-19 02:33:18,14979348,1.697,85.09,-73,SIAGA
NODE_01,1784403258,2026-07-19 02:34:18,24137385,2.735,82.77,-54,SIAGA
NODE_01,1784403318,2026-07-19 02:35:18,31718121,3.594,83.88,-46,SIAGA
NODE_01,1784403378,2026-07-19 02:36:18,19417781,2.2,84.27,-58,SIAGA
NODE_01,1784403438,2026-07-19 02:37:18,18099078,2.051,75.74,-49,SIAGA
NODE_01,1784403498,2026-07-19 02:38:18,25222588,2.858,80.69,-47,SIAGA
NODE_01,1784403558,2026-07-19 02:39:18,27778659,3.147,84.5,-62,SIAGA
NODE_01,1784403618,2026-07-19 02:40:18,15503025,1.756,77.11,-78,SIAGA
NODE_01,1784403678,2026-07-19 02:41:18,28340278,3.211,80.24,-62,SIAGA
NODE_01,1784403738,2026-07-19 02:42:18,21556127,2.442,77.5,-56,SIAGA
NODE_01,1784403798,2026-07-19 02:43:18,31601627,3.58,76.6,-45,SIAGA
NODE_01,1784403858,2026-07-19 02:44:18,30646940,3.472,79.41,-75,SIAGA
NODE_01,1784403918,2026-07-19 02:45:18,25024797,2.835,79.58,-67,SIAGA
NODE_01,1784403978,2026-07-19 02:46:18,26017062,2.948,85.72,-69,SIAGA
NODE_01,1784404038,2026-07-19 02:47:18,15782556,1.788,83.13,-74,SIAGA
NODE_01,1784404098,2026-07-19 02:48:18,17089464,1.936,80.08,-68,SIAGA
NODE_01,1784404158,2026-07-19 02:49:18,20910325,2.369,83.37,-60,SIAGA
NODE_01,1784404218,2026-07-19 02:50:18,20052189,2.272,78.42,-80,SIAGA
NODE_01,1784404278,2026-07-19 02:51:18,20639473,2.338,77.48,-54,SIAGA
NODE_01,1784404338,2026-07-19 02:52:18,29326444,3.323,79.95,-55,SIAGA
NODE_01,1784404398,2026-07-19 02:53:18,25890429,2.933,81.8,-61,SIAGA
NODE_01,1784404458,2026-07-19 02:54:18,23222052,2.631,78.02,-71,SIAGA
NODE_01,1784404518,2026-07-19 02:55:18,15956158,1.808,84.01,-45,SIAGA
NODE_01,1784404578,2026-07-19 02:56:18,22171423,2.512,82.26,-46,SIAGA
NODE_01,1784404638,2026-07-19 02:57:18,30117608,3.412,76.44,-48,SIAGA
NODE_01,1784404698,2026-07-19 02:58:18,29150986,3.303,84.2,-74,SIAGA
NODE_01,1784404758,2026-07-19 02:59:18,20297188,2.3,74.44,-63,SIAGA
NODE_01,1784404818,2026-07-19 03:00:18,22747935,2.577,82.26,-70,SIAGA
NODE_01,1784404878,2026-07-19 03:01:18,30823996,3.492,77.54,-46,SIAGA
NODE_01,1784404938,2026-07-19 03:02:18,15412331,1.746,84.67,-79,SIAGA
NODE_01,1784404998,2026-07-19 03:03:18,22631578,2.564,82.87,-45,SIAGA
NODE_01,1784405058,2026-07-19 03:04:18,22465583,2.545,80.76,-80,SIAGA
NODE_01,1784405118,2026-07-19 03:05:18,26265038,2.976,78.68,-45,SIAGA
NODE_01,1784405178,2026-07-19 03:06:18,30123551,3.413,81.97,-72,SIAGA
NODE_01,1784405238,2026-07-19 03:07:18,17708126,2.006,83.67,-68,SIAGA
NODE_01,1784405298,2026-07-19 03:08:18,18980355,2.15,82.84,-47,SIAGA
NODE_01,1784405358,2026-07-19 03:09:18,24101150,2.731,80.14,-51,SIAGA
NODE_01,1784405418,2026-07-19 03:10:18,26294837,2.979,75.77,-58,SIAGA
NODE_01,1784405478,2026-07-19 03:11:18,19864427,2.251,76.59,-85,SIAGA
NODE_01,1784405538,2026-07-19 03:12:18,25114541,2.845,81.96,-69,SIAGA
NODE_01,1784405598,2026-07-19 03:13:18,30125824,3.413,75.22,-59,SIAGA
NODE_01,1784405658,2026-07-19 03:14:18,17036811,1.93,75.15,-62,SIAGA
NODE_01,1784405718,2026-07-19 03:15:18,23772153,2.693,82.25,-57,SIAGA
NODE_01,1784405778,2026-07-19 03:16:18,26824467,3.039,80.61,-49,SIAGA
NODE_01,1784405838,2026-07-19 03:17:18,27581063,3.125,81.25,-52,SIAGA
NODE_01,1784405898,2026-07-19 03:18:18,16872260,1.912,85.07,-64,SIAGA
NODE_01,1784405958,2026-07-19 03:19:18,22251733,2.521,85.05,-63,SIAGA
NODE_01,1784406018,2026-07-19 03:20:18,31564375,3.576,79.83,-70,SIAGA
NODE_01,1784406078,2026-07-19 03:21:18,27706286,3.139,83.87,-46,SIAGA
NODE_01,1784406138,2026-07-19 03:22:18,18081202,2.049,83.72,-76,SIAGA
NODE_01,1784406198,2026-07-19 03:23:18,20749178,2.351,76.38,-74,SIAGA
NODE_01,1784406258,2026-07-19 03:24:18,21692080,2.458,83.54,-46,SIAGA
NODE_01,1784406318,2026-07-19 03:25:18,23943874,2.713,82.44,-52,SIAGA
NODE_01,1784406378,2026-07-19 03:26:18,27501139,3.116,79.69,-68,SIAGA
NODE_01,1784406438,2026-07-19 03:27:18,24959600,2.828,77.57,-46,SIAGA
NODE_01,1784406498,2026-07-19 03:28:18,23078757,2.615,83.96,-62,SIAGA
NODE_01,1784406558,2026-07-19 03:29:18,24074360,2.728,81.61,-69,SIAGA
NODE_01,1784406618,2026-07-19 03:30:18,27872419,3.158,79.93,-84,SIAGA
NODE_01,1784406678,2026-07-19 03:31:18,29182674,3.306,80.11,-62,SIAGA
NODE_01,1784406738,2026-07-19 03:32:18,22372864,2.535,83.46,-47,SIAGA
NODE_01,1784406798,2026-07-19 03:33:18,19981364,2.264,76.4,-51,SIAGA
NODE_01,1784406858,2026-07-19 03:34:18,22116922,2.506,76.99,-83,SIAGA
NODE_01,1784406918,2026-07-19 03:35:18,26302682,2.98,82.51,-69,SIAGA
NODE_01,1784406978,2026-07-19 03:36:18,19913908,2.256,78.73,-64,SIAGA
NODE_01,1784407038,2026-07-19 03:37:18,19478805,2.207,79.93,-79,SIAGA
NODE_01,1784407098,2026-07-19 03:38:18,26669481,3.022,78.56,-53,SIAGA
NODE_01,1784407158,2026-07-19 03:39:18,20216519,2.29,77.75,-46,SIAGA
NODE_01,1784407218,2026-07-19 03:40:18,21154564,2.397,80.0,-54,SIAGA
NODE_01,1784407278,2026-07-19 03:41:18,30446925,3.45,80.82,-67,SIAGA
NODE_01,1784407338,2026-07-19 03:42:18,22864188,2.59,82.59,-62,SIAGA
NODE_01,1784407398,2026-07-19 03:43:18,21019026,2.381,75.81,-74,SIAGA
NODE_01,1784407458,2026-07-19 03:44:18,20976860,2.377,77.23,-83,SIAGA
NODE_01,1784407518,2026-07-19 03:45:18,25283446,2.865,75.58,-80,SIAGA
NODE_01,1784407578,2026-07-19 03:46:18,23097613,2.617,80.39,-47,SIAGA
NODE_01,1784407638,2026-07-19 03:47:18,26996003,3.059,79.02,-79,SIAGA
NODE_01,1784407698,2026-07-19 03:48:18,31720700,3.594,84.09,-70,SIAGA
NODE_01,1784407758,2026-07-19 03:49:18,27938223,3.165,76.97,-81,SIAGA
NODE_01,1784407818,2026-07-19 03:50:18,24938821,2.825,82.91,-52,SIAGA
NODE_01,1784407878,2026-07-19 03:51:18,20417352,2.313,77.13,-83,SIAGA
NODE_01,1784407938,2026-07-19 03:52:18,26957104,3.054,84.74,-65,SIAGA
NODE_01,1784407998,2026-07-19 03:53:18,23173589,2.625,85.29,-84,SIAGA
NODE_01,1784408058,2026-07-19 03:54:18,31692098,3.591,81.83,-76,SIAGA
NODE_01,1784408118,2026-07-19 03:55:18,22731032,2.575,81.83,-55,SIAGA
NODE_01,1784408178,2026-07-19 03:56:18,17053190,1.932,78.19,-76,SIAGA
NODE_01,1784408238,2026-07-19 03:57:18,29798273,3.376,75.93,-60,SIAGA
NODE_01,1784408298,2026-07-19 03:58:18,19193878,2.175,76.26,-72,SIAGA
NODE_01,1784408358,2026-07-19 03:59:18,27898690,3.161,83.19,-74,SIAGA
NODE_01,1784408418,2026-07-19 04:00:18,26959159,3.054,83.86,-63,SIAGA
NODE_01,1784408478,2026-07-19 04:01:18,18392074,2.084,76.76,-64,SIAGA
NODE_01,1784408538,2026-07-19 04:02:18,17852780,2.023,77.91,-82,SIAGA
NODE_01,1784408598,2026-07-19 04:03:18,21423786,2.427,75.78,-66,SIAGA
NODE_01,1784408658,2026-07-19 04:04:18,25717449,2.914,78.0,-85,SIAGA
NODE_01,1784408718,2026-07-19 04:05:18,23388361,2.65,76.45,-60,SIAGA
NODE_01,1784408778,2026-07-19 04:06:18,23449173,2.657,76.72,-82,SIAGA
NODE_01,1784408838,2026-07-19 04:07:18,16188052,1.834,80.53,-77,SIAGA
NODE_01,1784408898,2026-07-19 04:08:18,27930938,3.164,77.68,-69,SIAGA
NODE_01,1784408958,2026-07-19 04:09:18,23027777,2.609,76.88,-49,SIAGA
NODE_01,1784409018,2026-07-19 04:10:18,19294934,2.186,81.9,-56,SIAGA
NODE_01,1784409078,2026-07-19 04:11:18,16966516,1.922,74.99,-74,SIAGA
NODE_01,1784409138,2026-07-19 04:12:18,18657853,2.114,78.69,-54,SIAGA
NODE_01,1784409198,2026-07-19 04:13:18,16831618,1.907,83.84,-74,SIAGA
NODE_01,1784409258,2026-07-19 04:14:18,29756047,3.371,77.07,-79,SIAGA
NODE_01,1784409318,2026-07-19 04:15:18,25537675,2.893,76.01,-67,SIAGA
NODE_01,1784409378,2026-07-19 04:16:18,24696287,2.798,83.47,-45,SIAGA
NODE_01,1784409438,2026-07-19 04:17:18,18258292,2.069,80.2,-76,SIAGA
NODE_01,1784409498,2026-07-19 04:18:18,31977150,3.623,79.24,-63,SIAGA
NODE_01,1784409558,2026-07-19 04:19:18,21013955,2.381,77.66,-82,SIAGA
NODE_01,1784409618,2026-07-19 04:20:18,22782836,2.581,83.75,-64,SIAGA
NODE_01,1784409678,2026-07-19 04:21:18,27788027,3.148,77.54,-47,SIAGA
NODE_01,1784409738,2026-07-19 04:22:18,19820850,2.246,77.26,-48,SIAGA
NODE_01,1784409798,2026-07-19 04:23:18,28845523,3.268,81.98,-54,SIAGA
NODE_01,1784409858,2026-07-19 04:24:18,14909929,1.689,82.98,-76,SIAGA
NODE_01,1784409918,2026-07-19 04:25:18,27667809,3.135,84.18,-83,SIAGA
NODE_01,1784409978,2026-07-19 04:26:18,31148820,3.529,76.04,-71,SIAGA
NODE_01,1784410038,2026-07-19 04:27:18,23249680,2.634,75.57,-52,SIAGA
NODE_01,1784410098,2026-07-19 04:28:18,23945517,2.713,78.91,-52,SIAGA
NODE_01,1784410158,2026-07-19 04:29:18,18428167,2.088,75.32,-49,SIAGA
NODE_01,1784410218,2026-07-19 04:30:18,29862369,3.383,77.27,-77,SIAGA
NODE_01,1784410278,2026-07-19 04:31:18,16049756,1.818,79.89,-73,SIAGA
NODE_01,1784410338,2026-07-19 04:32:18,23386673,2.65,75.72,-54,SIAGA
NODE_01,1784410398,2026-07-19 04:33:18,19103745,2.164,80.65,-52,SIAGA
NODE_01,1784410458,2026-07-19 04:34:18,20071634,2.274,76.13,-59,SIAGA
NODE_01,1784410518,2026-07-19 04:35:18,17218585,1.951,79.18,-66,SIAGA
NODE_01,1784410578,2026-07-19 04:36:18,19611505,2.222,76.98,-51,SIAGA
NODE_01,1784410638,2026-07-19 04:37:18,25123881,2.846,77.23,-76,SIAGA
NODE_01,1784410698,2026-07-19 04:38:18,24143708,2.735,80.81,-45,SIAGA
NODE_01,1784410758,2026-07-19 04:39:18,24066565,2.727,83.0,-60,SIAGA
NODE_01,1784410818,2026-07-19 04:40:18,27592996,3.126,79.21,-81,SIAGA
NODE_01,1784410878,2026-07-19 04:41:18,17067284,1.934,83.93,-56,SIAGA
NODE_01,1784410938,2026-07-19 04:42:18,22575809,2.558,83.17,-64,SIAGA
NODE_01,1784410998,2026-07-19 04:43:18,22064740,2.5,82.8,-55,SIAGA
NODE_01,1784411058,2026-07-19 04:44:18,21224490,2.405,79.39,-75,SIAGA
NODE_01,1784411118,2026-07-19 04:45:18,22566079,2.557,75.78,-85,SIAGA
NODE_01,1784411178,2026-07-19 04:46:18,31594888,3.58,76.44,-79,SIAGA
NODE_01,1784411238,2026-07-19 04:47:18,16738294,1.896,80.6,-76,SIAGA
NODE_01,1784411298,2026-07-19 04:48:18,25794423,2.922,80.93,-85,SIAGA
NODE_01,1784411358,2026-07-19 04:49:18,30663415,3.474,77.16,-69,SIAGA
NODE_01,1784411418,2026-07-19 04:50:18,22302683,2.527,76.28,-68,SIAGA
NODE_01,1784411478,2026-07-19 04:51:18,22760646,2.579,83.18,-51,SIAGA
NODE_01,1784411538,2026-07-19 04:52:18,21646999,2.453,84.51,-77,SIAGA
NODE_01,1784411598,2026-07-19 04:53:18,24931311,2.825,79.54,-71,SIAGA
NODE_01,1784411658,2026-07-19 04:54:18,30472136,3.452,77.28,-62,SIAGA
NODE_01,1784411718,2026-07-19 04:55:18,23561968,2.669,77.02,-54,SIAGA
NODE_01,1784411778,2026-07-19 04:56:18,23298213,2.64,83.63,-53,SIAGA
NODE_01,1784411838,2026-07-19 04:57:18,28919378,3.276,75.87,-80,SIAGA
NODE_01,1784411898,2026-07-19 04:58:18,25907081,2.935,84.66,-55,SIAGA
NODE_01,1784411958,2026-07-19 04:59:18,18257715,2.069,79.53,-79,SIAGA
NODE_01,1784412018,2026-07-19 05:00:18,16671429,1.889,84.95,-57,SIAGA
NODE_01,1784412078,2026-07-19 05:01:18,17916177,2.03,79.63,-75,SIAGA
NODE_01,1784412138,2026-07-19 05:02:18,23836116,2.701,80.84,-80,SIAGA
NODE_01,1784412198,2026-07-19 05:03:18,27009122,3.06,81.06,-51,SIAGA
NODE_01,1784412258,2026-07-19 05:04:18,23744334,2.69,83.76,-67,SIAGA
NODE_01,1784412318,2026-07-19 05:05:18,29857646,3.383,82.21,-70,SIAGA
NODE_01,1784412378,2026-07-19 05:06:18,23494263,2.662,78.88,-58,SIAGA
NODE_01,1784412438,2026-07-19 05:07:18,28563520,3.236,83.61,-56,SIAGA
NODE_01,1784412498,2026-07-19 05:08:18,24763502,2.806,79.77,-77,SIAGA
NODE_01,1784412558,2026-07-19 05:09:18,27613342,3.128,75.27,-65,SIAGA
NODE_01,1784412618,2026-07-19 05:10:18,29295592,3.319,82.4,-54,SIAGA
NODE_01,1784412678,2026-07-19 05:11:18,24746748,2.804,79.72,-54,SIAGA
NODE_01,1784412738,2026-07-19 05:12:18,22513956,2.551,77.43,-81,SIAGA
NODE_01,1784412798,2026-07-19 05:13:18,25847577,2.928,81.36,-68,SIAGA
NODE_01,1784412858,2026-07-19 05:14:18,30354699,3.439,79.84,-69,SIAGA
NODE_01,1784412918,2026-07-19 05:15:18,23833072,2.7,81.88,-68,SIAGA
NODE_01,1784412978,2026-07-19 05:16:18,25360552,2.873,81.38,-52,SIAGA
NODE_01,1784413038,2026-07-19 05:17:18,24125680,2.733,78.21,-85,SIAGA
NODE_01,1784413098,2026-07-19 05:18:18,24775854,2.807,77.81,-64,SIAGA
NODE_01,1784413158,2026-07-19 05:19:18,23592692,2.673,76.78,-62,SIAGA
NODE_01,1784413218,2026-07-19 05:20:18,21287342,2.412,76.93,-77,SIAGA
NODE_01,1784413278,2026-07-19 05:21:18,22594300,2.56,84.48,-48,SIAGA
NODE_01,1784413338,2026-07-19 05:22:18,28477381,3.226,81.03,-67,SIAGA
NODE_01,1784413398,2026-07-19 05:23:18,22988204,2.604,79.67,-70,SIAGA
NODE_01,1784413458,2026-07-19 05:24:18,27279440,3.091,77.77,-81,SIAGA
NODE_01,1784413518,2026-07-19 05:25:18,16307641,1.848,78.84,-59,SIAGA
NODE_01,1784413578,2026-07-19 05:26:18,22164191,2.511,76.18,-60,SIAGA
NODE_01,1784413638,2026-07-19 05:27:18,17126400,1.94,75.95,-50,SIAGA
NODE_01,1784413698,2026-07-19 05:28:18,30241739,3.426,84.49,-46,SIAGA
NODE_01,1784413758,2026-07-19 05:29:18,23768672,2.693,77.11,-48,SIAGA
NODE_01,1784413818,2026-07-19 05:30:18,20332586,2.304,78.33,-85,SIAGA
NODE_01,1784413878,2026-07-19 05:31:18,29928462,3.391,80.73,-47,SIAGA
NODE_01,1784413938,2026-07-19 05:32:18,15831829,1.794,76.5,-71,SIAGA
NODE_01,1784413998,2026-07-19 05:33:18,20226527,2.292,78.95,-80,SIAGA
NODE_01,1784414058,2026-07-19 05:34:18,25506189,2.89,75.58,-45,SIAGA
NODE_01,1784414118,2026-07-19 05:35:18,21265458,2.409,76.95,-52,SIAGA
NODE_01,1784414178,2026-07-19 05:36:18,18015575,2.041,83.52,-84,SIAGA
NODE_01,1784414238,2026-07-19 05:37:18,27984142,3.171,84.45,-68,SIAGA
NODE_01,1784414298,2026-07-19 05:38:18,26898346,3.047,82.69,-54,SIAGA
NODE_01,1784414358,2026-07-19 05:39:18,28850496,3.269,82.34,-72,SIAGA
NODE_01,1784414418,2026-07-19 05:40:18,29433680,3.335,79.85,-78,SIAGA
NODE_01,1784414478,2026-07-19 05:41:18,22096027,2.503,78.16,-61,SIAGA
NODE_01,1784414538,2026-07-19 05:42:18,23046145,2.611,82.05,-80,SIAGA
NODE_01,1784414598,2026-07-19 05:43:18,20390160,2.31,83.87,-54,SIAGA
NODE_01,1784414658,2026-07-19 05:44:18,16922515,1.917,82.69,-68,SIAGA
NODE_01,1784414718,2026-07-19 05:45:18,23640514,2.678,79.45,-59,SIAGA
NODE_01,1784414778,2026-07-19 05:46:18,25505274,2.89,76.14,-77,SIAGA
NODE_01,1784414838,2026-07-19 05:47:18,24999510,2.832,81.94,-47,SIAGA
NODE_01,1784414898,2026-07-19 05:48:18,17745463,2.01,80.15,-70,SIAGA
NODE_01,1784414958,2026-07-19 05:49:18,27354674,3.099,83.21,-64,SIAGA
NODE_01,1784415018,2026-07-19 05:50:18,28181901,3.193,85.54,-71,SIAGA
NODE_01,1784415078,2026-07-19 05:51:18,27916327,3.163,80.38,-57,SIAGA
NODE_01,1784415138,2026-07-19 05:52:18,22536166,2.553,78.76,-66,SIAGA
NODE_01,1784415198,2026-07-19 05:53:18,23645204,2.679,78.09,-67,SIAGA
NODE_01,1784415258,2026-07-19 05:54:18,20936563,2.372,84.52,-76,SIAGA
NODE_01,1784415318,2026-07-19 05:55:18,22947097,2.6,79.65,-55,SIAGA
NODE_01,1784415378,2026-07-19 05:56:18,20378190,2.309,84.16,-57,SIAGA
NODE_01,1784415438,2026-07-19 05:57:18,24687135,2.797,80.17,-65,SIAGA
NODE_01,1784415498,2026-07-19 05:58:18,29773829,3.373,78.19,-53,SIAGA
NODE_01,1784415558,2026-07-19 05:59:18,29084032,3.295,76.34,-64,SIAGA
NODE_01,1784415618,2026-07-19 06:00:18,17904299,2.028,76.5,-77,SIAGA
NODE_01,1784415678,2026-07-19 06:01:18,24332174,2.757,77.92,-76,SIAGA
NODE_01,1784415738,2026-07-19 06:02:18,26678540,3.023,82.22,-84,SIAGA
NODE_01,1784415798,2026-07-19 06:03:18,27078974,3.068,82.52,-75,SIAGA
NODE_01,1784415858,2026-07-19 06:04:18,27847371,3.155,76.2,-47,SIAGA
NODE_01,1784415918,2026-07-19 06:05:18,22782764,2.581,75.4,-76,SIAGA
NODE_01,1784415978,2026-07-19 06:06:18,26011523,2.947,74.43,-48,SIAGA
NODE_01,1784416038,2026-07-19 06:07:18,29283679,3.318,82.13,-80,SIAGA
NODE_01,1784416098,2026-07-19 06:08:18,26873679,3.045,83.36,-80,SIAGA
NODE_01,1784416158,2026-07-19 06:09:18,23501827,2.663,76.56,-49,SIAGA
NODE_01,1784416218,2026-07-19 06:10:18,18909759,2.142,83.18,-51,SIAGA
NODE_01,1784416278,2026-07-19 06:11:18,25370556,2.874,83.33,-79,SIAGA
NODE_01,1784416338,2026-07-19 06:12:18,23355073,2.646,78.78,-59,SIAGA
NODE_01,1784416398,2026-07-19 06:13:18,26212311,2.97,82.17,-58,SIAGA
NODE_01,1784416458,2026-07-19 06:14:18,30410537,3.445,79.36,-71,SIAGA
NODE_01,1784416518,2026-07-19 06:15:18,16432529,1.862,82.79,-51,SIAGA
NODE_01,1784416578,2026-07-19 06:16:18,19920835,2.257,79.58,-68,SIAGA
NODE_01,1784416638,2026-07-19 06:17:18,31364556,3.553,76.75,-63,SIAGA
NODE_01,1784416698,2026-07-19 06:18:18,25833845,2.927,85.17,-63,SIAGA
NODE_01,1784416758,2026-07-19 06:19:18,17548522,1.988,77.25,-71,SIAGA
NODE_01,1784416818,2026-07-19 06:20:18,20232823,2.292,84.88,-85,SIAGA
NODE_01,1784416878,2026-07-19 06:21:18,30239284,3.426,82.29,-78,SIAGA
NODE_01,1784416938,2026-07-19 06:22:18,25959932,2.941,79.67,-50,SIAGA
NODE_01,1784416998,2026-07-19 06:23:18,22289542,2.525,83.48,-66,SIAGA
NODE_01,1784417058,2026-07-19 06:24:18,22597937,2.56,77.17,-61,SIAGA
NODE_01,1784417118,2026-07-19 06:25:18,16071097,1.821,77.8,-85,SIAGA
NODE_01,1784417178,2026-07-19 06:26:18,17718088,2.007,81.04,-84,SIAGA
NODE_01,1784417238,2026-07-19 06:27:18,24532475,2.779,77.43,-59,SIAGA
NODE_01,1784417298,2026-07-19 06:28:18,24631519,2.791,83.96,-71,SIAGA
NODE_01,1784417358,2026-07-19 06:29:18,24410126,2.766,81.52,-85,SIAGA
NODE_01,1784417418,2026-07-19 06:30:18,20053213,2.272,84.08,-45,SIAGA
NODE_01,1784417478,2026-07-19 06:31:18,25230454,2.859,77.86,-68,SIAGA
NODE_01,1784417538,2026-07-19 06:32:18,16090930,1.823,81.37,-46,SIAGA
NODE_01,1784417598,2026-07-19 06:33:18,25990604,2.945,76.74,-80,SIAGA
NODE_01,1784417658,2026-07-19 06:34:18,28219532,3.197,75.13,-85,SIAGA
NODE_01,1784417718,2026-07-19 06:35:18,30720450,3.481,83.08,-81,SIAGA
NODE_01,1784417778,2026-07-19 06:36:18,29375879,3.328,78.44,-82,SIAGA
NODE_01,1784417838,2026-07-19 06:37:18,29462075,3.338,79.81,-63,SIAGA
NODE_01,1784417898,2026-07-19 06:38:18,20376603,2.309,80.18,-73,SIAGA
NODE_01,1784417958,2026-07-19 06:39:18,29716245,3.367,85.72,-81,SIAGA
NODE_01,1784418018,2026-07-19 06:40:18,25001485,2.833,74.76,-49,SIAGA
NODE_01,1784418078,2026-07-19 06:41:18,14826036,1.68,81.08,-63,SIAGA
NODE_01,1784418138,2026-07-19 06:42:18,23295573,2.639,76.79,-46,SIAGA
NODE_01,1784418198,2026-07-19 06:43:18,20909111,2.369,77.63,-79,SIAGA
NODE_01,1784418258,2026-07-19 06:44:18,14903827,1.689,81.88,-66,SIAGA
NODE_01,1784418318,2026-07-19 06:45:18,26844820,3.041,78.72,-83,SIAGA
NODE_01,1784418378,2026-07-19 06:46:18,20353469,2.306,81.12,-65,SIAGA
NODE_01,1784418438,2026-07-19 06:47:18,23892105,2.707,75.4,-65,SIAGA
NODE_01,1784418498,2026-07-19 06:48:18,23745177,2.69,83.33,-84,SIAGA
NODE_01,1784418558,2026-07-19 06:49:18,21972533,2.489,81.88,-71,SIAGA
NODE_01,1784418618,2026-07-19 06:50:18,19822433,2.246,75.82,-65,SIAGA
NODE_01,1784418678,2026-07-19 06:51:18,26373983,2.988,79.18,-67,SIAGA
NODE_01,1784418738,2026-07-19 06:52:18,17553845,1.989,75.22,-79,SIAGA
NODE_01,1784418798,2026-07-19 06:53:18,30925383,3.504,74.61,-48,SIAGA
NODE_01,1784418858,2026-07-19 06:54:18,28759994,3.258,82.65,-72,SIAGA
NODE_01,1784418918,2026-07-19 06:55:18,19445296,2.203,82.64,-66,SIAGA
NODE_01,1784418978,2026-07-19 06:56:18,16956682,1.921,78.53,-68,SIAGA
NODE_01,1784419038,2026-07-19 06:57:18,31043233,3.517,77.59,-72,SIAGA
NODE_01,1784419098,2026-07-19 06:58:18,24640368,2.792,79.31,-67,SIAGA
NODE_01,1784419158,2026-07-19 06:59:18,19528331,2.212,78.07,-82,SIAGA
NODE_01,1784419218,2026-07-19 07:00:18,21098358,2.39,79.32,-70,SIAGA
NODE_01,1784419278,2026-07-19 07:01:18,29735269,3.369,83.66,-69,SIAGA
NODE_01,1784419338,2026-07-19 07:02:18,17708897,2.006,76.4,-69,SIAGA
NODE_01,1784419398,2026-07-19 07:03:18,20935192,2.372,83.06,-84,SIAGA
NODE_01,1784419458,2026-07-19 07:04:18,17413005,1.973,78.11,-57,SIAGA
NODE_01,1784419518,2026-07-19 07:05:18,28765484,3.259,78.31,-70,SIAGA
NODE_01,1784419578,2026-07-19 07:06:18,17184502,1.947,79.18,-64,SIAGA
NODE_01,1784419638,2026-07-19 07:07:18,22327607,2.53,76.72,-84,SIAGA
NODE_01,1784419698,2026-07-19 07:08:18,18401609,2.085,77.71,-85,SIAGA
NODE_01,1784419758,2026-07-19 07:09:18,21519786,2.438,85.23,-69,SIAGA
NODE_01,1784419818,2026-07-19 07:10:18,23414378,2.653,79.51,-46,SIAGA
NODE_01,1784419878,2026-07-19 07:11:18,18392405,2.084,78.19,-85,SIAGA
NODE_01,1784419938,2026-07-19 07:12:18,21744986,2.464,83.84,-50,SIAGA
NODE_01,1784419998,2026-07-19 07:13:18,19563585,2.216,84.46,-50,SIAGA
NODE_01,1784420058,2026-07-19 07:14:18,30129083,3.414,84.56,-47,SIAGA
NODE_01,1784420118,2026-07-19 07:15:18,26220335,2.971,84.97,-46,SIAGA
NODE_01,1784420178,2026-07-19 07:16:18,21465859,2.432,78.06,-53,SIAGA
NODE_01,1784420238,2026-07-19 07:17:18,23489962,2.661,81.24,-52,SIAGA
NODE_01,1784420298,2026-07-19 07:18:18,24153587,2.737,82.19,-50,SIAGA
NODE_01,1784420358,2026-07-19 07:19:18,19573221,2.218,80.85,-59,SIAGA
NODE_01,1784420418,2026-07-19 07:20:18,22129520,2.507,81.97,-67,SIAGA
NODE_01,1784420478,2026-07-19 07:21:18,23131170,2.621,79.56,-58,SIAGA
NODE_01,1784420538,2026-07-19 07:22:18,22579436,2.558,79.69,-65,SIAGA
NODE_01,1784420598,2026-07-19 07:23:18,19804562,2.244,81.2,-48,SIAGA
NODE_01,1784420658,2026-07-19 07:24:18,23510419,2.664,74.88,-71,SIAGA
NODE_01,1784420718,2026-07-19 07:25:18,24411772,2.766,75.07,-83,SIAGA
NODE_01,1784420778,2026-07-19 07:26:18,23405992,2.652,79.18,-60,SIAGA
NODE_01,1784420838,2026-07-19 07:27:18,17889721,2.027,79.79,-77,SIAGA
NODE_01,1784420898,2026-07-19 07:28:18,21157999,2.397,84.94,-82,SIAGA
NODE_01,1784420958,2026-07-19 07:29:18,18099466,2.051,77.9,-57,SIAGA
NODE_01,1784421018,2026-07-19 07:30:18,29125342,3.3,80.53,-74,SIAGA
NODE_01,1784421078,2026-07-19 07:31:18,17815476,2.018,83.59,-46,SIAGA
NODE_01,1784421138,2026-07-19 07:32:18,23552880,2.668,76.77,-49,SIAGA
NODE_01,1784421198,2026-07-19 07:33:18,29834362,3.38,81.45,-67,SIAGA
NODE_01,1784421258,2026-07-19 07:34:18,18225529,2.065,85.27,-76,SIAGA
NODE_01,1784421318,2026-07-19 07:35:18,19733247,2.236,80.54,-60,SIAGA
NODE_01,1784421378,2026-07-19 07:36:18,26235070,2.972,81.78,-81,SIAGA
NODE_01,1784421438,2026-07-19 07:37:18,20102190,2.278,80.29,-72,SIAGA
NODE_01,1784421498,2026-07-19 07:38:18,27271204,3.09,83.91,-70,SIAGA
NODE_01,1784421558,2026-07-19 07:39:18,24504065,2.776,77.42,-59,SIAGA
NODE_01,1784421618,2026-07-19 07:40:18,23798112,2.696,84.7,-84,SIAGA
NODE_01,1784421678,2026-07-19 07:41:18,31298586,3.546,83.11,-67,SIAGA
NODE_01,1784421738,2026-07-19 07:42:18,20120750,2.28,78.92,-47,SIAGA
NODE_01,1784421798,2026-07-19 07:43:18,24607708,2.788,76.52,-67,SIAGA
NODE_01,1784421858,2026-07-19 07:44:18,25198861,2.855,76.87,-51,SIAGA
NODE_01,1784421918,2026-07-19 07:45:18,28187716,3.194,82.82,-46,SIAGA
NODE_01,1784421978,2026-07-19 07:46:18,20061610,2.273,74.99,-49,SIAGA
NODE_01,1784422038,2026-07-19 07:47:18,23530438,2.666,84.29,-82,SIAGA
NODE_01,1784422098,2026-07-19 07:48:18,23857683,2.703,79.26,-66,SIAGA
NODE_01,1784422158,2026-07-19 07:49:18,18055377,2.046,74.67,-70,SIAGA
NODE_01,1784422218,2026-07-19 07:50:18,26117357,2.959,83.15,-52,SIAGA
NODE_01,1784422278,2026-07-19 07:51:18,31986407,3.624,79.62,-65,SIAGA
NODE_01,1784422338,2026-07-19 07:52:18,23226047,2.631,81.04,-48,SIAGA
NODE_01,1784422398,2026-07-19 07:53:18,20832270,2.36,79.5,-53,SIAGA
NODE_01,1784422458,2026-07-19 07:54:18,17036234,1.93,78.84,-53,SIAGA
NODE_01,1784422518,2026-07-19 07:55:18,19714053,2.234,75.25,-65,SIAGA
NODE_01,1784422578,2026-07-19 07:56:18,31120323,3.526,76.35,-70,SIAGA
NODE_01,1784422638,2026-07-19 07:57:18,25287695,2.865,83.1,-45,SIAGA
NODE_01,1784422698,2026-07-19 07:58:18,20921916,2.37,81.13,-56,SIAGA
NODE_01,1784422758,2026-07-19 07:59:18,25751408,2.918,77.83,-75,SIAGA
NODE_01,1784422818,2026-07-19 08:00:18,16835270,1.907,80.53,-64,SIAGA
NODE_01,1784422878,2026-07-19 08:01:18,24904860,2.822,82.26,-54,SIAGA
NODE_01,1784422938,2026-07-19 08:02:18,24737156,2.803,78.2,-80,SIAGA
NODE_01,1784422998,2026-07-19 08:03:18,17536061,1.987,81.45,-70,SIAGA
NODE_01,1784423058,2026-07-19 08:04:18,26235598,2.972,75.07,-78,SIAGA
NODE_01,1784423118,2026-07-19 08:05:18,29733699,3.369,78.33,-71,SIAGA
NODE_01,1784423178,2026-07-19 08:06:18,18880960,2.139,81.01,-77,SIAGA
NODE_01,1784423238,2026-07-19 08:07:18,22965588,2.602,76.1,-83,SIAGA
NODE_01,1784423298,2026-07-19 08:08:18,21659534,2.454,79.24,-65,SIAGA
NODE_01,1784423358,2026-07-19 08:09:18,24454610,2.771,79.04,-62,SIAGA
NODE_01,1784423418,2026-07-19 08:10:18,28595242,3.24,79.4,-54,SIAGA
NODE_01,1784423478,2026-07-19 08:11:18,19466104,2.205,76.29,-45,SIAGA
NODE_01,1784423538,2026-07-19 08:12:18,26465743,2.998,79.95,-63,SIAGA
NODE_01,1784423598,2026-07-19 08:13:18,24926054,2.824,76.42,-49,SIAGA
NODE_01,1784423658,2026-07-19 08:14:18,18202322,2.062,77.5,-69,SIAGA
NODE_01,1784423718,2026-07-19 08:15:18,21710207,2.46,83.31,-53,SIAGA
NODE_01,1784423778,2026-07-19 08:16:18,26549792,3.008,76.32,-81,SIAGA
NODE_01,1784423838,2026-07-19 08:17:18,20023967,2.269,83.09,-64,SIAGA
NODE_01,1784423898,2026-07-19 08:18:18,17600885,1.994,76.7,-62,SIAGA
NODE_01,1784423958,2026-07-19 08:19:18,26489038,3.001,85.62,-53,SIAGA
NODE_01,1784424018,2026-07-19 08:20:18,22956875,2.601,77.85,-56,SIAGA
NODE_01,1784424078,2026-07-19 08:21:18,29189867,3.307,76.34,-76,SIAGA
NODE_01,1784424138,2026-07-19 08:22:18,25302478,2.867,76.71,-70,SIAGA
NODE_01,1784424198,2026-07-19 08:23:18,23994804,2.719,84.06,-68,SIAGA
NODE_01,1784424258,2026-07-19 08:24:18,26295257,2.979,83.08,-64,SIAGA
NODE_01,1784424318,2026-07-19 08:25:18,30210576,3.423,80.05,-80,SIAGA
NODE_01,1784424378,2026-07-19 08:26:18,29089792,3.296,79.18,-55,SIAGA
NODE_01,1784424438,2026-07-19 08:27:18,21835190,2.474,85.41,-62,SIAGA
NODE_01,1784424498,2026-07-19 08:28:18,15492920,1.755,76.48,-48,SIAGA
NODE_01,1784424558,2026-07-19 08:29:18,22396103,2.537,76.85,-72,SIAGA
NODE_01,1784424618,2026-07-19 08:30:18,18451743,2.091,76.9,-73,SIAGA
NODE_01,1784424678,2026-07-19 08:31:18,28603562,3.241,80.67,-58,SIAGA
NODE_01,1784424738,2026-07-19 08:32:18,23794248,2.696,84.05,-56,SIAGA
NODE_01,1784424798,2026-07-19 08:33:18,28095114,3.183,76.42,-63,SIAGA
NODE_01,1784424858,2026-07-19 08:34:18,18304991,2.074,82.8,-51,SIAGA
NODE_01,1784424918,2026-07-19 08:35:18,26468695,2.999,77.43,-82,SIAGA
NODE_01,1784424978,2026-07-19 08:36:18,26273096,2.977,80.53,-82,SIAGA
NODE_01,1784425038,2026-07-19 08:37:18,29720417,3.367,81.59,-65,SIAGA
NODE_01,1784425098,2026-07-19 08:38:18,18344314,2.078,81.92,-49,SIAGA
NODE_01,1784425158,2026-07-19 08:39:18,29322295,3.322,76.39,-54,SIAGA
NODE_01,1784425218,2026-07-19 08:40:18,16707466,1.893,75.14,-62,SIAGA
NODE_01,1784425278,2026-07-19 08:41:18,14839630,1.681,77.83,-64,SIAGA
NODE_01,1784425338,2026-07-19 08:42:18,26911463,3.049,84.23,-80,SIAGA
NODE_01,1784425398,2026-07-19 08:43:18,17592136,1.993,81.58,-53,SIAGA
NODE_01,1784425458,2026-07-19 08:44:18,20448300,2.317,81.81,-48,SIAGA
NODE_01,1784425518,2026-07-19 08:45:18,16992363,1.925,80.09,-75,SIAGA
NODE_01,1784425578,2026-07-19 08:46:18,28011315,3.174,78.03,-67,SIAGA
NODE_01,1784425638,2026-07-19 08:47:18,17122344,1.94,75.87,-48,SIAGA
NODE_01,1784425698,2026-07-19 08:48:18,20924076,2.371,75.87,-46,SIAGA
NODE_01,1784425758,2026-07-19 08:49:18,29766382,3.372,77.77,-45,SIAGA
NODE_01,1784425818,2026-07-19 08:50:18,27774841,3.147,79.66,-67,SIAGA
NODE_01,1784425878,2026-07-19 08:51:18,30735723,3.482,80.38,-60,SIAGA
NODE_01,1784425938,2026-07-19 08:52:18,16670131,1.889,85.42,-58,SIAGA
NODE_01,1784425998,2026-07-19 08:53:18,26429332,2.994,82.42,-65,SIAGA
NODE_01,1784426058,2026-07-19 08:54:18,26338250,2.984,76.49,-80,SIAGA
NODE_01,1784426118,2026-07-19 08:55:18,18242147,2.067,84.41,-80,SIAGA
NODE_01,1784426178,2026-07-19 08:56:18,18604198,2.108,82.37,-85,SIAGA
NODE_01,1784426238,2026-07-19 08:57:18,31349154,3.552,82.0,-48,SIAGA
NODE_01,1784426298,2026-07-19 08:58:18,28467585,3.225,84.6,-81,SIAGA
NODE_01,1784426358,2026-07-19 08:59:18,19837359,2.248,78.33,-72,SIAGA
NODE_01,1784426418,2026-07-19 09:00:18,24562569,2.783,81.27,-53,SIAGA
NODE_01,1784426478,2026-07-19 09:01:18,28722558,3.254,74.93,-65,SIAGA
NODE_01,1784426538,2026-07-19 09:02:18,19396779,2.198,76.2,-54,SIAGA
NODE_01,1784426598,2026-07-19 09:03:18,16525696,1.872,78.89,-50,SIAGA
NODE_01,1784426658,2026-07-19 09:04:18,28492551,3.228,77.14,-51,SIAGA
NODE_01,1784426718,2026-07-19 09:05:18,25545828,2.894,78.64,-67,SIAGA
NODE_01,1784426778,2026-07-19 09:06:18,28181644,3.193,78.41,-46,SIAGA
NODE_01,1784426838,2026-07-19 09:07:18,15325264,1.736,83.49,-47,SIAGA
NODE_01,1784426898,2026-07-19 09:08:18,28074993,3.181,78.62,-60,SIAGA
NODE_01,1784426958,2026-07-19 09:09:18,20073835,2.274,81.49,-68,SIAGA
NODE_01,1784427018,2026-07-19 09:10:18,27611045,3.128,84.08,-73,SIAGA
NODE_01,1784427078,2026-07-19 09:11:18,20382449,2.309,76.45,-67,SIAGA
NODE_01,1784427138,2026-07-19 09:12:18,29140896,3.302,82.78,-63,SIAGA
NODE_01,1784427198,2026-07-19 09:13:18,24258776,2.748,77.83,-79,SIAGA
NODE_01,1784427258,2026-07-19 09:14:18,19622083,2.223,78.15,-68,SIAGA
NODE_01,1784427318,2026-07-19 09:15:18,15583076,1.766,84.54,-79,SIAGA
NODE_01,1784427378,2026-07-19 09:16:18,22354999,2.533,80.41,-70,SIAGA
NODE_01,1784427438,2026-07-19 09:17:18,22932106,2.598,75.4,-83,SIAGA
NODE_01,1784427498,2026-07-19 09:18:18,28826918,3.266,79.49,-56,SIAGA
NODE_01,1784427558,2026-07-19 09:19:18,24842255,2.815,82.29,-77,SIAGA
NODE_01,1784427618,2026-07-19 09:20:18,17842485,2.021,80.21,-61,SIAGA
NODE_01,1784427678,2026-07-19 09:21:18,24348658,2.759,77.16,-74,SIAGA
NODE_01,1784427738,2026-07-19 09:22:18,27476986,3.113,82.48,-74,SIAGA
NODE_01,1784427798,2026-07-19 09:23:18,30793271,3.489,85.22,-54,SIAGA
NODE_01,1784427858,2026-07-19 09:24:18,25449409,2.883,84.07,-62,SIAGA
NODE_01,1784427918,2026-07-19 09:25:18,21890881,2.48,83.32,-82,SIAGA
NODE_01,1784427978,2026-07-19 09:26:18,20091806,2.276,79.41,-52,SIAGA
NODE_01,1784428038,2026-07-19 09:27:18,22348811,2.532,79.02,-52,SIAGA
NODE_01,1784428098,2026-07-19 09:28:18,20854931,2.363,77.13,-47,SIAGA
NODE_01,1784428158,2026-07-19 09:29:18,18797833,2.13,83.1,-81,SIAGA
NODE_01,1784428218,2026-07-19 09:30:18,18337545,2.078,84.72,-51,SIAGA
NODE_01,1784428278,2026-07-19 09:31:18,17566467,1.99,79.54,-52,SIAGA
NODE_01,1784428338,2026-07-19 09:32:18,30327102,3.436,79.82,-56,SIAGA
NODE_01,1784428398,2026-07-19 09:33:18,20294386,2.299,75.81,-65,SIAGA
NODE_01,1784428458,2026-07-19 09:34:18,21788787,2.469,81.12,-60,SIAGA
NODE_01,1784428518,2026-07-19 09:35:18,23536832,2.667,79.96,-45,SIAGA
NODE_01,1784428578,2026-07-19 09:36:18,15470824,1.753,78.16,-68,SIAGA
NODE_01,1784428638,2026-07-19 09:37:18,29988522,3.398,76.16,-62,SIAGA
NODE_01,1784428698,2026-07-19 09:38:18,20957961,2.374,80.58,-71,SIAGA
NODE_01,1784428758,2026-07-19 09:39:18,26239618,2.973,83.31,-69,SIAGA
NODE_01,1784428818,2026-07-19 09:40:18,31679083,3.589,74.87,-69,SIAGA
NODE_01,1784428878,2026-07-19 09:41:18,17537662,1.987,83.38,-72,SIAGA
NODE_01,1784428938,2026-07-19 09:42:18,21252439,2.408,75.18,-52,SIAGA
NODE_01,1784428998,2026-07-19 09:43:18,30573630,3.464,81.12,-58,SIAGA
NODE_01,1784429058,2026-07-19 09:44:18,21244418,2.407,77.41,-57,SIAGA
NODE_01,1784429118,2026-07-19 09:45:18,23234203,2.632,81.65,-66,SIAGA
NODE_01,1784429178,2026-07-19 09:46:18,23486899,2.661,82.14,-60,SIAGA
NODE_01,1784429238,2026-07-19 09:47:18,14812044,1.678,79.26,-71,SIAGA
NODE_01,1784429298,2026-07-19 09:48:18,26689215,3.024,76.87,-62,SIAGA
NODE_01,1784429358,2026-07-19 09:49:18,18057322,2.046,84.46,-76,SIAGA
NODE_01,1784429418,2026-07-19 09:50:18,28814418,3.265,85.04,-51,SIAGA
NODE_01,1784429478,2026-07-19 09:51:18,27336658,3.097,76.12,-80,SIAGA
NODE_01,1784429538,2026-07-19 09:52:18,24552461,2.782,84.77,-47,SIAGA
NODE_01,1784429598,2026-07-19 09:53:18,27864601,3.157,79.41,-84,SIAGA
NODE_01,1784429658,2026-07-19 09:54:18,20645856,2.339,83.9,-45,SIAGA
NODE_01,1784429718,2026-07-19 09:55:18,18370851,2.081,84.84,-64,SIAGA
NODE_01,1784429778,2026-07-19 09:56:18,22862664,2.59,77.04,-75,SIAGA
NODE_01,1784429838,2026-07-19 09:57:18,29026812,3.289,83.07,-49,SIAGA
NODE_01,1784429898,2026-07-19 09:58:18,22225305,2.518,81.49,-84,SIAGA
NODE_01,1784429958,2026-07-19 09:59:18,21258645,2.409,76.67,-77,SIAGA
NODE_01,1784430018,2026-07-19 10:00:18,19396309,2.198,81.78,-65,SIAGA
NODE_01,1784430078,2026-07-19 10:01:18,28439805,3.222,80.19,-50,SIAGA
NODE_01,1784430138,2026-07-19 10:02:18,28874862,3.271,79.9,-78,SIAGA
NODE_01,1784430198,2026-07-19 10:03:18,20135527,2.281,79.59,-79,SIAGA
NODE_01,1784430258,2026-07-19 10:04:18,20972392,2.376,81.42,-53,SIAGA
NODE_01,1784430318,2026-07-19 10:05:18,18976849,2.15,76.06,-48,SIAGA
NODE_01,1784430378,2026-07-19 10:06:18,26439827,2.996,78.16,-85,SIAGA
NODE_01,1784430438,2026-07-19 10:07:18,21787651,2.468,78.1,-61,SIAGA
NODE_01,1784430498,2026-07-19 10:08:18,25312011,2.868,82.84,-62,SIAGA
NODE_01,1784430558,2026-07-19 10:09:18,22969637,2.602,83.14,-68,SIAGA
NODE_01,1784430618,2026-07-19 10:10:18,21805482,2.47,82.0,-57,SIAGA
NODE_01,1784430678,2026-07-19 10:11:18,24657706,2.794,77.08,-74,SIAGA
NODE_01,1784430738,2026-07-19 10:12:18,18571159,2.104,77.52,-75,SIAGA
NODE_01,1784430798,2026-07-19 10:13:18,19296161,2.186,80.48,-67,SIAGA
NODE_01,1784430858,2026-07-19 10:14:18,20133590,2.281,81.47,-62,SIAGA
NODE_01,1784430918,2026-07-19 10:15:18,22761595,2.579,83.13,-69,SIAGA
NODE_01,1784430978,2026-07-19 10:16:18,20139802,2.282,77.26,-78,SIAGA
NODE_01,1784431038,2026-07-19 10:17:18,26428760,2.994,80.75,-78,SIAGA
NODE_01,1784431098,2026-07-19 10:18:18,25118131,2.846,76.67,-68,SIAGA
NODE_01,1784431158,2026-07-19 10:19:18,20574618,2.331,82.36,-59,SIAGA
NODE_01,1784431218,2026-07-19 10:20:18,27724062,3.141,75.99,-71,SIAGA
NODE_01,1784431278,2026-07-19 10:21:18,19082315,2.162,83.78,-46,SIAGA
NODE_01,1784431338,2026-07-19 10:22:18,26611293,3.015,84.93,-64,SIAGA
NODE_01,1784431398,2026-07-19 10:23:18,29256656,3.315,79.64,-85,SIAGA
NODE_01,1784431458,2026-07-19 10:24:18,18409285,2.086,84.82,-67,SIAGA
NODE_01,1784431518,2026-07-19 10:25:18,28159278,3.19,79.04,-62,SIAGA
NODE_01,1784431578,2026-07-19 10:26:18,29216439,3.31,75.37,-55,SIAGA
NODE_01,1784431638,2026-07-19 10:27:18,16839084,1.908,76.69,-69,SIAGA
NODE_01,1784431698,2026-07-19 10:28:18,27169849,3.078,83.0,-49,SIAGA
NODE_01,1784431758,2026-07-19 10:29:18,24367472,2.761,77.98,-67,SIAGA
NODE_01,1784431818,2026-07-19 10:30:18,19226497,2.178,75.77,-66,SIAGA
NODE_01,1784431878,2026-07-19 10:31:18,15961910,1.808,77.61,-82,SIAGA
NODE_01,1784431938,2026-07-19 10:32:18,18294298,2.073,85.49,-61,SIAGA
NODE_01,1784431998,2026-07-19 10:33:18,20735290,2.349,78.7,-80,SIAGA
NODE_01,1784432058,2026-07-19 10:34:18,24903319,2.821,75.95,-82,SIAGA
NODE_01,1784432118,2026-07-19 10:35:18,19912454,2.256,81.02,-66,SIAGA
NODE_01,1784432178,2026-07-19 10:36:18,16883108,1.913,76.48,-81,SIAGA
NODE_01,1784432238,2026-07-19 10:37:18,23677000,2.683,76.18,-76,SIAGA
NODE_01,1784432298,2026-07-19 10:38:18,25945648,2.94,79.93,-83,SIAGA
NODE_01,1784432358,2026-07-19 10:39:18,15105201,1.711,84.76,-78,SIAGA
NODE_01,1784432418,2026-07-19 10:40:18,17347709,1.965,79.23,-46,SIAGA
NODE_01,1784432478,2026-07-19 10:41:18,28467948,3.225,74.86,-73,SIAGA
NODE_01,1784432538,2026-07-19 10:42:18,20469777,2.319,77.88,-75,SIAGA
NODE_01,1784432598,2026-07-19 10:43:18,30686796,3.477,74.79,-82,SIAGA
NODE_01,1784432658,2026-07-19 10:44:18,30735844,3.482,76.74,-54,SIAGA
NODE_01,1784432718,2026-07-19 10:45:18,26998500,3.059,79.6,-65,SIAGA
NODE_01,1784432778,2026-07-19 10:46:18,28020845,3.175,78.93,-82,SIAGA
NODE_01,1784432838,2026-07-19 10:47:18,31778263,3.6,81.61,-84,SIAGA
NODE_01,1784432898,2026-07-19 10:48:18,27723152,3.141,80.21,-55,SIAGA
NODE_01,1784432958,2026-07-19 10:49:18,23015294,2.608,79.49,-67,SIAGA
NODE_01,1784433018,2026-07-19 10:50:18,29266627,3.316,79.82,-48,SIAGA
NODE_01,1784433078,2026-07-19 10:51:18,21405805,2.425,77.57,-83,SIAGA
NODE_01,1784433138,2026-07-19 10:52:18,25394931,2.877,76.79,-76,SIAGA
NODE_01,1784433198,2026-07-19 10:53:18,15718929,1.781,75.37,-55,SIAGA
NODE_01,1784433258,2026-07-19 10:54:18,21967829,2.489,85.61,-49,SIAGA
NODE_01,1784433318,2026-07-19 10:55:18,14891399,1.687,83.22,-66,SIAGA
NODE_01,1784433378,2026-07-19 10:56:18,20352993,2.306,79.83,-64,SIAGA
NODE_01,1784433438,2026-07-19 10:57:18,23724321,2.688,77.7,-64,SIAGA
NODE_01,1784433498,2026-07-19 10:58:18,18287343,2.072,81.5,-65,SIAGA
NODE_01,1784433558,2026-07-19 10:59:18,22627677,2.564,81.61,-82,SIAGA
NODE_01,1784433618,2026-07-19 11:00:18,30405603,3.445,83.67,-76,SIAGA
NODE_01,1784433678,2026-07-19 11:01:18,22656162,2.567,84.16,-52,SIAGA
NODE_01,1784433738,2026-07-19 11:02:18,16986476,1.925,76.63,-75,SIAGA
NODE_01,1784433798,2026-07-19 11:03:18,16796399,1.903,77.67,-47,SIAGA
NODE_01,1784433858,2026-07-19 11:04:18,29088558,3.296,76.51,-73,SIAGA
NODE_01,1784433918,2026-07-19 11:05:18,20334799,2.304,76.52,-68,SIAGA
NODE_01,1784433978,2026-07-19 11:06:18,27307778,3.094,83.17,-46,SIAGA
NODE_01,1784434038,2026-07-19 11:07:18,26018919,2.948,82.05,-57,SIAGA
NODE_01,1784434098,2026-07-19 11:08:18,25577838,2.898,84.29,-76,SIAGA
NODE_01,1784434158,2026-07-19 11:09:18,20086219,2.276,79.74,-75,SIAGA
NODE_01,1784434218,2026-07-19 11:10:18,21869899,2.478,82.52,-84,SIAGA
NODE_01,1784434278,2026-07-19 11:11:18,16860176,1.91,85.48,-70,SIAGA
NODE_01,1784434338,2026-07-19 11:12:18,31511921,3.57,79.12,-60,SIAGA
NODE_01,1784434398,2026-07-19 11:13:18,21996951,2.492,81.87,-69,SIAGA
NODE_01,1784434458,2026-07-19 11:14:18,20256614,2.295,76.07,-65,SIAGA
NODE_01,1784434518,2026-07-19 11:15:18,25274457,2.864,80.97,-59,SIAGA
NODE_01,1784434578,2026-07-19 11:16:18,16157720,1.831,82.16,-45,SIAGA
NODE_01,1784434638,2026-07-19 11:17:18,19402157,2.198,84.06,-47,SIAGA
NODE_01,1784434698,2026-07-19 11:18:18,16776220,1.901,81.87,-75,SIAGA
NODE_01,1784434758,2026-07-19 11:19:18,21112465,2.392,78.92,-58,SIAGA
NODE_01,1784434818,2026-07-19 11:20:18,24781677,2.808,76.82,-65,SIAGA
NODE_01,1784434878,2026-07-19 11:21:18,21015286,2.381,76.85,-60,SIAGA
NODE_01,1784434938,2026-07-19 11:22:18,17279133,1.958,79.34,-53,SIAGA
NODE_01,1784434998,2026-07-19 11:23:18,22301052,2.527,75.19,-58,SIAGA
NODE_01,1784435058,2026-07-19 11:24:18,16342074,1.852,79.42,-72,SIAGA
NODE_01,1784435118,2026-07-19 11:25:18,29111741,3.298,81.2,-80,SIAGA
NODE_01,1784435178,2026-07-19 11:26:18,29648519,3.359,78.92,-55,SIAGA
NODE_01,1784435238,2026-07-19 11:27:18,20787448,2.355,82.66,-80,SIAGA
NODE_01,1784435298,2026-07-19 11:28:18,20969471,2.376,81.87,-75,SIAGA
NODE_01,1784435358,2026-07-19 11:29:18,28128236,3.187,77.75,-77,SIAGA
NODE_01,1784435418,2026-07-19 11:30:18,22503967,2.55,83.32,-57,SIAGA
NODE_01,1784435478,2026-07-19 11:31:18,27546661,3.121,83.71,-80,SIAGA
NODE_01,1784435538,2026-07-19 11:32:18,28276634,3.204,82.97,-48,SIAGA
NODE_01,1784435598,2026-07-19 11:33:18,20879043,2.366,85.21,-58,SIAGA
NODE_01,1784435658,2026-07-19 11:34:18,16110984,1.825,81.11,-60,SIAGA
NODE_01,1784435718,2026-07-19 11:35:18,16801560,1.904,80.6,-58,SIAGA
NODE_01,1784435778,2026-07-19 11:36:18,25448888,2.883,79.77,-69,SIAGA
NODE_01,1784435838,2026-07-19 11:37:18,30827077,3.493,76.66,-47,SIAGA
NODE_01,1784435898,2026-07-19 11:38:18,28729470,3.255,80.47,-68,SIAGA
NODE_01,1784435958,2026-07-19 11:39:18,19496271,2.209,74.7,-81,SIAGA
NODE_01,1784436018,2026-07-19 11:40:18,17078902,1.935,78.33,-59,SIAGA
NODE_01,1784436078,2026-07-19 11:41:18,30523781,3.458,77.43,-58,SIAGA
NODE_01,1784436138,2026-07-19 11:42:18,20580638,2.332,81.41,-79,SIAGA
NODE_01,1784436198,2026-07-19 11:43:18,20467616,2.319,80.39,-81,SIAGA
NODE_01,1784436258,2026-07-19 11:44:18,21020449,2.382,81.26,-65,SIAGA
NODE_01,1784436318,2026-07-19 11:45:18,17693119,2.005,80.11,-78,SIAGA
NODE_01,1784436378,2026-07-19 11:46:18,24911633,2.822,78.56,-55,SIAGA
NODE_01,1784436438,2026-07-19 11:47:18,29014247,3.287,79.73,-53,SIAGA
NODE_01,1784436498,2026-07-19 11:48:18,30518853,3.458,76.46,-73,SIAGA
NODE_01,1784436558,2026-07-19 11:49:18,26844114,3.041,80.38,-82,SIAGA
NODE_01,1784436618,2026-07-19 11:50:18,29053939,3.292,85.07,-58,SIAGA
NODE_01,1784436678,2026-07-19 11:51:18,24257574,2.748,82.68,-50,SIAGA
NODE_01,1784436738,2026-07-19 11:52:18,30645856,3.472,83.45,-48,SIAGA
NODE_01,1784436798,2026-07-19 11:53:18,20584068,2.332,83.61,-73,SIAGA
NODE_01,1784436858,2026-07-19 11:54:18,31266044,3.542,76.4,-49,SIAGA
NODE_01,1784436918,2026-07-19 11:55:18,27533515,3.119,78.32,-84,SIAGA
NODE_01,1784436978,2026-07-19 11:56:18,19166322,2.171,81.95,-66,SIAGA
NODE_01,1784437038,2026-07-19 11:57:18,29468738,3.339,84.29,-78,SIAGA
NODE_01,1784437098,2026-07-19 11:58:18,17843511,2.022,80.81,-81,SIAGA
NODE_01,1784437158,2026-07-19 11:59:18,16907797,1.916,82.4,-81,SIAGA
NODE_01,1784437218,2026-07-19 12:00:18,17788602,2.015,84.24,-73,SIAGA
NODE_01,1784437278,2026-07-19 12:01:18,15246461,1.727,78.72,-74,SIAGA
NODE_01,1784437338,2026-07-19 12:02:18,24736512,2.803,77.13,-54,SIAGA
NODE_01,1784437398,2026-07-19 12:03:18,18218993,2.064,83.8,-82,SIAGA
NODE_01,1784437458,2026-07-19 12:04:18,25270576,2.863,83.58,-62,SIAGA
NODE_01,1784437518,2026-07-19 12:05:18,18405841,2.085,77.86,-47,SIAGA
NODE_01,1784437578,2026-07-19 12:06:18,22250090,2.521,81.82,-82,SIAGA
NODE_01,1784437638,2026-07-19 12:07:18,22441407,2.543,77.03,-85,SIAGA
NODE_01,1784437698,2026-07-19 12:08:18,16574298,1.878,79.62,-55,SIAGA
NODE_01,1784437758,2026-07-19 12:09:18,20338103,2.304,84.27,-75,SIAGA
NODE_01,1784437818,2026-07-19 12:10:18,27086127,3.069,74.92,-59,SIAGA
NODE_01,1784437878,2026-07-19 12:11:18,25816041,2.925,83.4,-45,SIAGA
NODE_01,1784437938,2026-07-19 12:12:18,24532806,2.779,79.28,-54,SIAGA
NODE_01,1784437998,2026-07-19 12:13:18,20282279,2.298,80.73,-60,SIAGA
NODE_01,1784438058,2026-07-19 12:14:18,15637987,1.772,75.55,-75,SIAGA
NODE_01,1784438118,2026-07-19 12:15:18,23779608,2.694,78.16,-54,SIAGA
NODE_01,1784438178,2026-07-19 12:16:18,18851559,2.136,80.86,-68,SIAGA
NODE_01,1784438238,2026-07-19 12:17:18,27450180,3.11,78.4,-50,SIAGA
NODE_01,1784438298,2026-07-19 12:18:18,24583457,2.785,77.23,-65,SIAGA
NODE_01,1784438358,2026-07-19 12:19:18,17590081,1.993,81.53,-80,SIAGA
NODE_01,1784438418,2026-07-19 12:20:18,24774671,2.807,75.49,-81,SIAGA
NODE_01,1784438478,2026-07-19 12:21:18,21254891,2.408,82.3,-68,SIAGA
NODE_01,1784438538,2026-07-19 12:22:18,17721849,2.008,79.53,-53,SIAGA
NODE_01,1784438598,2026-07-19 12:23:18,23075565,2.614,82.13,-65,SIAGA
NODE_01,1784438658,2026-07-19 12:24:18,29392373,3.33,76.49,-52,SIAGA
NODE_01,1784438718,2026-07-19 12:25:18,23055717,2.612,75.17,-59,SIAGA
NODE_01,1784438778,2026-07-19 12:26:18,29037118,3.29,77.77,-60,SIAGA
NODE_01,1784438838,2026-07-19 12:27:18,24129225,2.734,78.1,-80,SIAGA
NODE_01,1784438898,2026-07-19 12:28:18,17054989,1.932,83.64,-84,SIAGA
NODE_01,1784438958,2026-07-19 12:29:18,18681195,2.117,78.4,-48,SIAGA
NODE_01,1784439018,2026-07-19 12:30:18,20247186,2.294,84.64,-62,SIAGA
NODE_01,1784439078,2026-07-19 12:31:18,18904678,2.142,82.95,-79,SIAGA
NODE_01,1784439138,2026-07-19 12:32:18,26120108,2.959,83.63,-75,SIAGA
NODE_01,1784439198,2026-07-19 12:33:18,20620154,2.336,84.1,-55,SIAGA
NODE_01,1784439258,2026-07-19 12:34:18,20474856,2.32,78.45,-60,SIAGA
NODE_01,1784439318,2026-07-19 12:35:18,18262380,2.069,77.77,-48,SIAGA
NODE_01,1784439378,2026-07-19 12:36:18,17131501,1.941,79.61,-67,SIAGA
NODE_01,1784439438,2026-07-19 12:37:18,24864846,2.817,83.92,-81,SIAGA
NODE_01,1784439498,2026-07-19 12:38:18,20273002,2.297,78.61,-52,SIAGA
NODE_01,1784439558,2026-07-19 12:39:18,19096014,2.164,76.53,-63,SIAGA
NODE_01,1784439618,2026-07-19 12:40:18,22336012,2.531,79.19,-80,SIAGA
NODE_01,1784439678,2026-07-19 12:41:18,26221973,2.971,77.0,-60,SIAGA
NODE_01,1784439738,2026-07-19 12:42:18,23708388,2.686,79.37,-84,SIAGA
NODE_01,1784439798,2026-07-19 12:43:18,26512304,3.004,77.38,-45,SIAGA
NODE_01,1784439858,2026-07-19 12:44:18,26551170,3.008,76.77,-77,SIAGA
NODE_01,1784439918,2026-07-19 12:45:18,23465546,2.659,75.05,-68,SIAGA
NODE_01,1784439978,2026-07-19 12:46:18,22460296,2.545,77.67,-82,SIAGA
NODE_01,1784440038,2026-07-19 12:47:18,18812220,2.131,83.38,-81,SIAGA
NODE_01,1784440098,2026-07-19 12:48:18,15645934,1.773,81.19,-69,SIAGA
NODE_01,1784440158,2026-07-19 12:49:18,25454355,2.884,74.87,-74,SIAGA
NODE_01,1784440218,2026-07-19 12:50:18,25703344,2.912,84.67,-48,SIAGA
NODE_01,1784440278,2026-07-19 12:51:18,30776358,3.487,80.6,-65,SIAGA
NODE_01,1784440338,2026-07-19 12:52:18,22676617,2.569,80.98,-52,SIAGA
NODE_01,1784440398,2026-07-19 12:53:18,23352141,2.646,77.41,-80,SIAGA
NODE_01,1784440458,2026-07-19 12:54:18,17333846,1.964,81.25,-59,SIAGA
NODE_01,1784440518,2026-07-19 12:55:18,18487822,2.095,80.83,-56,SIAGA
NODE_01,1784440578,2026-07-19 12:56:18,16185321,1.834,82.51,-75,SIAGA
NODE_01,1784440638,2026-07-19 12:57:18,18953658,2.147,79.41,-45,SIAGA
NODE_01,1784440698,2026-07-19 12:58:18,18569209,2.104,76.38,-78,SIAGA
NODE_01,1784440758,2026-07-19 12:59:18,24265807,2.749,78.34,-85,SIAGA
NODE_01,1784440818,2026-07-19 13:00:18,17307035,1.961,76.51,-76,SIAGA
NODE_01,1784440878,2026-07-19 13:01:18,26035739,2.95,80.74,-69,SIAGA
NODE_01,1784440938,2026-07-19 13:02:18,24522617,2.778,84.84,-52,SIAGA
NODE_01,1784440998,2026-07-19 13:03:18,30813470,3.491,82.05,-66,SIAGA
NODE_01,1784441058,2026-07-19 13:04:18,26591583,3.013,84.57,-61,SIAGA
NODE_01,1784441118,2026-07-19 13:05:18,24751772,2.804,84.39,-76,SIAGA
NODE_01,1784441178,2026-07-19 13:06:18,27685178,3.137,82.96,-74,SIAGA
NODE_01,1784441238,2026-07-19 13:07:18,26862512,3.043,75.58,-49,SIAGA
NODE_01,1784441298,2026-07-19 13:08:18,21252013,2.408,84.1,-57,SIAGA
NODE_01,1784441358,2026-07-19 13:09:18,27270917,3.09,83.22,-67,SIAGA
NODE_01,1784441418,2026-07-19 13:10:18,28109547,3.185,85.03,-62,SIAGA
NODE_01,1784441478,2026-07-19 13:11:18,17097727,1.937,79.11,-65,SIAGA
NODE_01,1784441538,2026-07-19 13:12:18,21054223,2.385,85.56,-79,SIAGA
NODE_01,1784441598,2026-07-19 13:13:18,20707894,2.346,79.98,-79,SIAGA
NODE_01,1784441658,2026-07-19 13:14:18,15311547,1.735,76.49,-62,SIAGA
NODE_01,1784441718,2026-07-19 13:15:18,25828341,2.926,79.79,-46,SIAGA
NODE_01,1784441778,2026-07-19 13:16:18,30040639,3.403,79.48,-59,SIAGA
NODE_01,1784441838,2026-07-19 13:17:18,18173200,2.059,77.66,-46,SIAGA
NODE_01,1784441898,2026-07-19 13:18:18,28011571,3.174,77.68,-83,SIAGA
NODE_01,1784441958,2026-07-19 13:19:18,24084688,2.729,77.53,-84,SIAGA
NODE_01,1784442018,2026-07-19 13:20:18,20053357,2.272,80.85,-61,SIAGA
NODE_01,1784442078,2026-07-19 13:21:18,17040855,1.931,78.38,-84,SIAGA
NODE_01,1784442138,2026-07-19 13:22:18,26510512,3.004,83.16,-66,SIAGA
NODE_01,1784442198,2026-07-19 13:23:18,21626339,2.45,77.16,-69,SIAGA
NODE_01,1784442258,2026-07-19 13:24:18,27438418,3.109,80.3,-71,SIAGA
NODE_01,1784442318,2026-07-19 13:25:18,25269298,2.863,83.46,-73,SIAGA
NODE_01,1784442378,2026-07-19 13:26:18,21639178,2.452,83.14,-77,SIAGA
NODE_01,1784442438,2026-07-19 13:27:18,27662055,3.134,83.57,-58,SIAGA
NODE_01,1784442498,2026-07-19 13:28:18,22661212,2.567,84.15,-65,SIAGA
NODE_01,1784442558,2026-07-19 13:29:18,23357919,2.646,80.62,-64,SIAGA
NODE_01,1784442618,2026-07-19 13:30:18,23386264,2.65,83.08,-67,SIAGA
NODE_01,1784442678,2026-07-19 13:31:18,27772519,3.147,83.07,-76,SIAGA
NODE_01,1784442738,2026-07-19 13:32:18,30145684,3.415,82.1,-75,SIAGA
NODE_01,1784442798,2026-07-19 13:33:18,28295150,3.206,80.82,-79,SIAGA
NODE_01,1784442858,2026-07-19 13:34:18,28004988,3.173,82.29,-76,SIAGA
NODE_01,1784442918,2026-07-19 13:35:18,23617701,2.676,83.91,-55,SIAGA
NODE_01,1784442978,2026-07-19 13:36:18,23916758,2.71,79.33,-51,SIAGA
NODE_01,1784443038,2026-07-19 13:37:18,30218897,3.424,81.93,-60,SIAGA
NODE_01,1784443098,2026-07-19 13:38:18,29511156,3.344,82.18,-68,SIAGA
NODE_01,1784443158,2026-07-19 13:39:18,20232192,2.292,81.29,-70,SIAGA
NODE_01,1784443218,2026-07-19 13:40:18,23985916,2.718,84.01,-54,SIAGA
NODE_01,1784443278,2026-07-19 13:41:18,19957048,2.261,75.16,-77,SIAGA
NODE_01,1784443338,2026-07-19 13:42:18,24240280,2.746,84.62,-72,SIAGA
NODE_01,1784443398,2026-07-19 13:43:18,22313528,2.528,83.87,-80,SIAGA
NODE_01,1784443458,2026-07-19 13:44:18,25380714,2.876,80.64,-69,SIAGA
NODE_01,1784443518,2026-07-19 13:45:18,25537527,2.893,83.32,-57,SIAGA
NODE_01,1784443578,2026-07-19 13:46:18,16680148,1.89,83.37,-64,SIAGA
NODE_01,1784443638,2026-07-19 13:47:18,18693425,2.118,77.08,-69,SIAGA
NODE_01,1784443698,2026-07-19 13:48:18,27265663,3.089,76.69,-67,SIAGA
NODE_01,1784443758,2026-07-19 13:49:18,27907135,3.162,83.37,-71,SIAGA
NODE_01,1784443818,2026-07-19 13:50:18,20530493,2.326,81.26,-46,SIAGA
NODE_01,1784443878,2026-07-19 13:51:18,22892789,2.594,85.29,-74,SIAGA
NODE_01,1784443938,2026-07-19 13:52:18,23123094,2.62,76.86,-66,SIAGA
NODE_01,1784443998,2026-07-19 13:53:18,28475442,3.226,76.74,-79,SIAGA
NODE_01,1784444058,2026-07-19 13:54:18,28042359,3.177,83.45,-65,SIAGA
NODE_01,1784444118,2026-07-19 13:55:18,29497868,3.342,83.8,-72,SIAGA
NODE_01,1784444178,2026-07-19 13:56:18,25713539,2.913,75.52,-70,SIAGA
NODE_01,1784444238,2026-07-19 13:57:18,28593808,3.24,78.92,-77,SIAGA
NODE_01,1784444298,2026-07-19 13:58:18,29236140,3.312,83.45,-80,SIAGA
NODE_01,1784444358,2026-07-19 13:59:18,18499964,2.096,81.02,-62,SIAGA
NODE_01,1784444418,2026-07-19 14:00:18,23141688,2.622,82.81,-46,SIAGA
NODE_01,1784444478,2026-07-19 14:01:18,30868102,3.497,83.18,-79,SIAGA
NODE_01,1784444538,2026-07-19 14:02:18,26982586,3.057,78.05,-76,SIAGA
NODE_01,1784444598,2026-07-19 14:03:18,19100897,2.164,82.3,-52,SIAGA
NODE_01,1784444658,2026-07-19 14:04:18,18731603,2.122,78.39,-75,SIAGA
NODE_01,1784444718,2026-07-19 14:05:18,20775285,2.354,83.79,-79,SIAGA
NODE_01,1784444778,2026-07-19 14:06:18,30362057,3.44,77.48,-74,SIAGA
NODE_01,1784444838,2026-07-19 14:07:18,17953951,2.034,82.71,-82,SIAGA
NODE_01,1784444898,2026-07-19 14:08:18,30264662,3.429,76.54,-67,SIAGA
NODE_01,1784444958,2026-07-19 14:09:18,17620493,1.996,77.21,-81,SIAGA
NODE_01,1784445018,2026-07-19 14:10:18,25735502,2.916,81.6,-48,SIAGA
NODE_01,1784445078,2026-07-19 14:11:18,20586905,2.332,78.31,-45,SIAGA
NODE_01,1784445138,2026-07-19 14:12:18,24967122,2.829,84.65,-47,SIAGA
NODE_01,1784445198,2026-07-19 14:13:18,29104520,3.297,82.37,-74,SIAGA
NODE_01,1784445258,2026-07-19 14:14:18,19140675,2.169,79.68,-85,SIAGA
NODE_01,1784445318,2026-07-19 14:15:18,26765200,3.032,84.79,-66,SIAGA
NODE_01,1784445378,2026-07-19 14:16:18,19109523,2.165,75.95,-52,SIAGA
NODE_01,1784445438,2026-07-19 14:17:18,18978426,2.15,80.38,-82,SIAGA
NODE_01,1784445498,2026-07-19 14:18:18,29513825,3.344,77.95,-79,SIAGA
NODE_01,1784445558,2026-07-19 14:19:18,23376034,2.648,81.88,-53,SIAGA
NODE_01,1784445618,2026-07-19 14:20:18,26139277,2.961,78.69,-54,SIAGA
NODE_01,1784445678,2026-07-19 14:21:18,17212878,1.95,77.28,-48,SIAGA
NODE_01,1784445738,2026-07-19 14:22:18,20441600,2.316,76.94,-73,SIAGA
NODE_01,1784445798,2026-07-19 14:23:18,22458687,2.544,79.72,-67,SIAGA
NODE_01,1784445858,2026-07-19 14:24:18,21951458,2.487,84.46,-76,SIAGA
NODE_01,1784445918,2026-07-19 14:25:18,25557547,2.896,76.18,-49,SIAGA
NODE_01,1784445978,2026-07-19 14:26:18,27478811,3.113,81.36,-46,SIAGA
NODE_01,1784446038,2026-07-19 14:27:18,30553624,3.462,83.9,-54,SIAGA
NODE_01,1784446098,2026-07-19 14:28:18,23134944,2.621,83.13,-61,SIAGA
NODE_01,1784446158,2026-07-19 14:29:18,18677386,2.116,82.8,-47,SIAGA
NODE_01,1784446218,2026-07-19 14:30:18,15747632,1.784,83.78,-80,SIAGA
NODE_01,1784446278,2026-07-19 14:31:18,17072569,1.934,84.68,-54,SIAGA
NODE_01,1784446338,2026-07-19 14:32:18,27702375,3.139,84.87,-57,SIAGA
NODE_01,1784446398,2026-07-19 14:33:18,20640678,2.339,77.64,-58,SIAGA
NODE_01,1784446458,2026-07-19 14:34:18,26009613,2.947,84.83,-78,SIAGA
NODE_01,1784446518,2026-07-19 14:35:18,39839752,4.514,90.74,-58,SIAGA
NODE_01,1784446578,2026-07-19 14:36:18,38074162,4.314,86.07,-55,SIAGA
NODE_01,1784446638,2026-07-19 14:37:18,33413392,3.786,90.27,-77,SIAGA
NODE_01,1784446698,2026-07-19 14:38:18,38870483,4.404,85.04,-52,SIAGA
NODE_01,1784446758,2026-07-19 14:39:18,29158287,3.304,89.33,-72,SIAGA
NODE_01,1784446818,2026-07-19 14:40:18,35777417,4.053,89.14,-58,SIAGA
NODE_01,1784446878,2026-07-19 14:41:18,34440604,3.902,89.3,-47,SIAGA
NODE_01,1784446938,2026-07-19 14:42:18,40285726,4.564,91.11,-83,SIAGA
NODE_01,1784446998,2026-07-19 14:43:18,36592819,4.146,92.08,-75,SIAGA
NODE_01,1784447058,2026-07-19 14:44:18,34498712,3.909,88.39,-65,SIAGA
NODE_01,1784447118,2026-07-19 14:45:18,31200355,3.535,88.39,-53,SIAGA
NODE_01,1784447178,2026-07-19 14:46:18,43662510,4.947,85.4,-83,SIAGA
NODE_01,1784447238,2026-07-19 14:47:18,33692090,3.817,90.73,-61,SIAGA
NODE_01,1784447298,2026-07-19 14:48:18,34664755,3.927,87.22,-81,SIAGA
NODE_01,1784447358,2026-07-19 14:49:18,40651099,4.606,86.05,-60,SIAGA
NODE_01,1784447418,2026-07-19 14:50:18,40049346,4.537,88.61,-69,SIAGA
NODE_01,1784447478,2026-07-19 14:51:18,28626901,3.243,85.99,-79,SIAGA
NODE_01,1784447538,2026-07-19 14:52:18,30939657,3.505,92.02,-45,SIAGA
NODE_01,1784447598,2026-07-19 14:53:18,40492178,4.588,89.45,-55,SIAGA
NODE_01,1784447658,2026-07-19 14:54:18,33064438,3.746,85.58,-55,SIAGA
NODE_01,1784447718,2026-07-19 14:55:18,38459968,4.357,88.49,-56,SIAGA
NODE_01,1784447778,2026-07-19 14:56:18,43440752,4.922,89.99,-57,SIAGA
NODE_01,1784447838,2026-07-19 14:57:18,40465945,4.585,86.78,-57,SIAGA
NODE_01,1784447898,2026-07-19 14:58:18,41539910,4.706,85.64,-79,SIAGA
NODE_01,1784447958,2026-07-19 14:59:18,38825008,4.399,90.86,-82,SIAGA
NODE_01,1784448018,2026-07-19 15:00:18,37105201,4.204,89.38,-66,SIAGA
NODE_01,1784448078,2026-07-19 15:01:18,29794384,3.376,89.98,-67,SIAGA
NODE_01,1784448138,2026-07-19 15:02:18,37761663,4.278,88.0,-81,SIAGA
NODE_01,1784448198,2026-07-19 15:03:18,32325955,3.662,91.81,-64,SIAGA
NODE_01,1784448258,2026-07-19 15:04:18,39741166,4.503,90.33,-60,SIAGA
NODE_01,1784448318,2026-07-19 15:05:18,37978642,4.303,87.48,-62,SIAGA
NODE_01,1784448378,2026-07-19 15:06:18,30915940,3.503,91.14,-82,SIAGA
NODE_01,1784448438,2026-07-19 15:07:18,39337366,4.457,86.37,-78,SIAGA
NODE_01,1784448498,2026-07-19 15:08:18,40956288,4.64,91.01,-83,SIAGA
NODE_01,1784448558,2026-07-19 15:09:18,32526194,3.685,91.65,-50,SIAGA
NODE_01,1784448618,2026-07-19 15:10:18,28733714,3.255,87.88,-53,SIAGA
NODE_01,1784448678,2026-07-19 15:11:18,28498552,3.229,90.85,-64,SIAGA
NODE_01,1784448738,2026-07-19 15:12:18,27526811,3.119,85.14,-62,SIAGA
NODE_01,1784448798,2026-07-19 15:13:18,32852734,3.722,87.65,-50,SIAGA
NODE_01,1784448858,2026-07-19 15:14:18,30500724,3.456,91.97,-70,SIAGA
NODE_01,1784448918,2026-07-19 15:15:18,28520931,3.231,92.1,-62,SIAGA
NODE_01,1784448978,2026-07-19 15:16:18,33222516,3.764,88.77,-68,SIAGA
NODE_01,1784449038,2026-07-19 15:17:18,25839981,2.928,90.1,-84,SIAGA
NODE_01,1784449098,2026-07-19 15:18:18,40828573,4.626,88.78,-46,SIAGA
NODE_01,1784449158,2026-07-19 15:19:18,40074524,4.54,85.3,-51,SIAGA
NODE_01,1784449218,2026-07-19 15:20:18,33848320,3.835,87.51,-45,SIAGA
NODE_01,1784449278,2026-07-19 15:21:18,41127469,4.66,88.57,-49,SIAGA
NODE_01,1784449338,2026-07-19 15:22:18,35763754,4.052,88.0,-66,SIAGA
NODE_01,1784449398,2026-07-19 15:23:18,35097238,3.976,91.74,-85,SIAGA
NODE_01,1784449458,2026-07-19 15:24:18,35473505,4.019,92.28,-57,SIAGA
NODE_01,1784449518,2026-07-19 15:25:18,36905880,4.181,86.04,-46,SIAGA
NODE_01,1784449578,2026-07-19 15:26:18,41032482,4.649,85.25,-84,SIAGA
NODE_01,1784449638,2026-07-19 15:27:18,36268621,4.109,85.05,-66,SIAGA
NODE_01,1784449698,2026-07-19 15:28:18,33235494,3.765,92.4,-57,SIAGA
NODE_01,1784449758,2026-07-19 15:29:18,32301065,3.66,88.86,-59,SIAGA
NODE_01,1784449818,2026-07-19 15:30:18,37794137,4.282,87.18,-61,SIAGA
NODE_01,1784449878,2026-07-19 15:31:18,41046425,4.65,87.94,-59,SIAGA
NODE_01,1784449938,2026-07-19 15:32:18,31674667,3.589,89.89,-61,SIAGA
NODE_01,1784449998,2026-07-19 15:33:18,40793999,4.622,89.21,-84,SIAGA
NODE_01,1784450058,2026-07-19 15:34:18,35577837,4.031,86.83,-70,SIAGA
NODE_01,1784450118,2026-07-19 15:35:18,39000704,4.419,84.91,-69,SIAGA
NODE_01,1784450178,2026-07-19 15:36:18,35083596,3.975,86.12,-54,SIAGA
NODE_01,1784450238,2026-07-19 15:37:18,42980552,4.87,90.67,-45,SIAGA
NODE_01,1784450298,2026-07-19 15:38:18,31336413,3.55,90.47,-66,SIAGA
NODE_01,1784450358,2026-07-19 15:39:18,33284078,3.771,86.48,-48,SIAGA
NODE_01,1784450418,2026-07-19 15:40:18,39218685,4.443,85.83,-85,SIAGA
NODE_01,1784450478,2026-07-19 15:41:18,29709320,3.366,85.7,-70,SIAGA
NODE_01,1784450538,2026-07-19 15:42:18,37353301,4.232,86.64,-53,SIAGA
NODE_01,1784450598,2026-07-19 15:43:18,36890291,4.18,90.16,-76,SIAGA
NODE_01,1784450658,2026-07-19 15:44:18,34920015,3.956,91.72,-52,SIAGA
NODE_01,1784450718,2026-07-19 15:45:18,25642950,2.905,89.52,-76,SIAGA
NODE_01,1784450778,2026-07-19 15:46:18,37847134,4.288,90.5,-54,SIAGA
NODE_01,1784450838,2026-07-19 15:47:18,30350446,3.439,92.31,-79,SIAGA
NODE_01,1784450898,2026-07-19 15:48:18,34832161,3.946,85.05,-57,SIAGA
NODE_01,1784450958,2026-07-19 15:49:18,43968328,4.981,85.86,-81,SIAGA
NODE_01,1784451018,2026-07-19 15:50:18,38789578,4.395,85.83,-65,SIAGA
NODE_01,1784451078,2026-07-19 15:51:18,29989508,3.398,87.46,-84,SIAGA
NODE_01,1784451138,2026-07-19 15:52:18,39483804,4.473,91.33,-80,SIAGA
NODE_01,1784451198,2026-07-19 15:53:18,40368940,4.574,88.01,-46,SIAGA
NODE_01,1784451258,2026-07-19 15:54:18,26298826,2.98,88.94,-55,SIAGA
NODE_01,1784451318,2026-07-19 15:55:18,29263266,3.315,89.4,-82,SIAGA
NODE_01,1784451378,2026-07-19 15:56:18,29885521,3.386,91.12,-81,SIAGA
NODE_01,1784451438,2026-07-19 15:57:18,33694605,3.817,86.75,-82,SIAGA
NODE_01,1784451498,2026-07-19 15:58:18,28063320,3.179,88.44,-62,SIAGA
NODE_01,1784451558,2026-07-19 15:59:18,36306767,4.113,90.66,-74,SIAGA
NODE_01,1784451618,2026-07-19 16:00:18,27519764,3.118,86.67,-66,SIAGA
NODE_01,1784451678,2026-07-19 16:01:18,29483910,3.34,91.14,-84,SIAGA
NODE_01,1784451738,2026-07-19 16:02:18,29384127,3.329,88.43,-58,SIAGA
NODE_01,1784451798,2026-07-19 16:03:18,31918743,3.616,90.59,-53,SIAGA
NODE_01,1784451858,2026-07-19 16:04:18,38158208,4.323,90.08,-64,SIAGA
NODE_01,1784451918,2026-07-19 16:05:18,38974358,4.416,89.49,-49,SIAGA
NODE_01,1784451978,2026-07-19 16:06:18,28340245,3.211,90.78,-68,SIAGA
NODE_01,1784452038,2026-07-19 16:07:18,27998744,3.172,85.46,-85,SIAGA
NODE_01,1784452098,2026-07-19 16:08:18,38579643,4.371,86.72,-51,SIAGA
NODE_01,1784452158,2026-07-19 16:09:18,28422585,3.22,88.46,-47,SIAGA
NODE_01,1784452218,2026-07-19 16:10:18,28063871,3.18,89.64,-59,SIAGA
NODE_01,1784452278,2026-07-19 16:11:18,32787096,3.715,92.04,-45,SIAGA
NODE_01,1784452338,2026-07-19 16:12:18,27630770,3.13,89.42,-67,SIAGA
NODE_01,1784452398,2026-07-19 16:13:18,43522272,4.931,87.95,-71,SIAGA
NODE_01,1784452458,2026-07-19 16:14:18,36541657,4.14,90.66,-52,SIAGA
NODE_01,1784452518,2026-07-19 16:15:18,34172084,3.872,88.5,-72,SIAGA
NODE_01,1784452578,2026-07-19 16:16:18,40827413,4.626,91.02,-54,SIAGA
NODE_01,1784452638,2026-07-19 16:17:18,41466840,4.698,87.27,-57,SIAGA
NODE_01,1784452698,2026-07-19 16:18:18,35166672,3.984,87.64,-80,SIAGA
NODE_01,1784452758,2026-07-19 16:19:18,40368608,4.574,85.75,-70,SIAGA
NODE_01,1784452818,2026-07-19 16:20:18,42316296,4.794,89.66,-50,SIAGA
NODE_01,1784452878,2026-07-19 16:21:18,31473143,3.566,90.93,-75,SIAGA
NODE_01,1784452938,2026-07-19 16:22:18,33533542,3.799,86.03,-62,SIAGA
NODE_01,1784452998,2026-07-19 16:23:18,32237131,3.652,90.0,-66,SIAGA
NODE_01,1784453058,2026-07-19 16:24:18,32209365,3.649,88.33,-51,SIAGA
NODE_01,1784453118,2026-07-19 16:25:18,30390286,3.443,88.06,-47,SIAGA
NODE_01,1784453178,2026-07-19 16:26:18,39488233,4.474,86.64,-65,SIAGA
NODE_01,1784453238,2026-07-19 16:27:18,33922573,3.843,87.22,-51,SIAGA
NODE_01,1784453298,2026-07-19 16:28:18,27252406,3.088,90.79,-68,SIAGA
NODE_01,1784453358,2026-07-19 16:29:18,32839732,3.721,90.8,-63,SIAGA
NODE_01,1784453418,2026-07-19 16:30:18,38888780,4.406,86.64,-60,SIAGA
NODE_01,1784453478,2026-07-19 16:31:18,39273746,4.45,86.04,-49,SIAGA
NODE_01,1784453538,2026-07-19 16:32:18,29170536,3.305,91.35,-57,SIAGA
NODE_01,1784453598,2026-07-19 16:33:18,38058210,4.312,88.54,-77,SIAGA
NODE_01,1784453658,2026-07-19 16:34:18,28437737,3.222,88.74,-72,SIAGA
NODE_01,1784453718,2026-07-19 16:35:18,27922028,3.163,84.68,-49,SIAGA
NODE_01,1784453778,2026-07-19 16:36:18,30175073,3.419,85.08,-76,SIAGA
NODE_01,1784453838,2026-07-19 16:37:18,36819102,4.171,86.63,-76,SIAGA
NODE_01,1784453898,2026-07-19 16:38:18,32223324,3.651,85.56,-74,SIAGA
NODE_01,1784453958,2026-07-19 16:39:18,26663472,3.021,90.15,-46,SIAGA
NODE_01,1784454018,2026-07-19 16:40:18,32284561,3.658,89.39,-54,SIAGA
NODE_01,1784454078,2026-07-19 16:41:18,40656993,4.606,92.12,-68,SIAGA
NODE_01,1784454138,2026-07-19 16:42:18,28195030,3.194,84.95,-81,SIAGA
NODE_01,1784454198,2026-07-19 16:43:18,30333922,3.437,86.87,-85,SIAGA
NODE_01,1784454258,2026-07-19 16:44:18,37188415,4.213,86.17,-46,SIAGA
NODE_01,1784454318,2026-07-19 16:45:18,35721765,4.047,88.92,-60,SIAGA
NODE_01,1784454378,2026-07-19 16:46:18,35266190,3.996,89.1,-75,SIAGA
NODE_01,1784454438,2026-07-19 16:47:18,25069198,2.84,85.65,-61,SIAGA
NODE_01,1784454498,2026-07-19 16:48:18,27788935,3.148,92.26,-65,SIAGA
NODE_01,1784454558,2026-07-19 16:49:18,31563327,3.576,89.44,-85,SIAGA
NODE_01,1784454618,2026-07-19 16:50:18,32357342,3.666,86.43,-61,SIAGA
NODE_01,1784454678,2026-07-19 16:51:18,33678283,3.816,85.11,-67,SIAGA
NODE_01,1784454738,2026-07-19 16:52:18,39470314,4.472,89.71,-82,SIAGA
NODE_01,1784454798,2026-07-19 16:53:18,26563872,3.01,89.86,-56,SIAGA
NODE_01,1784454858,2026-07-19 16:54:18,34686692,3.93,89.38,-69,SIAGA
NODE_01,1784454918,2026-07-19 16:55:18,32425447,3.674,85.93,-49,SIAGA
NODE_01,1784454978,2026-07-19 16:56:18,31002065,3.512,85.03,-65,SIAGA
NODE_01,1784455038,2026-07-19 16:57:18,30279426,3.431,89.52,-61,SIAGA
NODE_01,1784455098,2026-07-19 16:58:18,38716439,4.386,88.5,-78,SIAGA
NODE_01,1784455158,2026-07-19 16:59:18,37452187,4.243,85.28,-82,SIAGA
NODE_01,1784455218,2026-07-19 17:00:18,37598959,4.26,89.29,-68,SIAGA
NODE_01,1784455278,2026-07-19 17:01:18,35491992,4.021,91.63,-82,SIAGA
NODE_01,1784455338,2026-07-19 17:02:18,33948876,3.846,84.77,-76,SIAGA
NODE_01,1784455398,2026-07-19 17:03:18,30375712,3.441,91.95,-49,SIAGA
NODE_01,1784455458,2026-07-19 17:04:18,34569493,3.917,85.46,-64,SIAGA
NODE_01,1784455518,2026-07-19 17:05:18,38212218,4.329,86.03,-46,SIAGA
NODE_01,1784455578,2026-07-19 17:06:18,38210776,4.329,87.22,-54,SIAGA
NODE_01,1784455638,2026-07-19 17:07:18,37235981,4.219,88.77,-73,SIAGA
NODE_01,1784455698,2026-07-19 17:08:18,34670670,3.928,90.89,-50,SIAGA
NODE_01,1784455758,2026-07-19 17:09:18,34801266,3.943,91.27,-72,SIAGA
NODE_01,1784455818,2026-07-19 17:10:18,36272733,4.11,87.01,-79,SIAGA
NODE_01,1784455878,2026-07-19 17:11:18,32338762,3.664,85.7,-66,SIAGA
NODE_01,1784455938,2026-07-19 17:12:18,38366640,4.347,91.32,-69,SIAGA
NODE_01,1784455998,2026-07-19 17:13:18,28456772,3.224,86.73,-51,SIAGA
NODE_01,1784456058,2026-07-19 17:14:18,31233560,3.539,85.82,-79,SIAGA
NODE_01,1784456118,2026-07-19 17:15:18,30088161,3.409,87.72,-67,SIAGA
NODE_01,1784456178,2026-07-19 17:16:18,27823212,3.152,89.35,-51,SIAGA
NODE_01,1784456238,2026-07-19 17:17:18,37824889,4.285,91.84,-65,SIAGA
NODE_01,1784456298,2026-07-19 17:18:18,37348306,4.231,87.08,-65,SIAGA
NODE_01,1784456358,2026-07-19 17:19:18,40125534,4.546,88.72,-78,SIAGA
NODE_01,1784456418,2026-07-19 17:20:18,41094317,4.656,86.38,-77,SIAGA
NODE_01,1784456478,2026-07-19 17:21:18,34810550,3.944,85.82,-73,SIAGA
NODE_01,1784456538,2026-07-19 17:22:18,37911846,4.295,88.68,-48,SIAGA
NODE_01,1784456598,2026-07-19 17:23:18,33974963,3.849,85.36,-83,SIAGA
NODE_01,1784456658,2026-07-19 17:24:18,29869513,3.384,86.46,-83,SIAGA
NODE_01,1784456718,2026-07-19 17:25:18,30396580,3.444,88.93,-72,SIAGA
NODE_01,1784456778,2026-07-19 17:26:18,40780719,4.62,85.66,-79,SIAGA
NODE_01,1784456838,2026-07-19 17:27:18,31836335,3.607,84.6,-64,SIAGA
NODE_01,1784456898,2026-07-19 17:28:18,29763980,3.372,86.8,-64,SIAGA
NODE_01,1784456958,2026-07-19 17:29:18,37045846,4.197,85.31,-80,SIAGA
NODE_01,1784457018,2026-07-19 17:30:18,34567964,3.916,91.23,-81,SIAGA
NODE_01,1784457078,2026-07-19 17:31:18,30360343,3.44,91.44,-65,SIAGA
NODE_01,1784457138,2026-07-19 17:32:18,35089729,3.976,87.4,-74,SIAGA
NODE_01,1784457198,2026-07-19 17:33:18,33000831,3.739,89.23,-54,SIAGA
NODE_01,1784457258,2026-07-19 17:34:18,27941826,3.166,88.93,-65,SIAGA
NODE_01,1784457318,2026-07-19 17:35:18,41194525,4.667,90.42,-79,SIAGA
NODE_01,1784457378,2026-07-19 17:36:18,32096589,3.636,85.88,-47,SIAGA
NODE_01,1784457438,2026-07-19 17:37:18,34522018,3.911,90.03,-65,SIAGA
NODE_01,1784457498,2026-07-19 17:38:18,28476981,3.226,88.81,-56,SIAGA
NODE_01,1784457558,2026-07-19 17:39:18,32069279,3.633,85.88,-72,SIAGA
NODE_01,1784457618,2026-07-19 17:40:18,40142378,4.548,87.66,-46,SIAGA
NODE_01,1784457678,2026-07-19 17:41:18,34950961,3.96,91.42,-50,SIAGA
NODE_01,1784457738,2026-07-19 17:42:18,35623441,4.036,86.06,-60,SIAGA
NODE_01,1784457798,2026-07-19 17:43:18,30024617,3.402,92.77,-68,SIAGA
NODE_01,1784457858,2026-07-19 17:44:18,35102668,3.977,91.19,-76,SIAGA
NODE_01,1784457918,2026-07-19 17:45:18,32638150,3.698,87.38,-61,SIAGA
NODE_01,1784457978,2026-07-19 17:46:18,33541717,3.8,92.2,-73,SIAGA
NODE_01,1784458038,2026-07-19 17:47:18,33854296,3.836,86.98,-75,SIAGA
NODE_01,1784458098,2026-07-19 17:48:18,31241852,3.54,90.29,-83,SIAGA
NODE_01,1784458158,2026-07-19 17:49:18,35717362,4.047,87.35,-64,SIAGA
NODE_01,1784458218,2026-07-19 17:50:18,27175330,3.079,86.69,-58,SIAGA
NODE_01,1784458278,2026-07-19 17:51:18,28560114,3.236,89.36,-71,SIAGA
NODE_01,1784458338,2026-07-19 17:52:18,37913448,4.295,85.4,-54,SIAGA
NODE_01,1784458398,2026-07-19 17:53:18,40277788,4.563,90.9,-73,SIAGA
NODE_01,1784458458,2026-07-19 17:54:18,35093163,3.976,92.59,-47,SIAGA
NODE_01,1784458518,2026-07-19 17:55:18,28862637,3.27,89.11,-47,SIAGA
NODE_01,1784458578,2026-07-19 17:56:18,29027917,3.289,88.19,-46,SIAGA
NODE_01,1784458638,2026-07-19 17:57:18,33936627,3.845,91.92,-56,SIAGA
NODE_01,1784458698,2026-07-19 17:58:18,27016734,3.061,89.78,-65,SIAGA
NODE_01,1784458758,2026-07-19 17:59:18,31248496,3.54,90.98,-72,SIAGA
NODE_01,1784458818,2026-07-19 18:00:18,38766986,4.392,84.9,-78,SIAGA
NODE_01,1784458878,2026-07-19 18:01:18,36955867,4.187,87.56,-76,SIAGA
NODE_01,1784458938,2026-07-19 18:02:18,32616975,3.695,89.68,-81,SIAGA
NODE_01,1784458998,2026-07-19 18:03:18,30045039,3.404,87.89,-60,SIAGA
NODE_01,1784459058,2026-07-19 18:04:18,38646411,4.379,88.9,-50,SIAGA
NODE_01,1784459118,2026-07-19 18:05:18,26883912,3.046,85.93,-46,SIAGA
NODE_01,1784459178,2026-07-19 18:06:18,40760781,4.618,87.84,-51,SIAGA
NODE_01,1784459238,2026-07-19 18:07:18,26795102,3.036,87.88,-50,SIAGA
NODE_01,1784459298,2026-07-19 18:08:18,39029951,4.422,90.36,-72,SIAGA
NODE_01,1784459358,2026-07-19 18:09:18,34211909,3.876,90.2,-64,SIAGA
NODE_01,1784459418,2026-07-19 18:10:18,37193658,4.214,92.27,-53,SIAGA
NODE_01,1784459478,2026-07-19 18:11:18,37071779,4.2,88.19,-68,SIAGA
NODE_01,1784459538,2026-07-19 18:12:18,27080753,3.068,86.86,-73,SIAGA
NODE_01,1784459598,2026-07-19 18:13:18,33948346,3.846,87.44,-52,SIAGA
NODE_01,1784459658,2026-07-19 18:14:18,33103548,3.751,90.09,-80,SIAGA
NODE_01,1784459718,2026-07-19 18:15:18,32901002,3.728,84.81,-47,SIAGA
NODE_01,1784459778,2026-07-19 18:16:18,40323642,4.569,90.92,-49,SIAGA
NODE_01,1784459838,2026-07-19 18:17:18,28928734,3.278,88.24,-46,SIAGA
NODE_01,1784459898,2026-07-19 18:18:18,34104691,3.864,90.22,-52,SIAGA
NODE_01,1784459958,2026-07-19 18:19:18,37565776,4.256,89.3,-55,SIAGA
NODE_01,1784460018,2026-07-19 18:20:18,37929184,4.297,89.45,-64,SIAGA
NODE_01,1784460078,2026-07-19 18:21:18,35238936,3.992,88.02,-50,SIAGA
NODE_01,1784460138,2026-07-19 18:22:18,27614207,3.129,88.58,-62,SIAGA
NODE_01,1784460198,2026-07-19 18:23:18,27280513,3.091,85.84,-49,SIAGA
NODE_01,1784460258,2026-07-19 18:24:18,34584505,3.918,89.73,-66,SIAGA
NODE_01,1784460318,2026-07-19 18:25:18,39197858,4.441,85.83,-50,SIAGA
NODE_01,1784460378,2026-07-19 18:26:18,35134884,3.981,90.66,-57,SIAGA
NODE_01,1784460438,2026-07-19 18:27:18,26062473,2.953,87.38,-63,SIAGA
NODE_01,1784460498,2026-07-19 18:28:18,32650050,3.699,90.48,-67,SIAGA
NODE_01,1784460558,2026-07-19 18:29:18,35439284,4.015,86.46,-81,SIAGA
NODE_01,1784460618,2026-07-19 18:30:18,28882871,3.272,91.02,-69,SIAGA
NODE_01,1784460678,2026-07-19 18:31:18,42834523,4.853,87.25,-46,SIAGA
NODE_01,1784460738,2026-07-19 18:32:18,30708123,3.479,86.7,-48,SIAGA
NODE_01,1784460798,2026-07-19 18:33:18,38566130,4.369,86.2,-48,SIAGA
NODE_01,1784460858,2026-07-19 18:34:18,32129133,3.64,88.17,-71,SIAGA
NODE_01,1784460918,2026-07-19 18:35:18,27358435,3.1,89.61,-48,SIAGA
NODE_01,1784460978,2026-07-19 18:36:18,34401861,3.898,89.21,-82,SIAGA
NODE_01,1784461038,2026-07-19 18:37:18,41453936,4.697,91.01,-51,SIAGA
NODE_01,1784461098,2026-07-19 18:38:18,31553712,3.575,87.07,-60,SIAGA
NODE_01,1784461158,2026-07-19 18:39:18,27012341,3.06,90.18,-47,SIAGA
NODE_01,1784461218,2026-07-19 18:40:18,28523618,3.232,87.68,-72,SIAGA
NODE_01,1784461278,2026-07-19 18:41:18,29327144,3.323,86.95,-73,SIAGA
NODE_01,1784461338,2026-07-19 18:42:18,29549691,3.348,86.49,-66,SIAGA
NODE_01,1784461398,2026-07-19 18:43:18,39694348,4.497,90.44,-45,SIAGA
NODE_01,1784461458,2026-07-19 18:44:18,28276465,3.204,86.9,-48,SIAGA
NODE_01,1784461518,2026-07-19 18:45:18,32949759,3.733,87.48,-76,SIAGA
NODE_01,1784461578,2026-07-19 18:46:18,34068005,3.86,84.73,-48,SIAGA
NODE_01,1784461638,2026-07-19 18:47:18,41132618,4.66,87.14,-60,SIAGA
NODE_01,1784461698,2026-07-19 18:48:18,35205174,3.989,90.01,-71,SIAGA
NODE_01,1784461758,2026-07-19 18:49:18,34951907,3.96,89.09,-62,SIAGA
NODE_01,1784461818,2026-07-19 18:50:18,29812552,3.378,85.53,-73,SIAGA
NODE_01,1784461878,2026-07-19 18:51:18,41218160,4.67,86.17,-56,SIAGA
NODE_01,1784461938,2026-07-19 18:52:18,30581283,3.465,86.68,-57,SIAGA
NODE_01,1784461998,2026-07-19 18:53:18,33671489,3.815,90.34,-66,SIAGA
NODE_01,1784462058,2026-07-19 18:54:18,36581225,4.145,89.02,-75,SIAGA
NODE_01,1784462118,2026-07-19 18:55:18,29208354,3.309,88.46,-74,SIAGA
NODE_01,1784462178,2026-07-19 18:56:18,39220821,4.444,89.02,-51,SIAGA
NODE_01,1784462238,2026-07-19 18:57:18,26963723,3.055,92.88,-47,SIAGA
NODE_01,1784462298,2026-07-19 18:58:18,41935309,4.751,91.51,-60,SIAGA
NODE_01,1784462358,2026-07-19 18:59:18,36553530,4.141,92.16,-77,SIAGA
NODE_01,1784462418,2026-07-19 19:00:18,42580040,4.824,84.57,-46,SIAGA
NODE_01,1784462478,2026-07-19 19:01:18,39106117,4.431,87.06,-52,SIAGA
NODE_01,1784462538,2026-07-19 19:02:18,30967846,3.509,86.14,-79,SIAGA
NODE_01,1784462598,2026-07-19 19:03:18,31653328,3.586,87.08,-81,SIAGA
NODE_01,1784462658,2026-07-19 19:04:18,36803727,4.17,89.85,-61,SIAGA
NODE_01,1784462718,2026-07-19 19:05:18,30381544,3.442,90.96,-65,SIAGA
NODE_01,1784462778,2026-07-19 19:06:18,30094803,3.41,90.52,-74,SIAGA
NODE_01,1784462838,2026-07-19 19:07:18,33059669,3.746,88.67,-46,SIAGA
NODE_01,1784462898,2026-07-19 19:08:18,31513019,3.57,88.09,-66,SIAGA
NODE_01,1784462958,2026-07-19 19:09:18,37796181,4.282,91.28,-54,SIAGA
NODE_01,1784463018,2026-07-19 19:10:18,29507258,3.343,89.47,-52,SIAGA
NODE_01,1784463078,2026-07-19 19:11:18,30493539,3.455,89.25,-72,SIAGA
NODE_01,1784463138,2026-07-19 19:12:18,43325841,4.909,88.95,-69,SIAGA
NODE_01,1784463198,2026-07-19 19:13:18,32742121,3.71,90.63,-45,SIAGA
NODE_01,1784463258,2026-07-19 19:14:18,29505954,3.343,84.24,-80,SIAGA
NODE_01,1784463318,2026-07-19 19:15:18,32457785,3.677,87.71,-73,SIAGA
NODE_01,1784463378,2026-07-19 19:16:18,32731390,3.708,86.23,-56,SIAGA
NODE_01,1784463438,2026-07-19 19:17:18,35865822,4.063,88.37,-77,SIAGA
NODE_01,1784463498,2026-07-19 19:18:18,36088612,4.089,87.2,-59,SIAGA
NODE_01,1784463558,2026-07-19 19:19:18,29190035,3.307,87.96,-61,SIAGA
NODE_01,1784463618,2026-07-19 19:20:18,39287202,4.451,90.73,-81,SIAGA
NODE_01,1784463678,2026-07-19 19:21:18,27011952,3.06,86.12,-72,SIAGA
NODE_01,1784463738,2026-07-19 19:22:18,32447932,3.676,87.65,-64,SIAGA
NODE_01,1784463798,2026-07-19 19:23:18,37921217,4.296,87.74,-60,SIAGA
NODE_01,1784463858,2026-07-19 19:24:18,28258337,3.202,89.62,-58,SIAGA
NODE_01,1784463918,2026-07-19 19:25:18,37834900,4.287,85.37,-63,SIAGA
NODE_01,1784463978,2026-07-19 19:26:18,36968653,4.188,89.92,-46,SIAGA
NODE_01,1784464038,2026-07-19 19:27:18,34524970,3.912,89.78,-61,SIAGA
NODE_01,1784464098,2026-07-19 19:28:18,41548006,4.707,90.07,-54,SIAGA
NODE_01,1784464158,2026-07-19 19:29:18,43264665,4.902,91.31,-73,SIAGA
NODE_01,1784464218,2026-07-19 19:30:18,40631735,4.603,87.45,-82,SIAGA
NODE_01,1784464278,2026-07-19 19:31:18,31997256,3.625,88.88,-80,SIAGA
NODE_01,1784464338,2026-07-19 19:32:18,34523004,3.911,87.37,-45,SIAGA
NODE_01,1784464398,2026-07-19 19:33:18,38909620,4.408,84.45,-72,SIAGA
NODE_01,1784464458,2026-07-19 19:34:18,26088624,2.956,87.12,-82,SIAGA
NODE_01,1784464518,2026-07-19 19:35:18,38725426,4.387,88.97,-50,SIAGA
NODE_01,1784464578,2026-07-19 19:36:18,30785985,3.488,87.26,-56,SIAGA
NODE_01,1784464638,2026-07-19 19:37:18,33924821,3.844,86.43,-77,SIAGA
NODE_01,1784464698,2026-07-19 19:38:18,36911803,4.182,85.93,-59,SIAGA
NODE_01,1784464758,2026-07-19 19:39:18,40204577,4.555,90.63,-61,SIAGA
NODE_01,1784464818,2026-07-19 19:40:18,39954503,4.527,87.09,-82,SIAGA
NODE_01,1784464878,2026-07-19 19:41:18,40212839,4.556,89.62,-63,SIAGA
NODE_01,1784464938,2026-07-19 19:42:18,37051250,4.198,88.55,-66,SIAGA
NODE_01,1784464998,2026-07-19 19:43:18,28488714,3.228,90.5,-77,SIAGA
NODE_01,1784465058,2026-07-19 19:44:18,40498814,4.588,88.41,-65,SIAGA
NODE_01,1784465118,2026-07-19 19:45:18,37846645,4.288,89.12,-59,SIAGA
NODE_01,1784465178,2026-07-19 19:46:18,37385022,4.236,87.36,-71,SIAGA
NODE_01,1784465238,2026-07-19 19:47:18,36133991,4.094,87.11,-52,SIAGA
NODE_01,1784465298,2026-07-19 19:48:18,37216849,4.217,90.87,-56,SIAGA
NODE_01,1784465358,2026-07-19 19:49:18,34378234,3.895,89.05,-85,SIAGA
NODE_01,1784465418,2026-07-19 19:50:18,26445284,2.996,87.53,-77,SIAGA
NODE_01,1784465478,2026-07-19 19:51:18,38932062,4.411,87.72,-62,SIAGA
NODE_01,1784465538,2026-07-19 19:52:18,40771697,4.619,85.27,-81,SIAGA
NODE_01,1784465598,2026-07-19 19:53:18,29341416,3.324,88.89,-61,SIAGA
NODE_01,1784465658,2026-07-19 19:54:18,28463333,3.225,91.09,-81,SIAGA
NODE_01,1784465718,2026-07-19 19:55:18,42610496,4.828,89.25,-82,SIAGA
NODE_01,1784465778,2026-07-19 19:56:18,40014362,4.533,88.33,-46,SIAGA
NODE_01,1784465838,2026-07-19 19:57:18,41162211,4.664,89.29,-71,SIAGA
NODE_01,1784465898,2026-07-19 19:58:18,30628854,3.47,86.53,-55,SIAGA
NODE_01,1784465958,2026-07-19 19:59:18,32564623,3.689,84.28,-51,SIAGA
NODE_01,1784466018,2026-07-19 20:00:18,28717843,3.254,91.23,-50,SIAGA
NODE_01,1784466078,2026-07-19 20:01:18,36219179,4.104,88.73,-72,SIAGA
NODE_01,1784466138,2026-07-19 20:02:18,39287305,4.451,91.26,-63,SIAGA
NODE_01,1784466198,2026-07-19 20:03:18,37900342,4.294,85.54,-62,SIAGA
NODE_01,1784466258,2026-07-19 20:04:18,27437701,3.109,86.3,-55,SIAGA
NODE_01,1784466318,2026-07-19 20:05:18,34035863,3.856,91.28,-72,SIAGA
NODE_01,1784466378,2026-07-19 20:06:18,36909699,4.182,90.65,-51,SIAGA
NODE_01,1784466438,2026-07-19 20:07:18,33978821,3.85,90.32,-58,SIAGA
NODE_01,1784466498,2026-07-19 20:08:18,39706515,4.499,86.94,-80,SIAGA
NODE_01,1784466558,2026-07-19 20:09:18,31953763,3.62,88.76,-73,SIAGA
NODE_01,1784466618,2026-07-19 20:10:18,42098354,4.77,85.18,-63,SIAGA
NODE_01,1784466678,2026-07-19 20:11:18,39552334,4.481,89.14,-57,SIAGA
NODE_01,1784466738,2026-07-19 20:12:18,36368516,4.12,91.73,-58,SIAGA
NODE_01,1784466798,2026-07-19 20:13:18,29451711,3.337,85.96,-55,SIAGA
NODE_01,1784466858,2026-07-19 20:14:18,40279066,4.563,87.04,-75,SIAGA
NODE_01,1784466918,2026-07-19 20:15:18,34168885,3.871,87.96,-79,SIAGA
NODE_01,1784466978,2026-07-19 20:16:18,40882196,4.632,88.95,-66,SIAGA
NODE_01,1784467038,2026-07-19 20:17:18,26383594,2.989,86.54,-78,SIAGA
NODE_01,1784467098,2026-07-19 20:18:18,41305201,4.68,87.55,-56,SIAGA
NODE_01,1784467158,2026-07-19 20:19:18,38866214,4.403,86.23,-83,SIAGA
NODE_01,1784467218,2026-07-19 20:20:18,32691461,3.704,84.99,-73,SIAGA
NODE_01,1784467278,2026-07-19 20:21:18,28362502,3.213,88.87,-57,SIAGA
NODE_01,1784467338,2026-07-19 20:22:18,40401952,4.577,90.01,-74,SIAGA
NODE_01,1784467398,2026-07-19 20:23:18,32794037,3.715,91.19,-52,SIAGA
NODE_01,1784467458,2026-07-19 20:24:18,37076521,4.201,89.28,-67,SIAGA
NODE_01,1784467518,2026-07-19 20:25:18,40771381,4.619,88.72,-83,SIAGA
NODE_01,1784467578,2026-07-19 20:26:18,41891501,4.746,90.73,-68,SIAGA
NODE_01,1784467638,2026-07-19 20:27:18,42199479,4.781,86.8,-80,SIAGA
NODE_01,1784467698,2026-07-19 20:28:18,33037489,3.743,86.14,-53,SIAGA
NODE_01,1784467758,2026-07-19 20:29:18,35355837,4.006,89.4,-76,SIAGA
NODE_01,1784467818,2026-07-19 20:30:18,36264876,4.109,86.46,-59,SIAGA
NODE_01,1784467878,2026-07-19 20:31:18,29702639,3.365,89.24,-73,SIAGA
NODE_01,1784467938,2026-07-19 20:32:18,30215859,3.423,91.48,-56,SIAGA
NODE_01,1784467998,2026-07-19 20:33:18,32032043,3.629,86.65,-84,SIAGA
NODE_01,1784468058,2026-07-19 20:34:18,35053207,3.971,90.6,-67,SIAGA
NODE_01,1784468118,2026-07-19 20:35:18,27973444,3.169,90.61,-71,SIAGA
NODE_01,1784468178,2026-07-19 20:36:18,33441466,3.789,88.35,-77,SIAGA
NODE_01,1784468238,2026-07-19 20:37:18,30316435,3.435,92.02,-66,SIAGA
NODE_01,1784468298,2026-07-19 20:38:18,35148117,3.982,84.55,-59,SIAGA
NODE_01,1784468358,2026-07-19 20:39:18,28972380,3.282,87.0,-54,SIAGA
NODE_01,1784468418,2026-07-19 20:40:18,32439783,3.675,87.34,-48,SIAGA
NODE_01,1784468478,2026-07-19 20:41:18,28665957,3.248,86.88,-70,SIAGA
NODE_01,1784468538,2026-07-19 20:42:18,38034695,4.309,88.36,-45,SIAGA
NODE_01,1784468598,2026-07-19 20:43:18,34630865,3.924,91.24,-69,SIAGA
NODE_01,1784468658,2026-07-19 20:44:18,34375782,3.895,89.48,-83,SIAGA
NODE_01,1784468718,2026-07-19 20:45:18,43701234,4.951,88.44,-56,SIAGA
NODE_01,1784468778,2026-07-19 20:46:18,38567606,4.37,85.79,-74,SIAGA
NODE_01,1784468838,2026-07-19 20:47:18,30984961,3.51,89.72,-52,SIAGA
NODE_01,1784468898,2026-07-19 20:48:18,32416261,3.673,89.16,-64,SIAGA
NODE_01,1784468958,2026-07-19 20:49:18,40067069,4.539,85.32,-65,SIAGA
NODE_01,1784469018,2026-07-19 20:50:18,27406995,3.105,87.79,-62,SIAGA
NODE_01,1784469078,2026-07-19 20:51:18,34221518,3.877,87.28,-74,SIAGA
NODE_01,1784469138,2026-07-19 20:52:18,31065917,3.52,89.29,-66,SIAGA
NODE_01,1784469198,2026-07-19 20:53:18,28115446,3.185,86.1,-64,SIAGA
NODE_01,1784469258,2026-07-19 20:54:18,34487678,3.907,88.88,-78,SIAGA
NODE_01,1784469318,2026-07-19 20:55:18,31141066,3.528,87.49,-73,SIAGA
NODE_01,1784469378,2026-07-19 20:56:18,40294226,4.565,92.59,-52,SIAGA
NODE_01,1784469438,2026-07-19 20:57:18,33838274,3.834,91.68,-70,SIAGA
NODE_01,1784469498,2026-07-19 20:58:18,38115958,4.318,88.39,-84,SIAGA
NODE_01,1784469558,2026-07-19 20:59:18,39477868,4.473,85.58,-50,SIAGA
NODE_01,1784469618,2026-07-19 21:00:18,38908115,4.408,89.36,-69,SIAGA
NODE_01,1784469678,2026-07-19 21:01:18,34572028,3.917,85.7,-73,SIAGA
NODE_01,1784469738,2026-07-19 21:02:18,34934399,3.958,92.03,-53,SIAGA
NODE_01,1784469798,2026-07-19 21:03:18,29662671,3.361,84.59,-48,SIAGA
NODE_01,1784469858,2026-07-19 21:04:18,29095002,3.296,87.52,-74,SIAGA
NODE_01,1784469918,2026-07-19 21:05:18,34549088,3.914,88.53,-75,SIAGA
NODE_01,1784469978,2026-07-19 21:06:18,33769943,3.826,87.4,-46,SIAGA
NODE_01,1784470038,2026-07-19 21:07:18,40035275,4.536,86.53,-55,SIAGA
NODE_01,1784470098,2026-07-19 21:08:18,39636601,4.491,84.74,-47,SIAGA
NODE_01,1784470158,2026-07-19 21:09:18,36349728,4.118,88.24,-47,SIAGA
NODE_01,1784470218,2026-07-19 21:10:18,28040233,3.177,86.87,-83,SIAGA
NODE_01,1784470278,2026-07-19 21:11:18,37494760,4.248,86.21,-52,SIAGA
NODE_01,1784470338,2026-07-19 21:12:18,37379667,4.235,85.59,-82,SIAGA
NODE_01,1784470398,2026-07-19 21:13:18,42238505,4.785,88.01,-76,SIAGA
NODE_01,1784470458,2026-07-19 21:14:18,27119715,3.073,89.17,-53,SIAGA
NODE_01,1784470518,2026-07-19 21:15:18,34609021,3.921,88.15,-63,SIAGA
NODE_01,1784470578,2026-07-19 21:16:18,30356142,3.439,87.82,-85,SIAGA
NODE_01,1784470638,2026-07-19 21:17:18,42182835,4.779,84.8,-52,SIAGA
NODE_01,1784470698,2026-07-19 21:18:18,34934355,3.958,90.18,-75,SIAGA
NODE_01,1784470758,2026-07-19 21:19:18,35774106,4.053,88.9,-65,SIAGA
NODE_01,1784470818,2026-07-19 21:20:18,38473830,4.359,89.1,-70,SIAGA
NODE_01,1784470878,2026-07-19 21:21:18,30833843,3.493,84.17,-83,SIAGA
NODE_01,1784470938,2026-07-19 21:22:18,34932743,3.958,91.57,-66,SIAGA
NODE_01,1784470998,2026-07-19 21:23:18,37820189,4.285,88.45,-62,SIAGA
NODE_01,1784471058,2026-07-19 21:24:18,34873020,3.951,92.11,-78,SIAGA
NODE_01,1784471118,2026-07-19 21:25:18,29543066,3.347,88.63,-84,SIAGA
NODE_01,1784471178,2026-07-19 21:26:18,38852053,4.402,91.24,-73,SIAGA
NODE_01,1784471238,2026-07-19 21:27:18,25084515,2.842,88.95,-85,SIAGA
NODE_01,1784471298,2026-07-19 21:28:18,28169778,3.192,91.93,-78,SIAGA
NODE_01,1784471358,2026-07-19 21:29:18,33443151,3.789,91.23,-59,SIAGA
NODE_01,1784471418,2026-07-19 21:30:18,39479774,4.473,91.47,-58,SIAGA
NODE_01,1784471478,2026-07-19 21:31:18,37988121,4.304,89.28,-55,SIAGA
NODE_01,1784471538,2026-07-19 21:32:18,33753803,3.824,87.3,-64,SIAGA
NODE_01,1784471598,2026-07-19 21:33:18,38918880,4.409,86.56,-49,SIAGA
NODE_01,1784471658,2026-07-19 21:34:18,30731946,3.482,91.39,-82,SIAGA
NODE_01,1784471718,2026-07-19 21:35:18,29687149,3.363,87.28,-78,SIAGA
NODE_01,1784471778,2026-07-19 21:36:18,33427136,3.787,89.37,-60,SIAGA
NODE_01,1784471838,2026-07-19 21:37:18,34122356,3.866,86.55,-74,SIAGA
NODE_01,1784471898,2026-07-19 21:38:18,29233543,3.312,89.97,-80,SIAGA
NODE_01,1784471958,2026-07-19 21:39:18,39144456,4.435,90.84,-82,SIAGA
NODE_01,1784472018,2026-07-19 21:40:18,37746480,4.277,88.58,-74,SIAGA
NODE_01,1784472078,2026-07-19 21:41:18,30675899,3.475,88.89,-59,SIAGA
NODE_01,1784472138,2026-07-19 21:42:18,35486643,4.021,85.67,-77,SIAGA
NODE_01,1784472198,2026-07-19 21:43:18,27191486,3.081,86.14,-46,SIAGA
NODE_01,1784472258,2026-07-19 21:44:18,26880369,3.045,88.26,-49,SIAGA
NODE_01,1784472318,2026-07-19 21:45:18,39265513,4.449,86.22,-79,SIAGA
NODE_01,1784472378,2026-07-19 21:46:18,33459179,3.791,90.22,-78,SIAGA
NODE_01,1784472438,2026-07-19 21:47:18,35507592,4.023,91.39,-56,SIAGA
NODE_01,1784472498,2026-07-19 21:48:18,34719995,3.934,91.68,-79,SIAGA
NODE_01,1784472558,2026-07-19 21:49:18,34165237,3.871,89.11,-51,SIAGA
NODE_01,1784472618,2026-07-19 21:50:18,39125775,4.433,84.68,-81,SIAGA
NODE_01,1784472678,2026-07-19 21:51:18,41658646,4.72,89.62,-80,SIAGA
NODE_01,1784472738,2026-07-19 21:52:18,41556977,4.708,91.85,-53,SIAGA
NODE_01,1784472798,2026-07-19 21:53:18,31319985,3.548,89.46,-54,SIAGA
NODE_01,1784472858,2026-07-19 21:54:18,28568975,3.237,84.98,-52,SIAGA
NODE_01,1784472918,2026-07-19 21:55:18,27238147,3.086,87.02,-84,SIAGA
NODE_01,1784472978,2026-07-19 21:56:18,33487485,3.794,91.07,-67,SIAGA
NODE_01,1784473038,2026-07-19 21:57:18,35411890,4.012,84.38,-77,SIAGA
NODE_01,1784473098,2026-07-19 21:58:18,38854632,4.402,86.44,-58,SIAGA
NODE_01,1784473158,2026-07-19 21:59:18,33777932,3.827,85.32,-83,SIAGA
NODE_01,1784473218,2026-07-19 22:00:18,38955685,4.414,92.28,-57,SIAGA
NODE_01,1784473278,2026-07-19 22:01:18,28773195,3.26,92.84,-76,SIAGA
NODE_01,1784473338,2026-07-19 22:02:18,29193548,3.308,90.99,-67,SIAGA
NODE_01,1784473398,2026-07-19 22:03:18,38636697,4.377,85.02,-56,SIAGA
NODE_01,1784473458,2026-07-19 22:04:18,32355982,3.666,88.38,-51,SIAGA
NODE_01,1784473518,2026-07-19 22:05:18,36940283,4.185,88.51,-48,SIAGA
NODE_01,1784473578,2026-07-19 22:06:18,27609285,3.128,90.28,-46,SIAGA
NODE_01,1784473638,2026-07-19 22:07:18,37451784,4.243,87.4,-45,SIAGA
NODE_01,1784473698,2026-07-19 22:08:18,38898641,4.407,85.36,-66,SIAGA
NODE_01,1784473758,2026-07-19 22:09:18,40425150,4.58,92.1,-67,SIAGA
NODE_01,1784473818,2026-07-19 22:10:18,36895541,4.18,85.48,-77,SIAGA
NODE_01,1784473878,2026-07-19 22:11:18,35544156,4.027,88.87,-49,SIAGA
NODE_01,1784473938,2026-07-19 22:12:18,27571484,3.124,92.03,-53,SIAGA
NODE_01,1784473998,2026-07-19 22:13:18,37987525,4.304,92.01,-79,SIAGA
NODE_01,1784474058,2026-07-19 22:14:18,32780893,3.714,85.74,-67,SIAGA
NODE_01,1784474118,2026-07-19 22:15:18,33237113,3.766,88.23,-55,SIAGA
NODE_01,1784474178,2026-07-19 22:16:18,32217999,3.65,89.09,-54,SIAGA
NODE_01,1784474238,2026-07-19 22:17:18,41460324,4.697,90.26,-84,SIAGA
NODE_01,1784474298,2026-07-19 22:18:18,27740724,3.143,86.42,-49,SIAGA
NODE_01,1784474358,2026-07-19 22:19:18,28592267,3.239,84.76,-77,SIAGA
NODE_01,1784474418,2026-07-19 22:20:18,32472871,3.679,89.99,-83,SIAGA
NODE_01,1784474478,2026-07-19 22:21:18,31831230,3.606,87.9,-77,SIAGA
NODE_01,1784474538,2026-07-19 22:22:18,32017205,3.627,90.27,-47,SIAGA
NODE_01,1784474598,2026-07-19 22:23:18,33956290,3.847,90.11,-57,SIAGA
NODE_01,1784474658,2026-07-19 22:24:18,38064996,4.313,89.1,-51,SIAGA
NODE_01,1784474718,2026-07-19 22:25:18,36894313,4.18,88.13,-64,SIAGA
NODE_01,1784474778,2026-07-19 22:26:18,27207624,3.083,84.86,-55,SIAGA
NODE_01,1784474838,2026-07-19 22:27:18,34859605,3.949,88.73,-68,SIAGA
NODE_01,1784474898,2026-07-19 22:28:18,28696979,3.251,89.43,-46,SIAGA
NODE_01,1784474958,2026-07-19 22:29:18,29532305,3.346,91.05,-75,SIAGA
NODE_01,1784475018,2026-07-19 22:30:18,37483829,4.247,84.96,-59,SIAGA
NODE_01,1784475078,2026-07-19 22:31:18,30568721,3.463,87.33,-48,SIAGA
NODE_01,1784475138,2026-07-19 22:32:18,28952109,3.28,89.37,-67,SIAGA
NODE_01,1784475198,2026-07-19 22:33:18,34030750,3.856,86.78,-64,SIAGA
NODE_01,1784475258,2026-07-19 22:34:18,37005368,4.193,90.79,-81,SIAGA
NODE_01,1784475318,2026-07-19 22:35:18,32564711,3.689,92.14,-45,SIAGA
NODE_01,1784475378,2026-07-19 22:36:18,33816806,3.831,88.94,-66,SIAGA
NODE_01,1784475438,2026-07-19 22:37:18,29987039,3.397,88.23,-64,SIAGA
NODE_01,1784475498,2026-07-19 22:38:18,31497504,3.569,87.02,-75,SIAGA
NODE_01,1784475558,2026-07-19 22:39:18,28519553,3.231,87.17,-81,SIAGA
NODE_01,1784475618,2026-07-19 22:40:18,30961853,3.508,86.28,-46,SIAGA
NODE_01,1784475678,2026-07-19 22:41:18,29106241,3.298,88.84,-70,SIAGA
NODE_01,1784475738,2026-07-19 22:42:18,37449639,4.243,88.44,-65,SIAGA
NODE_01,1784475798,2026-07-19 22:43:18,32126285,3.64,90.32,-79,SIAGA
NODE_01,1784475858,2026-07-19 22:44:18,32059156,3.632,90.46,-69,SIAGA
NODE_01,1784475918,2026-07-19 22:45:18,40267408,4.562,90.06,-46,SIAGA
NODE_01,1784475978,2026-07-19 22:46:18,27776908,3.147,84.22,-84,SIAGA
NODE_01,1784476038,2026-07-19 22:47:18,36791316,4.168,86.16,-63,SIAGA
NODE_01,1784476098,2026-07-19 22:48:18,28467688,3.225,86.38,-56,SIAGA
NODE_01,1784476158,2026-07-19 22:49:18,35747874,4.05,88.12,-55,SIAGA
NODE_01,1784476218,2026-07-19 22:50:18,41197264,4.668,92.26,-82,SIAGA
NODE_01,1784476278,2026-07-19 22:51:18,39218777,4.443,91.59,-48,SIAGA
NODE_01,1784476338,2026-07-19 22:52:18,30966605,3.508,89.26,-74,SIAGA
NODE_01,1784476398,2026-07-19 22:53:18,36017123,4.081,85.89,-45,SIAGA
NODE_01,1784476458,2026-07-19 22:54:18,27023253,3.062,85.36,-53,SIAGA
NODE_01,1784476518,2026-07-19 22:55:18,34060286,3.859,87.45,-45,SIAGA
NODE_01,1784476578,2026-07-19 22:56:18,36668397,4.154,87.16,-69,SIAGA
NODE_01,1784476638,2026-07-19 22:57:18,32514795,3.684,85.84,-78,SIAGA
NODE_01,1784476698,2026-07-19 22:58:18,37189821,4.213,86.25,-65,SIAGA
NODE_01,1784476758,2026-07-19 22:59:18,41752360,4.73,88.72,-85,SIAGA
NODE_01,1784476818,2026-07-19 23:00:18,27750979,3.144,88.76,-79,SIAGA
NODE_01,1784476878,2026-07-19 23:01:18,30906492,3.502,90.27,-78,SIAGA
NODE_01,1784476938,2026-07-19 23:02:18,38916380,4.409,88.63,-85,SIAGA
NODE_01,1784476998,2026-07-19 23:03:18,28719662,3.254,88.17,-63,SIAGA
NODE_01,1784477058,2026-07-19 23:04:18,31417675,3.56,87.2,-78,SIAGA
NODE_01,1784477118,2026-07-19 23:05:18,31251304,3.541,91.52,-72,SIAGA
NODE_01,1784477178,2026-07-19 23:06:18,37689133,4.27,89.01,-62,SIAGA
NODE_01,1784477238,2026-07-19 23:07:18,36564776,4.143,89.02,-53,SIAGA
NODE_01,1784477298,2026-07-19 23:08:18,28209283,3.196,91.38,-85,SIAGA
NODE_01,1784477358,2026-07-19 23:09:18,37243300,4.22,90.23,-54,SIAGA
NODE_01,1784477418,2026-07-19 23:10:18,29505178,3.343,89.65,-57,SIAGA
NODE_01,1784477478,2026-07-19 23:11:18,28116964,3.186,88.87,-79,SIAGA
NODE_01,1784477538,2026-07-19 23:12:18,32367838,3.667,88.46,-72,SIAGA
NODE_01,1784477598,2026-07-19 23:13:18,30115272,3.412,85.14,-70,SIAGA
NODE_01,1784477658,2026-07-19 23:14:18,31396325,3.557,91.01,-54,SIAGA
NODE_01,1784477718,2026-07-19 23:15:18,33550987,3.801,87.58,-51,SIAGA
NODE_01,1784477778,2026-07-19 23:16:18,28080904,3.181,90.22,-57,SIAGA
NODE_01,1784477838,2026-07-19 23:17:18,36699058,4.158,87.07,-52,SIAGA
NODE_01,1784477898,2026-07-19 23:18:18,36053149,4.085,87.68,-76,SIAGA
NODE_01,1784477958,2026-07-19 23:19:18,32540993,3.687,90.43,-68,SIAGA
NODE_01,1784478018,2026-07-19 23:20:18,40528537,4.592,89.44,-50,SIAGA
NODE_01,1784478078,2026-07-19 23:21:18,26652667,3.02,89.9,-60,SIAGA
NODE_01,1784478138,2026-07-19 23:22:18,28304735,3.207,86.04,-47,SIAGA
NODE_01,1784478198,2026-07-19 23:23:18,29627859,3.357,88.27,-81,SIAGA
NODE_01,1784478258,2026-07-19 23:24:18,39793532,4.508,87.04,-82,SIAGA
NODE_01,1784478318,2026-07-19 23:25:18,28568155,3.237,88.54,-70,SIAGA
NODE_01,1784478378,2026-07-19 23:26:18,40542094,4.593,86.1,-52,SIAGA
NODE_01,1784478438,2026-07-19 23:27:18,26318822,2.982,90.04,-63,SIAGA
NODE_01,1784478498,2026-07-19 23:28:18,30683217,3.476,89.09,-55,SIAGA
NODE_01,1784478558,2026-07-19 23:29:18,41416102,4.692,89.45,-59,SIAGA
NODE_01,1784478618,2026-07-19 23:30:18,29420754,3.333,87.56,-58,SIAGA
NODE_01,1784478678,2026-07-19 23:31:18,37894535,4.293,91.06,-66,SIAGA
NODE_01,1784478738,2026-07-19 23:32:18,42079805,4.767,90.36,-62,SIAGA
NODE_01,1784478798,2026-07-19 23:33:18,38232100,4.332,88.24,-78,SIAGA
NODE_01,1784478858,2026-07-19 23:34:18,35530543,4.025,88.04,-56,SIAGA
NODE_01,1784478918,2026-07-19 23:35:18,31012220,3.514,84.93,-49,SIAGA
NODE_01,1784478978,2026-07-19 23:36:18,28841797,3.268,89.89,-77,SIAGA
NODE_01,1784479038,2026-07-19 23:37:18,39609941,4.488,89.57,-45,SIAGA
NODE_01,1784479098,2026-07-19 23:38:18,39653735,4.493,92.19,-82,SIAGA
NODE_01,1784479158,2026-07-19 23:39:18,31940219,3.619,91.02,-58,SIAGA
NODE_01,1784479218,2026-07-19 23:40:18,26036520,2.95,88.76,-56,SIAGA
NODE_01,1784479278,2026-07-19 23:41:18,35826205,4.059,86.44,-51,SIAGA
NODE_01,1784479338,2026-07-19 23:42:18,38864400,4.403,91.04,-59,SIAGA
NODE_01,1784479398,2026-07-19 23:43:18,28757968,3.258,91.67,-66,SIAGA
NODE_01,1784479458,2026-07-19 23:44:18,42822771,4.852,86.73,-80,SIAGA
NODE_01,1784479518,2026-07-19 23:45:18,41383089,4.689,88.17,-83,SIAGA
NODE_01,1784479578,2026-07-19 23:46:18,35268174,3.996,86.81,-78,SIAGA
NODE_01,1784479638,2026-07-19 23:47:18,38260497,4.335,87.95,-46,SIAGA
NODE_01,1784479698,2026-07-19 23:48:18,26814547,3.038,92.35,-65,SIAGA
NODE_01,1784479758,2026-07-19 23:49:18,40658120,4.606,85.91,-70,SIAGA
NODE_01,1784479818,2026-07-19 23:50:18,28345499,3.211,90.55,-46,SIAGA
NODE_01,1784479878,2026-07-19 23:51:18,35159827,3.983,90.46,-49,SIAGA
NODE_01,1784479938,2026-07-19 23:52:18,42116253,4.772,84.67,-72,SIAGA
NODE_01,1784479998,2026-07-19 23:53:18,34856699,3.949,85.86,-77,SIAGA
NODE_01,1784480058,2026-07-19 23:54:18,28228247,3.198,85.54,-80,SIAGA
NODE_01,1784480118,2026-07-19 23:55:18,28714349,3.253,90.51,-78,SIAGA
NODE_01,1784480178,2026-07-19 23:56:18,35953456,4.073,88.11,-65,SIAGA
NODE_01,1784480238,2026-07-19 23:57:18,40667157,4.607,86.32,-57,SIAGA
NODE_01,1784480298,2026-07-19 23:58:18,37023495,4.195,89.85,-45,SIAGA
NODE_01,1784480358,2026-07-19 23:59:18,31804485,3.603,89.59,-80,SIAGA
NODE_01,1784480418,2026-07-20 00:00:18,41594838,4.713,84.54,-74,SIAGA
NODE_01,1784480478,2026-07-20 00:01:18,38988764,4.417,86.61,-72,SIAGA
NODE_01,1784480538,2026-07-20 00:02:18,28579825,3.238,85.1,-59,SIAGA
NODE_01,1784480598,2026-07-20 00:03:18,28035211,3.176,90.86,-69,SIAGA
NODE_01,1784480658,2026-07-20 00:04:18,32958988,3.734,90.85,-70,SIAGA
NODE_01,1784480718,2026-07-20 00:05:18,30940844,3.505,86.69,-54,SIAGA
NODE_01,1784480778,2026-07-20 00:06:18,33348807,3.778,86.94,-56,SIAGA
NODE_01,1784480838,2026-07-20 00:07:18,30418744,3.446,87.74,-75,SIAGA
NODE_01,1784480898,2026-07-20 00:08:18,28228766,3.198,85.82,-68,SIAGA
NODE_01,1784480958,2026-07-20 00:09:18,32903704,3.728,85.2,-53,SIAGA
NODE_01,1784481018,2026-07-20 00:10:18,39964145,4.528,91.76,-46,SIAGA
NODE_01,1784481078,2026-07-20 00:11:18,40718644,4.613,90.73,-45,SIAGA
NODE_01,1784481138,2026-07-20 00:12:18,26710437,3.026,91.52,-69,SIAGA
NODE_01,1784481198,2026-07-20 00:13:18,41497484,4.702,90.69,-47,SIAGA
NODE_01,1784481258,2026-07-20 00:14:18,38385319,4.349,91.29,-74,SIAGA
NODE_01,1784481318,2026-07-20 00:15:18,41883770,4.745,86.41,-82,SIAGA
NODE_01,1784481378,2026-07-20 00:16:18,38210888,4.329,88.19,-85,SIAGA
NODE_01,1784481438,2026-07-20 00:17:18,30369054,3.441,89.13,-71,SIAGA
NODE_01,1784481498,2026-07-20 00:18:18,32900378,3.727,90.5,-71,SIAGA
NODE_01,1784481558,2026-07-20 00:19:18,33097383,3.75,91.23,-76,SIAGA
NODE_01,1784481618,2026-07-20 00:20:18,35222905,3.991,85.38,-54,SIAGA
NODE_01,1784481678,2026-07-20 00:21:18,36882089,4.179,86.02,-76,SIAGA
NODE_01,1784481738,2026-07-20 00:22:18,30199614,3.422,88.09,-81,SIAGA
NODE_01,1784481798,2026-07-20 00:23:18,31926444,3.617,86.59,-65,SIAGA
NODE_01,1784481858,2026-07-20 00:24:18,26011664,2.947,92.1,-66,SIAGA
NODE_01,1784481918,2026-07-20 00:25:18,35749556,4.05,89.01,-85,SIAGA
NODE_01,1784481978,2026-07-20 00:26:18,33749567,3.824,85.79,-82,SIAGA
NODE_01,1784482038,2026-07-20 00:27:18,25430612,2.881,89.12,-59,SIAGA
NODE_01,1784482098,2026-07-20 00:28:18,31285050,3.544,91.35,-73,SIAGA
NODE_01,1784482158,2026-07-20 00:29:18,39915597,4.522,86.97,-60,SIAGA
NODE_01,1784482218,2026-07-20 00:30:18,34578710,3.918,90.33,-53,SIAGA
NODE_01,1784482278,2026-07-20 00:31:18,31590213,3.579,91.49,-80,SIAGA
NODE_01,1784482338,2026-07-20 00:32:18,36988620,4.191,89.55,-61,SIAGA
NODE_01,1784482398,2026-07-20 00:33:18,41050349,4.651,85.67,-62,SIAGA
NODE_01,1784482458,2026-07-20 00:34:18,36088357,4.089,86.15,-75,SIAGA
NODE_01,1784482518,2026-07-20 00:35:18,37073455,4.2,90.23,-53,SIAGA
NODE_01,1784482578,2026-07-20 00:36:18,30082553,3.408,90.81,-85,SIAGA
NODE_01,1784482638,2026-07-20 00:37:18,29907937,3.388,88.82,-56,SIAGA
NODE_01,1784482698,2026-07-20 00:38:18,27118537,3.072,90.46,-72,SIAGA
NODE_01,1784482758,2026-07-20 00:39:18,34498377,3.909,87.81,-62,SIAGA
NODE_01,1784482818,2026-07-20 00:40:18,38933750,4.411,88.89,-71,SIAGA
NODE_01,1784482878,2026-07-20 00:41:18,30999472,3.512,86.7,-50,SIAGA
NODE_01,1784482938,2026-07-20 00:42:18,39006431,4.419,89.94,-70,SIAGA
NODE_01,1784482998,2026-07-20 00:43:18,34291579,3.885,85.44,-50,SIAGA
NODE_01,1784483058,2026-07-20 00:44:18,41062071,4.652,84.83,-52,SIAGA
NODE_01,1784483118,2026-07-20 00:45:18,32772139,3.713,89.72,-52,SIAGA
NODE_01,1784483178,2026-07-20 00:46:18,37681362,4.269,88.26,-69,SIAGA
NODE_01,1784483238,2026-07-20 00:47:18,37712524,4.273,85.5,-53,SIAGA
NODE_01,1784483298,2026-07-20 00:48:18,33197415,3.761,84.72,-81,SIAGA
NODE_01,1784483358,2026-07-20 00:49:18,30015600,3.401,84.29,-62,SIAGA
NODE_01,1784483418,2026-07-20 00:50:18,34977637,3.963,90.16,-63,SIAGA
NODE_01,1784483478,2026-07-20 00:51:18,42467558,4.811,90.66,-69,SIAGA
NODE_01,1784483538,2026-07-20 00:52:18,29250709,3.314,89.69,-76,SIAGA
NODE_01,1784483598,2026-07-20 00:53:18,28420754,3.22,91.06,-51,SIAGA
NODE_01,1784483658,2026-07-20 00:54:18,33712930,3.82,85.93,-73,SIAGA
NODE_01,1784483718,2026-07-20 00:55:18,38732702,4.388,87.4,-60,SIAGA
NODE_01,1784483778,2026-07-20 00:56:18,33381803,3.782,86.64,-65,SIAGA
NODE_01,1784483838,2026-07-20 00:57:18,32819526,3.718,87.45,-52,SIAGA
NODE_01,1784483898,2026-07-20 00:58:18,28858426,3.27,89.9,-77,SIAGA
NODE_01,1784483958,2026-07-20 00:59:18,27472298,3.113,85.94,-76,SIAGA
NODE_01,1784484018,2026-07-20 01:00:18,29953031,3.394,87.61,-47,SIAGA
NODE_01,1784484078,2026-07-20 01:01:18,35363920,4.007,85.59,-80,SIAGA
NODE_01,1784484138,2026-07-20 01:02:18,30919816,3.503,88.36,-65,SIAGA
NODE_01,1784484198,2026-07-20 01:03:18,39639261,4.491,90.14,-66,SIAGA
NODE_01,1784484258,2026-07-20 01:04:18,41213357,4.669,92.0,-76,SIAGA
NODE_01,1784484318,2026-07-20 01:05:18,35120199,3.979,91.2,-71,SIAGA
NODE_01,1784484378,2026-07-20 01:06:18,28533228,3.233,87.01,-46,SIAGA
NODE_01,1784484438,2026-07-20 01:07:18,35150211,3.982,90.86,-82,SIAGA
NODE_01,1784484498,2026-07-20 01:08:18,40108250,4.544,88.67,-48,SIAGA
NODE_01,1784484558,2026-07-20 01:09:18,31475804,3.566,90.45,-80,SIAGA
NODE_01,1784484618,2026-07-20 01:10:18,35312649,4.001,87.6,-82,SIAGA
NODE_01,1784484678,2026-07-20 01:11:18,32294045,3.659,91.08,-68,SIAGA
NODE_01,1784484738,2026-07-20 01:12:18,37086504,4.202,88.0,-72,SIAGA
NODE_01,1784484798,2026-07-20 01:13:18,41540674,4.706,92.23,-51,SIAGA
NODE_01,1784484858,2026-07-20 01:14:18,36184356,4.1,90.06,-48,SIAGA
NODE_01,1784484918,2026-07-20 01:15:18,39699051,4.498,86.83,-79,SIAGA
NODE_01,1784484978,2026-07-20 01:16:18,30151316,3.416,90.2,-67,SIAGA
NODE_01,1784485038,2026-07-20 01:17:18,31460367,3.564,86.48,-76,SIAGA
NODE_01,1784485098,2026-07-20 01:18:18,39772537,4.506,89.62,-47,SIAGA
NODE_01,1784485158,2026-07-20 01:19:18,41394562,4.69,86.05,-62,SIAGA
NODE_01,1784485218,2026-07-20 01:20:18,25932758,2.938,88.29,-80,SIAGA
NODE_01,1784485278,2026-07-20 01:21:18,35930828,4.071,87.18,-85,SIAGA
NODE_01,1784485338,2026-07-20 01:22:18,38457544,4.357,85.49,-84,SIAGA
NODE_01,1784485398,2026-07-20 01:23:18,31175203,3.532,91.56,-78,SIAGA
NODE_01,1784485458,2026-07-20 01:24:18,33428511,3.787,92.09,-50,SIAGA
NODE_01,1784485518,2026-07-20 01:25:18,36689538,4.157,88.41,-75,SIAGA
NODE_01,1784485578,2026-07-20 01:26:18,31938058,3.618,90.97,-67,SIAGA
NODE_01,1784485638,2026-07-20 01:27:18,29287658,3.318,89.07,-49,SIAGA
NODE_01,1784485698,2026-07-20 01:28:18,35675706,4.042,89.14,-79,SIAGA
NODE_01,1784485758,2026-07-20 01:29:18,35652962,4.039,85.45,-51,SIAGA
NODE_01,1784485818,2026-07-20 01:30:18,34491324,3.908,87.94,-57,SIAGA
NODE_01,1784485878,2026-07-20 01:31:18,35953003,4.073,85.57,-52,SIAGA
NODE_01,1784485938,2026-07-20 01:32:18,31480252,3.567,90.49,-81,SIAGA
NODE_01,1784485998,2026-07-20 01:33:18,28678563,3.249,85.42,-71,SIAGA
NODE_01,1784486058,2026-07-20 01:34:18,26085692,2.955,86.05,-82,SIAGA
NODE_01,1784486118,2026-07-20 01:35:18,30796492,3.489,88.03,-66,SIAGA
NODE_01,1784486178,2026-07-20 01:36:18,40068261,4.54,86.7,-60,SIAGA
NODE_01,1784486238,2026-07-20 01:37:18,27686274,3.137,86.82,-82,SIAGA
NODE_01,1784486298,2026-07-20 01:38:18,35882416,4.065,90.42,-52,SIAGA
NODE_01,1784486358,2026-07-20 01:39:18,37354801,4.232,87.19,-80,SIAGA
NODE_01,1784486418,2026-07-20 01:40:18,39480060,4.473,86.05,-53,SIAGA
NODE_01,1784486478,2026-07-20 01:41:18,29554557,3.348,89.97,-67,SIAGA
NODE_01,1784486538,2026-07-20 01:42:18,27264099,3.089,90.5,-81,SIAGA
NODE_01,1784486598,2026-07-20 01:43:18,39212565,4.443,87.14,-83,SIAGA
NODE_01,1784486658,2026-07-20 01:44:18,38424873,4.353,91.56,-62,SIAGA
NODE_01,1784486718,2026-07-20 01:45:18,39560189,4.482,86.57,-52,SIAGA
NODE_01,1784486778,2026-07-20 01:46:18,31084023,3.522,84.74,-45,SIAGA
NODE_01,1784486838,2026-07-20 01:47:18,31070062,3.52,86.44,-69,SIAGA
NODE_01,1784486898,2026-07-20 01:48:18,41380731,4.688,85.8,-49,SIAGA
NODE_01,1784486958,2026-07-20 01:49:18,30997992,3.512,87.83,-45,SIAGA
NODE_01,1784487018,2026-07-20 01:50:18,35319239,4.002,90.6,-67,SIAGA
NODE_01,1784487078,2026-07-20 01:51:18,31431380,3.561,88.05,-83,SIAGA
NODE_01,1784487138,2026-07-20 01:52:18,34262199,3.882,91.29,-60,SIAGA
NODE_01,1784487198,2026-07-20 01:53:18,30109934,3.411,89.49,-60,SIAGA
NODE_01,1784487258,2026-07-20 01:54:18,41697003,4.724,86.98,-45,SIAGA
NODE_01,1784487318,2026-07-20 01:55:18,35343623,4.004,89.31,-81,SIAGA
NODE_01,1784487378,2026-07-20 01:56:18,32105629,3.637,89.5,-62,SIAGA
NODE_01,1784487438,2026-07-20 01:57:18,33373866,3.781,86.85,-66,SIAGA
NODE_01,1784487498,2026-07-20 01:58:18,29486707,3.341,86.49,-55,SIAGA
NODE_01,1784487558,2026-07-20 01:59:18,42637749,4.831,89.03,-49,SIAGA
NODE_01,1784487618,2026-07-20 02:00:18,38851561,4.402,84.64,-74,SIAGA
NODE_01,1784487678,2026-07-20 02:01:18,40368069,4.574,91.73,-65,SIAGA
NODE_01,1784487738,2026-07-20 02:02:18,29805483,3.377,84.48,-84,SIAGA
NODE_01,1784487798,2026-07-20 02:03:18,39864299,4.516,91.09,-56,SIAGA
NODE_01,1784487858,2026-07-20 02:04:18,34224195,3.877,87.43,-60,SIAGA
NODE_01,1784487918,2026-07-20 02:05:18,31306883,3.547,90.58,-80,SIAGA
NODE_01,1784487978,2026-07-20 02:06:18,28136777,3.188,88.42,-45,SIAGA
NODE_01,1784488038,2026-07-20 02:07:18,34726004,3.934,87.67,-69,SIAGA
NODE_01,1784488098,2026-07-20 02:08:18,26827002,3.039,86.64,-48,SIAGA
NODE_01,1784488158,2026-07-20 02:09:18,27529748,3.119,91.1,-55,SIAGA
NODE_01,1784488218,2026-07-20 02:10:18,32701343,3.705,85.89,-47,SIAGA
NODE_01,1784488278,2026-07-20 02:11:18,35910056,4.068,84.96,-62,SIAGA
NODE_01,1784488338,2026-07-20 02:12:18,37418991,4.239,90.14,-77,SIAGA
NODE_01,1784488398,2026-07-20 02:13:18,28764376,3.259,85.99,-60,SIAGA
NODE_01,1784488458,2026-07-20 02:14:18,29951613,3.393,86.57,-50,SIAGA
NODE_01,1784488518,2026-07-20 02:15:18,37476795,4.246,91.88,-68,SIAGA
NODE_01,1784488578,2026-07-20 02:16:18,33584386,3.805,88.29,-67,SIAGA
NODE_01,1784488638,2026-07-20 02:17:18,32471147,3.679,85.78,-79,SIAGA
NODE_01,1784488698,2026-07-20 02:18:18,42670342,4.834,89.04,-49,SIAGA
NODE_01,1784488758,2026-07-20 02:19:18,30455572,3.451,86.32,-71,SIAGA
NODE_01,1784488818,2026-07-20 02:20:18,34211648,3.876,88.83,-64,SIAGA
NODE_01,1784488878,2026-07-20 02:21:18,35785708,4.054,91.83,-56,SIAGA
NODE_01,1784488938,2026-07-20 02:22:18,37566412,4.256,85.27,-85,SIAGA
NODE_01,1784488998,2026-07-20 02:23:18,32939634,3.732,88.42,-85,SIAGA
NODE_01,1784489058,2026-07-20 02:24:18,26216853,2.97,89.32,-79,SIAGA
NODE_01,1784489118,2026-07-20 02:25:18,26019602,2.948,84.53,-64,SIAGA
NODE_01,1784489178,2026-07-20 02:26:18,37392897,4.236,89.45,-62,SIAGA
NODE_01,1784489238,2026-07-20 02:27:18,27814532,3.151,89.44,-60,SIAGA
NODE_01,1784489298,2026-07-20 02:28:18,31080436,3.521,91.71,-52,SIAGA
NODE_01,1784489358,2026-07-20 02:29:18,26608279,3.015,87.5,-49,SIAGA
NODE_01,1784489418,2026-07-20 02:30:18,26165056,2.964,87.83,-77,SIAGA
NODE_01,1784489478,2026-07-20 02:31:18,25794426,2.922,88.62,-78,SIAGA
NODE_01,1784489538,2026-07-20 02:32:18,30016141,3.401,89.68,-74,SIAGA
NODE_01,1784489598,2026-07-20 02:33:18,29477260,3.34,88.71,-66,SIAGA
NODE_01,1784489658,2026-07-20 02:34:18,33849848,3.835,91.51,-51,SIAGA
NODE_01,1784489718,2026-07-20 02:35:18,29517794,3.344,85.91,-58,SIAGA
NODE_01,1784489778,2026-07-20 02:36:18,33627410,3.81,85.66,-58,SIAGA
NODE_01,1784489838,2026-07-20 02:37:18,39694398,4.497,87.27,-84,SIAGA
NODE_01,1784489898,2026-07-20 02:38:18,35962851,4.074,88.21,-83,SIAGA
NODE_01,1784489958,2026-07-20 02:39:18,39138359,4.434,87.61,-83,SIAGA
NODE_01,1784490018,2026-07-20 02:40:18,36054787,4.085,87.77,-72,SIAGA
NODE_01,1784490078,2026-07-20 02:41:18,34562400,3.916,90.28,-62,SIAGA
NODE_01,1784490138,2026-07-20 02:42:18,34987552,3.964,85.81,-66,SIAGA
NODE_01,1784490198,2026-07-20 02:43:18,30347751,3.438,86.04,-47,SIAGA
NODE_01,1784490258,2026-07-20 02:44:18,30603428,3.467,89.83,-64,SIAGA
NODE_01,1784490318,2026-07-20 02:45:18,31560612,3.576,85.09,-58,SIAGA
NODE_01,1784490378,2026-07-20 02:46:18,31562004,3.576,92.57,-56,SIAGA
NODE_01,1784490438,2026-07-20 02:47:18,33735986,3.822,86.13,-46,SIAGA
NODE_01,1784490498,2026-07-20 02:48:18,27708941,3.139,91.67,-54,SIAGA
NODE_01,1784490558,2026-07-20 02:49:18,31209068,3.536,91.48,-81,SIAGA
NODE_01,1784490618,2026-07-20 02:50:18,30224591,3.424,89.41,-73,SIAGA
NODE_01,1784490678,2026-07-20 02:51:18,42795860,4.849,90.15,-47,SIAGA
NODE_01,1784490738,2026-07-20 02:52:18,27738925,3.143,88.15,-80,SIAGA
NODE_01,1784490798,2026-07-20 02:53:18,42187021,4.78,88.25,-80,SIAGA
NODE_01,1784490858,2026-07-20 02:54:18,27043466,3.064,85.63,-56,SIAGA
NODE_01,1784490918,2026-07-20 02:55:18,32833307,3.72,88.59,-55,SIAGA
NODE_01,1784490978,2026-07-20 02:56:18,28438004,3.222,87.62,-46,SIAGA
NODE_01,1784491038,2026-07-20 02:57:18,29628157,3.357,86.56,-76,SIAGA
NODE_01,1784491098,2026-07-20 02:58:18,28309179,3.207,91.4,-80,SIAGA
NODE_01,1784491158,2026-07-20 02:59:18,37926813,4.297,89.95,-84,SIAGA
NODE_01,1784491218,2026-07-20 03:00:18,28829359,3.266,84.86,-53,SIAGA
NODE_01,1784491278,2026-07-20 03:01:18,35479567,4.02,88.37,-70,SIAGA
NODE_01,1784491338,2026-07-20 03:02:18,41278905,4.677,89.74,-51,SIAGA
NODE_01,1784491398,2026-07-20 03:03:18,27117929,3.072,86.07,-69,SIAGA
NODE_01,1784491458,2026-07-20 03:04:18,40716215,4.613,89.31,-58,SIAGA
NODE_01,1784491518,2026-07-20 03:05:18,33447741,3.79,89.0,-55,SIAGA
NODE_01,1784491578,2026-07-20 03:06:18,37240639,4.219,90.38,-49,SIAGA
NODE_01,1784491638,2026-07-20 03:07:18,26833186,3.04,91.78,-78,SIAGA
NODE_01,1784491698,2026-07-20 03:08:18,34767607,3.939,86.97,-51,SIAGA
NODE_01,1784491758,2026-07-20 03:09:18,39523089,4.478,85.93,-73,SIAGA
NODE_01,1784491818,2026-07-20 03:10:18,35962505,4.074,88.54,-70,SIAGA
NODE_01,1784491878,2026-07-20 03:11:18,34010722,3.853,90.71,-53,SIAGA
NODE_01,1784491938,2026-07-20 03:12:18,34724697,3.934,89.22,-62,SIAGA
NODE_01,1784491998,2026-07-20 03:13:18,27635176,3.131,84.75,-84,SIAGA
NODE_01,1784492058,2026-07-20 03:14:18,40009766,4.533,85.15,-61,SIAGA
NODE_01,1784492118,2026-07-20 03:15:18,42706769,4.839,85.12,-64,SIAGA
NODE_01,1784492178,2026-07-20 03:16:18,27849807,3.155,88.3,-63,SIAGA
NODE_01,1784492238,2026-07-20 03:17:18,40767461,4.619,92.17,-63,SIAGA
NODE_01,1784492298,2026-07-20 03:18:18,32907925,3.728,87.71,-75,SIAGA
NODE_01,1784492358,2026-07-20 03:19:18,25972736,2.943,88.82,-61,SIAGA
NODE_01,1784492418,2026-07-20 03:20:18,30951247,3.507,91.03,-49,SIAGA
NODE_01,1784492478,2026-07-20 03:21:18,36916154,4.182,87.2,-53,SIAGA
NODE_01,1784492538,2026-07-20 03:22:18,40499960,4.589,90.4,-73,SIAGA
NODE_01,1784492598,2026-07-20 03:23:18,38767396,4.392,86.99,-62,SIAGA
NODE_01,1784492658,2026-07-20 03:24:18,33247866,3.767,90.34,-71,SIAGA
NODE_01,1784492718,2026-07-20 03:25:18,34933459,3.958,87.23,-67,SIAGA
NODE_01,1784492778,2026-07-20 03:26:18,36963675,4.188,88.1,-51,SIAGA
NODE_01,1784492838,2026-07-20 03:27:18,36683891,4.156,91.73,-71,SIAGA
NODE_01,1784492898,2026-07-20 03:28:18,29476709,3.34,90.15,-51,SIAGA
NODE_01,1784492958,2026-07-20 03:29:18,27508163,3.117,90.77,-85,SIAGA
NODE_01,1784493018,2026-07-20 03:30:18,43247784,4.9,88.76,-49,SIAGA
NODE_01,1784493078,2026-07-20 03:31:18,31140041,3.528,86.03,-64,SIAGA
NODE_01,1784493138,2026-07-20 03:32:18,39230795,4.445,85.99,-63,SIAGA
NODE_01,1784493198,2026-07-20 03:33:18,27054376,3.065,87.61,-71,SIAGA
NODE_01,1784493258,2026-07-20 03:34:18,31146808,3.529,88.17,-82,SIAGA
NODE_01,1784493318,2026-07-20 03:35:18,39445745,4.469,87.5,-64,SIAGA
NODE_01,1784493378,2026-07-20 03:36:18,35575652,4.031,88.37,-50,SIAGA
NODE_01,1784493438,2026-07-20 03:37:18,31744099,3.596,85.74,-70,SIAGA
NODE_01,1784493498,2026-07-20 03:38:18,34563121,3.916,91.51,-83,SIAGA
NODE_01,1784493558,2026-07-20 03:39:18,39484182,4.473,89.15,-76,SIAGA
NODE_01,1784493618,2026-07-20 03:40:18,34520601,3.911,86.89,-68,SIAGA
NODE_01,1784493678,2026-07-20 03:41:18,38176595,4.325,91.45,-69,SIAGA
NODE_01,1784493738,2026-07-20 03:42:18,36769578,4.166,89.3,-79,SIAGA
NODE_01,1784493798,2026-07-20 03:43:18,33859867,3.836,88.63,-84,SIAGA
NODE_01,1784493858,2026-07-20 03:44:18,34449874,3.903,86.82,-66,SIAGA
NODE_01,1784493918,2026-07-20 03:45:18,35611076,4.035,85.52,-68,SIAGA
NODE_01,1784493978,2026-07-20 03:46:18,25725444,2.915,87.42,-47,SIAGA
NODE_01,1784494038,2026-07-20 03:47:18,38553695,4.368,88.87,-50,SIAGA
NODE_01,1784494098,2026-07-20 03:48:18,40378542,4.575,85.33,-71,SIAGA
NODE_01,1784494158,2026-07-20 03:49:18,39579449,4.484,86.62,-68,SIAGA
NODE_01,1784494218,2026-07-20 03:50:18,39426765,4.467,87.29,-70,SIAGA
NODE_01,1784494278,2026-07-20 03:51:18,36976586,4.189,89.64,-70,SIAGA
NODE_01,1784494338,2026-07-20 03:52:18,34499151,3.909,89.47,-71,SIAGA
NODE_01,1784494398,2026-07-20 03:53:18,30085236,3.409,86.45,-82,SIAGA
NODE_01,1784494458,2026-07-20 03:54:18,28364108,3.214,87.68,-66,SIAGA
NODE_01,1784494518,2026-07-20 03:55:18,27548936,3.121,86.88,-81,SIAGA
NODE_01,1784494578,2026-07-20 03:56:18,27111164,3.072,89.71,-63,SIAGA
NODE_01,1784494638,2026-07-20 03:57:18,32675559,3.702,88.41,-46,SIAGA
NODE_01,1784494698,2026-07-20 03:58:18,33642563,3.812,85.04,-65,SIAGA
NODE_01,1784494758,2026-07-20 03:59:18,38989180,4.417,86.2,-80,SIAGA
NODE_01,1784494818,2026-07-20 04:00:18,37894170,4.293,89.89,-47,SIAGA
NODE_01,1784494878,2026-07-20 04:01:18,30795600,3.489,87.86,-63,SIAGA
NODE_01,1784494938,2026-07-20 04:02:18,32192203,3.647,90.32,-73,SIAGA
NODE_01,1784494998,2026-07-20 04:03:18,31552098,3.575,90.31,-85,SIAGA
NODE_01,1784495058,2026-07-20 04:04:18,37842095,4.287,86.71,-62,SIAGA
NODE_01,1784495118,2026-07-20 04:05:18,28528890,3.232,84.53,-67,SIAGA
NODE_01,1784495178,2026-07-20 04:06:18,34657621,3.927,91.84,-57,SIAGA
NODE_01,1784495238,2026-07-20 04:07:18,37586133,4.258,88.99,-60,SIAGA
NODE_01,1784495298,2026-07-20 04:08:18,42145605,4.775,89.72,-70,SIAGA
NODE_01,1784495358,2026-07-20 04:09:18,40144762,4.548,89.75,-83,SIAGA
NODE_01,1784495418,2026-07-20 04:10:18,37598672,4.26,88.77,-49,SIAGA
NODE_01,1784495478,2026-07-20 04:11:18,26765813,3.032,92.24,-50,SIAGA
NODE_01,1784495538,2026-07-20 04:12:18,33416083,3.786,89.98,-54,SIAGA
NODE_01,1784495598,2026-07-20 04:13:18,30010772,3.4,89.77,-69,SIAGA
NODE_01,1784495658,2026-07-20 04:14:18,34714373,3.933,91.89,-52,SIAGA
NODE_01,1784495718,2026-07-20 04:15:18,30980372,3.51,85.53,-62,SIAGA
NODE_01,1784495778,2026-07-20 04:16:18,37410986,4.239,86.33,-81,SIAGA
NODE_01,1784495838,2026-07-20 04:17:18,42708273,4.839,85.32,-61,SIAGA
NODE_01,1784495898,2026-07-20 04:18:18,32806795,3.717,90.46,-72,SIAGA
NODE_01,1784495958,2026-07-20 04:19:18,27207382,3.083,85.19,-77,SIAGA
NODE_01,1784496018,2026-07-20 04:20:18,28662294,3.247,90.75,-77,SIAGA
NODE_01,1784496078,2026-07-20 04:21:18,28992535,3.285,91.92,-79,SIAGA
NODE_01,1784496138,2026-07-20 04:22:18,42121721,4.772,89.21,-83,SIAGA
NODE_01,1784496198,2026-07-20 04:23:18,34817194,3.945,91.77,-64,SIAGA
NODE_01,1784496258,2026-07-20 04:24:18,26354277,2.986,88.78,-64,SIAGA
NODE_01,1784496318,2026-07-20 04:25:18,29220420,3.311,89.93,-81,SIAGA
NODE_01,1784496378,2026-07-20 04:26:18,41207737,4.669,90.93,-72,SIAGA
NODE_01,1784496438,2026-07-20 04:27:18,41973471,4.755,87.18,-58,SIAGA
NODE_01,1784496498,2026-07-20 04:28:18,31170266,3.531,87.34,-62,SIAGA
NODE_01,1784496558,2026-07-20 04:29:18,39347832,4.458,90.48,-61,SIAGA
NODE_01,1784496618,2026-07-20 04:30:18,40928229,4.637,91.15,-54,SIAGA
NODE_01,1784496678,2026-07-20 04:31:18,43818785,4.965,89.34,-69,SIAGA
NODE_01,1784496738,2026-07-20 04:32:18,38641467,4.378,89.43,-71,SIAGA
NODE_01,1784496798,2026-07-20 04:33:18,40190677,4.553,86.23,-60,SIAGA
NODE_01,1784496858,2026-07-20 04:34:18,36694168,4.157,91.53,-81,SIAGA
NODE_01,1784496918,2026-07-20 04:35:18,39543855,4.48,87.37,-66,SIAGA
NODE_01,1784496978,2026-07-20 04:36:18,34337635,3.89,90.58,-68,SIAGA
NODE_01,1784497038,2026-07-20 04:37:18,29572829,3.35,86.02,-77,SIAGA
NODE_01,1784497098,2026-07-20 04:38:18,41298698,4.679,84.71,-56,SIAGA
NODE_01,1784497158,2026-07-20 04:39:18,27831290,3.153,86.17,-60,SIAGA
NODE_01,1784497218,2026-07-20 04:40:18,34496434,3.908,86.36,-83,SIAGA
NODE_01,1784497278,2026-07-20 04:41:18,37950373,4.3,92.72,-46,SIAGA
NODE_01,1784497338,2026-07-20 04:42:18,33570294,3.803,86.63,-80,SIAGA
NODE_01,1784497398,2026-07-20 04:43:18,27752176,3.144,86.65,-69,SIAGA
NODE_01,1784497458,2026-07-20 04:44:18,41280168,4.677,86.85,-79,SIAGA
NODE_01,1784497518,2026-07-20 04:45:18,42900091,4.86,87.12,-50,SIAGA
NODE_01,1784497578,2026-07-20 04:46:18,34605393,3.921,88.12,-63,SIAGA
NODE_01,1784497638,2026-07-20 04:47:18,37104258,4.204,88.83,-83,SIAGA
NODE_01,1784497698,2026-07-20 04:48:18,36556980,4.142,87.59,-56,SIAGA
NODE_01,1784497758,2026-07-20 04:49:18,33703837,3.819,92.49,-67,SIAGA
NODE_01,1784497818,2026-07-20 04:50:18,31845020,3.608,86.86,-72,SIAGA
NODE_01,1784497878,2026-07-20 04:51:18,29697782,3.365,87.35,-62,SIAGA
NODE_01,1784497938,2026-07-20 04:52:18,35531594,4.026,85.27,-85,SIAGA
NODE_01,1784497998,2026-07-20 04:53:18,38504061,4.362,88.98,-47,SIAGA
NODE_01,1784498058,2026-07-20 04:54:18,36027054,4.082,90.62,-61,SIAGA
NODE_01,1784498118,2026-07-20 04:55:18,30552473,3.461,87.6,-82,SIAGA
NODE_01,1784498178,2026-07-20 04:56:18,26976830,3.056,88.53,-85,SIAGA
NODE_01,1784498238,2026-07-20 04:57:18,30858191,3.496,87.9,-48,SIAGA
NODE_01,1784498298,2026-07-20 04:58:18,42391429,4.803,90.16,-77,SIAGA
NODE_01,1784498358,2026-07-20 04:59:18,37572604,4.257,84.35,-75,SIAGA
NODE_01,1784498418,2026-07-20 05:00:18,40439163,4.582,90.09,-51,SIAGA
NODE_01,1784498478,2026-07-20 05:01:18,39140193,4.434,89.61,-47,SIAGA
NODE_01,1784498538,2026-07-20 05:02:18,42118712,4.772,91.17,-45,SIAGA
NODE_01,1784498598,2026-07-20 05:03:18,33795850,3.829,90.84,-85,SIAGA
NODE_01,1784498658,2026-07-20 05:04:18,28243457,3.2,87.29,-65,SIAGA
NODE_01,1784498718,2026-07-20 05:05:18,37843374,4.288,86.06,-78,SIAGA
NODE_01,1784498778,2026-07-20 05:06:18,35486882,4.021,88.65,-64,SIAGA
NODE_01,1784498838,2026-07-20 05:07:18,41798114,4.736,90.24,-67,SIAGA
NODE_01,1784498898,2026-07-20 05:08:18,27950864,3.167,91.97,-75,SIAGA
NODE_01,1784498958,2026-07-20 05:09:18,31050772,3.518,89.02,-83,SIAGA
NODE_01,1784499018,2026-07-20 05:10:18,32672057,3.702,88.21,-63,SIAGA
NODE_01,1784499078,2026-07-20 05:11:18,40803444,4.623,91.17,-60,SIAGA
NODE_01,1784499138,2026-07-20 05:12:18,33984764,3.85,87.15,-46,SIAGA
NODE_01,1784499198,2026-07-20 05:13:18,34271118,3.883,87.48,-80,SIAGA
NODE_01,1784499258,2026-07-20 05:14:18,32198406,3.648,89.91,-69,SIAGA
NODE_01,1784499318,2026-07-20 05:15:18,32448020,3.676,91.31,-59,SIAGA
NODE_01,1784499378,2026-07-20 05:16:18,31823949,3.606,90.32,-64,SIAGA
NODE_01,1784499438,2026-07-20 05:17:18,35593718,4.033,84.67,-57,SIAGA
NODE_01,1784499498,2026-07-20 05:18:18,28885095,3.273,86.97,-49,SIAGA
NODE_01,1784499558,2026-07-20 05:19:18,29265482,3.316,86.84,-52,SIAGA
NODE_01,1784499618,2026-07-20 05:20:18,33527568,3.799,89.77,-78,SIAGA
NODE_01,1784499678,2026-07-20 05:21:18,28557017,3.235,89.95,-50,SIAGA
NODE_01,1784499738,2026-07-20 05:22:18,31277931,3.544,90.18,-68,SIAGA
NODE_01,1784499798,2026-07-20 05:23:18,35926331,4.07,86.15,-48,SIAGA
NODE_01,1784499858,2026-07-20 05:24:18,38427052,4.354,88.5,-68,SIAGA
NODE_01,1784499918,2026-07-20 05:25:18,39592522,4.486,90.59,-62,SIAGA
NODE_01,1784499978,2026-07-20 05:26:18,28288072,3.205,88.5,-58,SIAGA
NODE_01,1784500038,2026-07-20 05:27:18,32918027,3.729,85.87,-83,SIAGA
NODE_01,1784500098,2026-07-20 05:28:18,38100419,4.317,90.1,-70,SIAGA
NODE_01,1784500158,2026-07-20 05:29:18,26067957,2.953,88.53,-61,SIAGA
NODE_01,1784500218,2026-07-20 05:30:18,29232149,3.312,87.51,-61,SIAGA
NODE_01,1784500278,2026-07-20 05:31:18,31855187,3.609,92.34,-50,SIAGA
NODE_01,1784500338,2026-07-20 05:32:18,35727254,4.048,87.94,-48,SIAGA
NODE_01,1784500398,2026-07-20 05:33:18,41560277,4.709,86.66,-51,SIAGA
NODE_01,1784500458,2026-07-20 05:34:18,38822570,4.398,89.56,-64,SIAGA
NODE_01,1784500518,2026-07-20 05:35:18,28144317,3.189,87.96,-85,SIAGA
NODE_01,1784500578,2026-07-20 05:36:18,31458567,3.564,88.02,-66,SIAGA
NODE_01,1784500638,2026-07-20 05:37:18,27853956,3.156,89.57,-53,SIAGA
NODE_01,1784500698,2026-07-20 05:38:18,34265944,3.882,87.04,-74,SIAGA
NODE_01,1784500758,2026-07-20 05:39:18,33230921,3.765,86.74,-73,SIAGA
NODE_01,1784500818,2026-07-20 05:40:18,37041455,4.197,90.83,-75,SIAGA
NODE_01,1784500878,2026-07-20 05:41:18,41442691,4.695,85.89,-52,SIAGA
NODE_01,1784500938,2026-07-20 05:42:18,35441981,4.015,87.81,-82,SIAGA
NODE_01,1784500998,2026-07-20 05:43:18,26691967,3.024,88.2,-58,SIAGA
NODE_01,1784501058,2026-07-20 05:44:18,41486848,4.7,86.86,-76,SIAGA
NODE_01,1784501118,2026-07-20 05:45:18,36256467,4.108,88.35,-58,SIAGA
NODE_01,1784501178,2026-07-20 05:46:18,35385275,4.009,88.14,-77,SIAGA
NODE_01,1784501238,2026-07-20 05:47:18,28995496,3.285,87.29,-51,SIAGA
NODE_01,1784501298,2026-07-20 05:48:18,40342859,4.571,89.09,-51,SIAGA
NODE_01,1784501358,2026-07-20 05:49:18,41403873,4.691,87.0,-82,SIAGA
NODE_01,1784501418,2026-07-20 05:50:18,33761516,3.825,85.24,-61,SIAGA
NODE_01,1784501478,2026-07-20 05:51:18,27349921,3.099,85.9,-69,SIAGA
NODE_01,1784501538,2026-07-20 05:52:18,38595624,4.373,90.95,-56,SIAGA
NODE_01,1784501598,2026-07-20 05:53:18,36054621,4.085,85.48,-56,SIAGA
NODE_01,1784501658,2026-07-20 05:54:18,35590267,4.032,88.27,-76,SIAGA
NODE_01,1784501718,2026-07-20 05:55:18,32291473,3.659,89.83,-78,SIAGA
NODE_01,1784501778,2026-07-20 05:56:18,29112721,3.298,86.47,-58,SIAGA
NODE_01,1784501838,2026-07-20 05:57:18,38965947,4.415,91.41,-83,SIAGA
NODE_01,1784501898,2026-07-20 05:58:18,43395776,4.917,88.63,-65,SIAGA
NODE_01,1784501958,2026-07-20 05:59:18,28526598,3.232,85.35,-68,SIAGA
NODE_01,1784502018,2026-07-20 06:00:18,40609176,4.601,86.86,-47,SIAGA
NODE_01,1784502078,2026-07-20 06:01:18,29046449,3.291,85.5,-81,SIAGA
NODE_01,1784502138,2026-07-20 06:02:18,39123183,4.433,86.91,-45,SIAGA
NODE_01,1784502198,2026-07-20 06:03:18,25462607,2.885,87.79,-55,SIAGA
NODE_01,1784502258,2026-07-20 06:04:18,28337124,3.21,90.08,-60,SIAGA
NODE_01,1784502318,2026-07-20 06:05:18,36908574,4.182,86.18,-76,SIAGA
NODE_01,1784502378,2026-07-20 06:06:18,40696164,4.611,86.65,-76,SIAGA
NODE_01,1784502438,2026-07-20 06:07:18,35038641,3.97,90.12,-54,SIAGA
NODE_01,1784502498,2026-07-20 06:08:18,39868259,4.517,88.23,-80,SIAGA
NODE_01,1784502558,2026-07-20 06:09:18,26236640,2.973,87.19,-75,SIAGA
NODE_01,1784502618,2026-07-20 06:10:18,28124157,3.186,89.89,-80,SIAGA
NODE_01,1784502678,2026-07-20 06:11:18,40214774,4.556,84.76,-54,SIAGA
NODE_01,1784502738,2026-07-20 06:12:18,32711662,3.706,90.65,-59,SIAGA
NODE_01,1784502798,2026-07-20 06:13:18,28190820,3.194,85.36,-57,SIAGA
NODE_01,1784502858,2026-07-20 06:14:18,35712032,4.046,85.43,-45,SIAGA
NODE_01,1784502918,2026-07-20 06:15:18,39136400,4.434,90.17,-65,SIAGA
NODE_01,1784502978,2026-07-20 06:16:18,37938303,4.298,86.25,-72,SIAGA
NODE_01,1784503038,2026-07-20 06:17:18,29918181,3.39,89.57,-66,SIAGA
NODE_01,1784503098,2026-07-20 06:18:18,32059739,3.632,90.13,-75,SIAGA
NODE_01,1784503158,2026-07-20 06:19:18,38442741,4.355,90.01,-84,SIAGA
NODE_01,1784503218,2026-07-20 06:20:18,29574265,3.351,85.24,-50,SIAGA
NODE_01,1784503278,2026-07-20 06:21:18,39610020,4.488,89.53,-52,SIAGA
NODE_01,1784503338,2026-07-20 06:22:18,29561734,3.349,85.72,-82,SIAGA
NODE_01,1784503398,2026-07-20 06:23:18,29181085,3.306,92.73,-57,SIAGA
NODE_01,1784503458,2026-07-20 06:24:18,29902241,3.388,91.66,-58,SIAGA
NODE_01,1784503518,2026-07-20 06:25:18,28099498,3.184,89.4,-53,SIAGA
NODE_01,1784503578,2026-07-20 06:26:18,30641226,3.472,91.51,-46,SIAGA
NODE_01,1784503638,2026-07-20 06:27:18,35343365,4.004,87.98,-79,SIAGA
NODE_01,1784503698,2026-07-20 06:28:18,28990792,3.285,84.64,-52,SIAGA
NODE_01,1784503758,2026-07-20 06:29:18,36908037,4.182,89.42,-77,SIAGA
NODE_01,1784503818,2026-07-20 06:30:18,38010431,4.306,85.99,-62,SIAGA
NODE_01,1784503878,2026-07-20 06:31:18,32605538,3.694,85.78,-62,SIAGA
NODE_01,1784503938,2026-07-20 06:32:18,30109809,3.411,89.75,-59,SIAGA
NODE_01,1784503998,2026-07-20 06:33:18,42324174,4.795,85.31,-55,SIAGA
NODE_01,1784504058,2026-07-20 06:34:18,31875578,3.611,87.43,-85,SIAGA
NODE_01,1784504118,2026-07-20 06:35:18,38888539,4.406,86.21,-84,SIAGA
NODE_01,1784504178,2026-07-20 06:36:18,40108734,4.544,88.32,-72,SIAGA
NODE_01,1784504238,2026-07-20 06:37:18,32916601,3.729,91.27,-55,SIAGA
NODE_01,1784504298,2026-07-20 06:38:18,30035541,3.403,88.18,-69,SIAGA
NODE_01,1784504358,2026-07-20 06:39:18,39377161,4.461,90.71,-48,SIAGA
NODE_01,1784504418,2026-07-20 06:40:18,37323783,4.229,86.93,-70,SIAGA
NODE_01,1784504478,2026-07-20 06:41:18,40561176,4.595,89.03,-77,SIAGA
NODE_01,1784504538,2026-07-20 06:42:18,36214235,4.103,87.28,-65,SIAGA
NODE_01,1784504598,2026-07-20 06:43:18,38343562,4.344,91.09,-53,SIAGA
NODE_01,1784504658,2026-07-20 06:44:18,35072797,3.974,90.48,-55,SIAGA
NODE_01,1784504718,2026-07-20 06:45:18,31760775,3.598,89.52,-78,SIAGA
NODE_01,1784504778,2026-07-20 06:46:18,34269317,3.883,91.21,-68,SIAGA
NODE_01,1784504838,2026-07-20 06:47:18,35886838,4.066,85.42,-56,SIAGA
NODE_01,1784504898,2026-07-20 06:48:18,37204831,4.215,90.53,-69,SIAGA
NODE_01,1784504958,2026-07-20 06:49:18,31458570,3.564,85.6,-65,SIAGA
NODE_01,1784505018,2026-07-20 06:50:18,33484595,3.794,89.9,-55,SIAGA
NODE_01,1784505078,2026-07-20 06:51:18,27886324,3.159,85.08,-63,SIAGA
NODE_01,1784505138,2026-07-20 06:52:18,28181427,3.193,87.49,-69,SIAGA
NODE_01,1784505198,2026-07-20 06:53:18,30092360,3.409,88.81,-47,SIAGA
NODE_01,1784505258,2026-07-20 06:54:18,33468566,3.792,90.9,-78,SIAGA
NODE_01,1784505318,2026-07-20 06:55:18,30952027,3.507,86.04,-62,SIAGA
NODE_01,1784505378,2026-07-20 06:56:18,28980647,3.283,89.84,-64,SIAGA
NODE_01,1784505438,2026-07-20 06:57:18,38084189,4.315,91.49,-57,SIAGA
NODE_01,1784505498,2026-07-20 06:58:18,33175260,3.759,87.55,-69,SIAGA
NODE_01,1784505558,2026-07-20 06:59:18,41451370,4.696,91.6,-52,SIAGA
NODE_01,1784505618,2026-07-20 07:00:18,27951395,3.167,89.51,-77,SIAGA
NODE_01,1784505678,2026-07-20 07:01:18,40410324,4.578,85.98,-80,SIAGA
NODE_01,1784505738,2026-07-20 07:02:18,28143334,3.189,91.13,-70,SIAGA
NODE_01,1784505798,2026-07-20 07:03:18,42373205,4.801,85.44,-85,SIAGA
NODE_01,1784505858,2026-07-20 07:04:18,27850459,3.155,88.83,-73,SIAGA
NODE_01,1784505918,2026-07-20 07:05:18,34763897,3.939,88.23,-49,SIAGA
NODE_01,1784505978,2026-07-20 07:06:18,34224127,3.877,89.62,-74,SIAGA
NODE_01,1784506038,2026-07-20 07:07:18,36305447,4.113,89.72,-72,SIAGA
NODE_01,1784506098,2026-07-20 07:08:18,32514342,3.684,87.87,-82,SIAGA
NODE_01,1784506158,2026-07-20 07:09:18,40581908,4.598,88.29,-47,SIAGA
NODE_01,1784506218,2026-07-20 07:10:18,38604571,4.374,87.8,-74,SIAGA
NODE_01,1784506278,2026-07-20 07:11:18,29363185,3.327,88.09,-47,SIAGA
NODE_01,1784506338,2026-07-20 07:12:18,33042389,3.744,88.93,-85,SIAGA
NODE_01,1784506398,2026-07-20 07:13:18,28663581,3.247,86.7,-55,SIAGA
NODE_01,1784506458,2026-07-20 07:14:18,36533998,4.139,88.37,-79,SIAGA
NODE_01,1784506518,2026-07-20 07:15:18,32639395,3.698,88.51,-52,SIAGA
NODE_01,1784506578,2026-07-20 07:16:18,34012784,3.854,86.99,-78,SIAGA
NODE_01,1784506638,2026-07-20 07:17:18,29019200,3.288,87.8,-66,SIAGA
NODE_01,1784506698,2026-07-20 07:18:18,40406483,4.578,85.2,-45,SIAGA
NODE_01,1784506758,2026-07-20 07:19:18,33713958,3.82,88.61,-48,SIAGA
NODE_01,1784506818,2026-07-20 07:20:18,33500518,3.795,91.1,-52,SIAGA
NODE_01,1784506878,2026-07-20 07:21:18,38789886,4.395,91.72,-82,SIAGA
NODE_01,1784506938,2026-07-20 07:22:18,30079346,3.408,86.9,-71,SIAGA
NODE_01,1784506998,2026-07-20 07:23:18,30382504,3.442,87.19,-67,SIAGA
NODE_01,1784507058,2026-07-20 07:24:18,34895275,3.954,85.62,-79,SIAGA
NODE_01,1784507118,2026-07-20 07:25:18,43338225,4.91,89.47,-74,SIAGA
NODE_01,1784507178,2026-07-20 07:26:18,40618497,4.602,89.72,-54,SIAGA
NODE_01,1784507238,2026-07-20 07:27:18,32335274,3.663,89.11,-53,SIAGA
NODE_01,1784507298,2026-07-20 07:28:18,38196680,4.328,85.25,-66,SIAGA
NODE_01,1784507358,2026-07-20 07:29:18,33334310,3.777,85.88,-63,SIAGA
NODE_01,1784507418,2026-07-20 07:30:18,27030799,3.062,90.75,-45,SIAGA
NODE_01,1784507478,2026-07-20 07:31:18,31790691,3.602,88.45,-85,SIAGA
NODE_01,1784507538,2026-07-20 07:32:18,35364553,4.007,86.39,-50,SIAGA
NODE_01,1784507598,2026-07-20 07:33:18,32347542,3.665,87.35,-82,SIAGA
NODE_01,1784507658,2026-07-20 07:34:18,39897949,4.52,87.83,-47,SIAGA
NODE_01,1784507718,2026-07-20 07:35:18,35813267,4.058,91.24,-49,SIAGA
NODE_01,1784507778,2026-07-20 07:36:18,41613779,4.715,85.42,-60,SIAGA
NODE_01,1784507838,2026-07-20 07:37:18,30432775,3.448,85.6,-57,SIAGA
NODE_01,1784507898,2026-07-20 07:38:18,26822860,3.039,87.93,-65,SIAGA
NODE_01,1784507958,2026-07-20 07:39:18,29142995,3.302,90.63,-65,SIAGA
NODE_01,1784508018,2026-07-20 07:40:18,43613292,4.941,87.95,-63,SIAGA
NODE_01,1784508078,2026-07-20 07:41:18,36777894,4.167,88.62,-75,SIAGA
NODE_01,1784508138,2026-07-20 07:42:18,28748301,3.257,87.47,-70,SIAGA
NODE_01,1784508198,2026-07-20 07:43:18,28317766,3.208,92.08,-71,SIAGA
NODE_01,1784508258,2026-07-20 07:44:18,28437247,3.222,91.1,-68,SIAGA
NODE_01,1784508318,2026-07-20 07:45:18,37787442,4.281,86.86,-78,SIAGA
NODE_01,1784508378,2026-07-20 07:46:18,38854727,4.402,90.8,-70,SIAGA
NODE_01,1784508438,2026-07-20 07:47:18,28275726,3.204,89.6,-67,SIAGA
NODE_01,1784508498,2026-07-20 07:48:18,29982299,3.397,85.9,-63,SIAGA
NODE_01,1784508558,2026-07-20 07:49:18,30353036,3.439,87.74,-74,SIAGA
NODE_01,1784508618,2026-07-20 07:50:18,33155034,3.756,87.07,-46,SIAGA
NODE_01,1784508678,2026-07-20 07:51:18,26145305,2.962,85.22,-50,SIAGA
NODE_01,1784508738,2026-07-20 07:52:18,38429344,4.354,92.77,-47,SIAGA
NODE_01,1784508798,2026-07-20 07:53:18,43410985,4.918,91.57,-81,SIAGA
NODE_01,1784508858,2026-07-20 07:54:18,40858605,4.629,86.71,-75,SIAGA
NODE_01,1784508918,2026-07-20 07:55:18,39737773,4.502,88.67,-64,SIAGA
NODE_01,1784508978,2026-07-20 07:56:18,36231831,4.105,88.94,-77,SIAGA
NODE_01,1784509038,2026-07-20 07:57:18,39381748,4.462,86.12,-83,SIAGA
NODE_01,1784509098,2026-07-20 07:58:18,38136708,4.321,90.63,-45,SIAGA
NODE_01,1784509158,2026-07-20 07:59:18,32372848,3.668,91.45,-70,SIAGA
NODE_01,1784509218,2026-07-20 08:00:18,35027127,3.968,86.78,-61,SIAGA
NODE_01,1784509278,2026-07-20 08:01:18,26404490,2.992,86.81,-50,SIAGA
NODE_01,1784509338,2026-07-20 08:02:18,35888471,4.066,88.79,-61,SIAGA
NODE_01,1784509398,2026-07-20 08:03:18,31131301,3.527,90.19,-77,SIAGA
NODE_01,1784509458,2026-07-20 08:04:18,28243592,3.2,88.81,-66,SIAGA
NODE_01,1784509518,2026-07-20 08:05:18,33083268,3.748,90.74,-85,SIAGA
NODE_01,1784509578,2026-07-20 08:06:18,42038602,4.763,88.46,-46,SIAGA
NODE_01,1784509638,2026-07-20 08:07:18,29487209,3.341,90.0,-48,SIAGA
NODE_01,1784509698,2026-07-20 08:08:18,41029799,4.649,91.07,-78,SIAGA
NODE_01,1784509758,2026-07-20 08:09:18,37876912,4.291,86.36,-49,SIAGA
NODE_01,1784509818,2026-07-20 08:10:18,30027302,3.402,86.28,-54,SIAGA
NODE_01,1784509878,2026-07-20 08:11:18,41268565,4.676,91.72,-83,SIAGA
NODE_01,1784509938,2026-07-20 08:12:18,39307979,4.453,90.18,-84,SIAGA
NODE_01,1784509998,2026-07-20 08:13:18,27138586,3.075,92.71,-77,SIAGA
NODE_01,1784510058,2026-07-20 08:14:18,42177683,4.779,87.33,-71,SIAGA
NODE_01,1784510118,2026-07-20 08:15:18,29903174,3.388,86.62,-72,SIAGA
NODE_01,1784510178,2026-07-20 08:16:18,28894883,3.274,85.17,-62,SIAGA
NODE_01,1784510238,2026-07-20 08:17:18,35257054,3.995,92.38,-82,SIAGA
NODE_01,1784510298,2026-07-20 08:18:18,34328714,3.889,88.05,-60,SIAGA
NODE_01,1784510358,2026-07-20 08:19:18,29557553,3.349,84.14,-68,SIAGA
NODE_01,1784510418,2026-07-20 08:20:18,31963664,3.621,90.6,-57,SIAGA
NODE_01,1784510478,2026-07-20 08:21:18,39296365,4.452,85.34,-56,SIAGA
NODE_01,1784510538,2026-07-20 08:22:18,28669549,3.248,85.26,-79,SIAGA
NODE_01,1784510598,2026-07-20 08:23:18,37813866,4.284,90.23,-52,SIAGA
NODE_01,1784510658,2026-07-20 08:24:18,41056188,4.652,88.65,-46,SIAGA
NODE_01,1784510718,2026-07-20 08:25:18,40325834,4.569,86.09,-80,SIAGA
NODE_01,1784510778,2026-07-20 08:26:18,26954466,3.054,88.48,-76,SIAGA
NODE_01,1784510838,2026-07-20 08:27:18,33142371,3.755,89.76,-55,SIAGA
NODE_01,1784510898,2026-07-20 08:28:18,33632515,3.81,87.6,-56,SIAGA
NODE_01,1784510958,2026-07-20 08:29:18,39512339,4.477,91.65,-85,SIAGA
NODE_01,1784511018,2026-07-20 08:30:18,33801558,3.83,88.35,-47,SIAGA
NODE_01,1784511078,2026-07-20 08:31:18,27401789,3.105,86.44,-81,SIAGA
NODE_01,1784511138,2026-07-20 08:32:18,33525736,3.798,87.18,-64,SIAGA
NODE_01,1784511198,2026-07-20 08:33:18,30414217,3.446,90.78,-59,SIAGA
NODE_01,1784511258,2026-07-20 08:34:18,41152700,4.662,87.03,-55,SIAGA
NODE_01,1784511318,2026-07-20 08:35:18,28447570,3.223,90.29,-48,SIAGA
NODE_01,1784511378,2026-07-20 08:36:18,39559809,4.482,87.17,-63,SIAGA
NODE_01,1784511438,2026-07-20 08:37:18,37447703,4.243,89.64,-58,SIAGA
NODE_01,1784511498,2026-07-20 08:38:18,32524329,3.685,90.9,-54,SIAGA
NODE_01,1784511558,2026-07-20 08:39:18,41957696,4.754,88.24,-75,SIAGA
NODE_01,1784511618,2026-07-20 08:40:18,31223971,3.538,85.32,-52,SIAGA
NODE_01,1784511678,2026-07-20 08:41:18,29884665,3.386,89.02,-85,SIAGA
NODE_01,1784511738,2026-07-20 08:42:18,30397666,3.444,88.62,-74,SIAGA
NODE_01,1784511798,2026-07-20 08:43:18,36794919,4.169,91.15,-67,SIAGA
NODE_01,1784511858,2026-07-20 08:44:18,29609164,3.355,88.44,-56,SIAGA
NODE_01,1784511918,2026-07-20 08:45:18,37392559,4.236,86.12,-85,SIAGA
NODE_01,1784511978,2026-07-20 08:46:18,37625367,4.263,87.37,-56,SIAGA
NODE_01,1784512038,2026-07-20 08:47:18,34753621,3.937,86.7,-72,SIAGA
NODE_01,1784512098,2026-07-20 08:48:18,30095606,3.41,89.46,-45,SIAGA
NODE_01,1784512158,2026-07-20 08:49:18,27888182,3.16,88.44,-55,SIAGA
NODE_01,1784512218,2026-07-20 08:50:18,40588159,4.598,91.77,-52,SIAGA
NODE_01,1784512278,2026-07-20 08:51:18,28837662,3.267,85.31,-47,SIAGA
NODE_01,1784512338,2026-07-20 08:52:18,34364969,3.893,88.01,-50,SIAGA
NODE_01,1784512398,2026-07-20 08:53:18,30886992,3.499,88.05,-71,SIAGA
NODE_01,1784512458,2026-07-20 08:54:18,42031539,4.762,92.54,-76,SIAGA
NODE_01,1784512518,2026-07-20 08:55:18,36329875,4.116,91.94,-73,SIAGA
NODE_01,1784512578,2026-07-20 08:56:18,38051813,4.311,90.75,-83,SIAGA
NODE_01,1784512638,2026-07-20 08:57:18,30770553,3.486,89.32,-64,SIAGA
NODE_01,1784512698,2026-07-20 08:58:18,32445949,3.676,88.02,-65,SIAGA
NODE_01,1784512758,2026-07-20 08:59:18,42607874,4.827,89.58,-67,SIAGA
NODE_01,1784512818,2026-07-20 09:00:18,40411863,4.579,87.89,-80,SIAGA
NODE_01,1784512878,2026-07-20 09:01:18,42062456,4.766,87.65,-50,SIAGA
NODE_01,1784512938,2026-07-20 09:02:18,35891756,4.066,88.01,-71,SIAGA
NODE_01,1784512998,2026-07-20 09:03:18,35095842,3.976,89.45,-64,SIAGA
NODE_01,1784513058,2026-07-20 09:04:18,33434994,3.788,89.57,-50,SIAGA
NODE_01,1784513118,2026-07-20 09:05:18,27338675,3.097,85.48,-52,SIAGA
NODE_01,1784513178,2026-07-20 09:06:18,31359097,3.553,86.52,-77,SIAGA
NODE_01,1784513238,2026-07-20 09:07:18,39448492,4.469,87.62,-73,SIAGA
NODE_01,1784513298,2026-07-20 09:08:18,32012660,3.627,85.61,-46,SIAGA
NODE_01,1784513358,2026-07-20 09:09:18,35408930,4.012,85.61,-47,SIAGA
NODE_01,1784513418,2026-07-20 09:10:18,31532735,3.573,89.26,-85,SIAGA
NODE_01,1784513478,2026-07-20 09:11:18,33901346,3.841,91.86,-75,SIAGA
NODE_01,1784513538,2026-07-20 09:12:18,30086007,3.409,89.44,-69,SIAGA
NODE_01,1784513598,2026-07-20 09:13:18,40571930,4.597,84.35,-61,SIAGA
NODE_01,1784513658,2026-07-20 09:14:18,40061539,4.539,91.69,-49,SIAGA
NODE_01,1784513718,2026-07-20 09:15:18,31890356,3.613,92.3,-63,SIAGA
NODE_01,1784513778,2026-07-20 09:16:18,30493963,3.455,90.91,-58,SIAGA
NODE_01,1784513838,2026-07-20 09:17:18,36495358,4.135,88.21,-49,SIAGA
NODE_01,1784513898,2026-07-20 09:18:18,28079913,3.181,88.06,-49,SIAGA
NODE_01,1784513958,2026-07-20 09:19:18,29056980,3.292,91.33,-60,SIAGA
NODE_01,1784514018,2026-07-20 09:20:18,42391982,4.803,86.04,-77,SIAGA
NODE_01,1784514078,2026-07-20 09:21:18,29162164,3.304,88.05,-83,SIAGA
NODE_01,1784514138,2026-07-20 09:22:18,28889386,3.273,86.26,-70,SIAGA
NODE_01,1784514198,2026-07-20 09:23:18,35877040,4.065,89.68,-59,SIAGA
NODE_01,1784514258,2026-07-20 09:24:18,40764099,4.618,91.67,-51,SIAGA
NODE_01,1784514318,2026-07-20 09:25:18,37971415,4.302,88.7,-57,SIAGA
NODE_01,1784514378,2026-07-20 09:26:18,34763419,3.939,85.32,-80,SIAGA
NODE_01,1784514438,2026-07-20 09:27:18,35385927,4.009,85.69,-46,SIAGA
NODE_01,1784514498,2026-07-20 09:28:18,28693673,3.251,91.61,-64,SIAGA
NODE_01,1784514558,2026-07-20 09:29:18,41182371,4.666,91.75,-74,SIAGA
NODE_01,1784514618,2026-07-20 09:30:18,33524219,3.798,87.21,-77,SIAGA
NODE_01,1784514678,2026-07-20 09:31:18,30100248,3.41,89.7,-80,SIAGA
NODE_01,1784514738,2026-07-20 09:32:18,32860327,3.723,84.74,-82,SIAGA
NODE_01,1784514798,2026-07-20 09:33:18,30072187,3.407,88.56,-57,SIAGA
NODE_01,1784514858,2026-07-20 09:34:18,32264827,3.655,89.02,-62,SIAGA
NODE_01,1784514918,2026-07-20 09:35:18,38907524,4.408,87.42,-84,SIAGA
NODE_01,1784514978,2026-07-20 09:36:18,35662537,4.04,86.28,-71,SIAGA
NODE_01,1784515038,2026-07-20 09:37:18,34880734,3.952,91.88,-81,SIAGA
NODE_01,1784515098,2026-07-20 09:38:18,28506672,3.23,89.45,-49,SIAGA
NODE_01,1784515158,2026-07-20 09:39:18,33016052,3.741,90.09,-52,SIAGA
NODE_01,1784515218,2026-07-20 09:40:18,34992823,3.965,88.51,-70,SIAGA
NODE_01,1784515278,2026-07-20 09:41:18,39143877,4.435,85.53,-65,SIAGA
NODE_01,1784515338,2026-07-20 09:42:18,35929976,4.071,87.82,-70,SIAGA
NODE_01,1784515398,2026-07-20 09:43:18,32287012,3.658,87.76,-77,SIAGA
NODE_01,1784515458,2026-07-20 09:44:18,41764926,4.732,89.73,-46,SIAGA
NODE_01,1784515518,2026-07-20 09:45:18,31026816,3.515,87.73,-72,SIAGA
NODE_01,1784515578,2026-07-20 09:46:18,33421651,3.787,85.01,-79,SIAGA
NODE_01,1784515638,2026-07-20 09:47:18,29422558,3.333,87.49,-47,SIAGA
NODE_01,1784515698,2026-07-20 09:48:18,38658438,4.38,86.32,-80,SIAGA
NODE_01,1784515758,2026-07-20 09:49:18,37401565,4.237,85.51,-52,SIAGA
NODE_01,1784515818,2026-07-20 09:50:18,29212273,3.31,87.24,-53,SIAGA
NODE_01,1784515878,2026-07-20 09:51:18,38704533,4.385,87.63,-74,SIAGA
NODE_01,1784515938,2026-07-20 09:52:18,27434519,3.108,91.95,-51,SIAGA
NODE_01,1784515998,2026-07-20 09:53:18,32898259,3.727,90.72,-56,SIAGA
NODE_01,1784516058,2026-07-20 09:54:18,29897036,3.387,86.29,-59,SIAGA
NODE_01,1784516118,2026-07-20 09:55:18,32475539,3.679,87.8,-48,SIAGA
NODE_01,1784516178,2026-07-20 09:56:18,25749846,2.917,86.48,-61,SIAGA
NODE_01,1784516238,2026-07-20 09:57:18,36976000,4.189,89.79,-65,SIAGA
NODE_01,1784516298,2026-07-20 09:58:18,30042870,3.404,86.27,-73,SIAGA
NODE_01,1784516358,2026-07-20 09:59:18,37446956,4.243,92.33,-68,SIAGA
NODE_01,1784516418,2026-07-20 10:00:18,38623781,4.376,90.38,-53,SIAGA
NODE_01,1784516478,2026-07-20 10:01:18,33233823,3.765,85.48,-52,SIAGA
NODE_01,1784516538,2026-07-20 10:02:18,33855843,3.836,86.55,-70,SIAGA
NODE_01,1784516598,2026-07-20 10:03:18,29971116,3.396,90.37,-48,SIAGA
NODE_01,1784516658,2026-07-20 10:04:18,37611847,4.261,89.5,-80,SIAGA
NODE_01,1784516718,2026-07-20 10:05:18,41263890,4.675,85.89,-51,SIAGA
NODE_01,1784516778,2026-07-20 10:06:18,27802141,3.15,86.45,-82,SIAGA
NODE_01,1784516838,2026-07-20 10:07:18,39009391,4.42,87.05,-80,SIAGA
NODE_01,1784516898,2026-07-20 10:08:18,35664139,4.041,89.03,-59,SIAGA
NODE_01,1784516958,2026-07-20 10:09:18,37187455,4.213,91.71,-70,SIAGA
NODE_01,1784517018,2026-07-20 10:10:18,35160954,3.984,86.63,-46,SIAGA
NODE_01,1784517078,2026-07-20 10:11:18,34576778,3.917,88.94,-84,SIAGA
NODE_01,1784517138,2026-07-20 10:12:18,26390131,2.99,91.25,-81,SIAGA
NODE_01,1784517198,2026-07-20 10:13:18,28928794,3.278,88.58,-72,SIAGA
NODE_01,1784517258,2026-07-20 10:14:18,30755524,3.484,91.44,-74,SIAGA
NODE_01,1784517318,2026-07-20 10:15:18,28717696,3.254,90.14,-57,SIAGA
NODE_01,1784517378,2026-07-20 10:16:18,34793337,3.942,87.92,-57,SIAGA
NODE_01,1784517438,2026-07-20 10:17:18,41684102,4.723,88.59,-65,SIAGA
NODE_01,1784517498,2026-07-20 10:18:18,32419792,3.673,88.05,-58,SIAGA
NODE_01,1784517558,2026-07-20 10:19:18,36883459,4.179,87.0,-63,SIAGA
NODE_01,1784517618,2026-07-20 10:20:18,39041725,4.423,87.36,-62,SIAGA
NODE_01,1784517678,2026-07-20 10:21:18,34598193,3.92,86.08,-75,SIAGA
NODE_01,1784517738,2026-07-20 10:22:18,30135824,3.414,89.85,-60,SIAGA
NODE_01,1784517798,2026-07-20 10:23:18,30847724,3.495,91.98,-49,SIAGA
NODE_01,1784517858,2026-07-20 10:24:18,32259428,3.655,90.24,-49,SIAGA
NODE_01,1784517918,2026-07-20 10:25:18,29320463,3.322,90.7,-57,SIAGA
NODE_01,1784517978,2026-07-20 10:26:18,30119430,3.412,89.38,-85,SIAGA
NODE_01,1784518038,2026-07-20 10:27:18,35081648,3.975,88.79,-79,SIAGA
NODE_01,1784518098,2026-07-20 10:28:18,34575143,3.917,84.91,-73,SIAGA
NODE_01,1784518158,2026-07-20 10:29:18,25662792,2.908,86.62,-79,SIAGA
NODE_01,1784518218,2026-07-20 10:30:18,37117869,4.205,90.36,-55,SIAGA
NODE_01,1784518278,2026-07-20 10:31:18,39600009,4.487,89.03,-51,SIAGA
NODE_01,1784518338,2026-07-20 10:32:18,29006317,3.286,87.08,-51,SIAGA
NODE_01,1784518398,2026-07-20 10:33:18,38440306,4.355,90.45,-61,SIAGA
NODE_01,1784518458,2026-07-20 10:34:18,34115274,3.865,89.12,-51,SIAGA
NODE_01,1784518518,2026-07-20 10:35:18,27756172,3.145,86.39,-76,SIAGA
NODE_01,1784518578,2026-07-20 10:36:18,35356915,4.006,87.41,-51,SIAGA
NODE_01,1784518638,2026-07-20 10:37:18,31211089,3.536,91.32,-80,SIAGA
NODE_01,1784518698,2026-07-20 10:38:18,36906197,4.181,89.91,-48,SIAGA
NODE_01,1784518758,2026-07-20 10:39:18,36486348,4.134,87.43,-47,SIAGA
NODE_01,1784518818,2026-07-20 10:40:18,28594338,3.24,85.21,-68,SIAGA
NODE_01,1784518878,2026-07-20 10:41:18,30665718,3.474,91.61,-71,SIAGA
NODE_01,1784518938,2026-07-20 10:42:18,31205817,3.536,88.49,-66,SIAGA
NODE_01,1784518998,2026-07-20 10:43:18,37069912,4.2,89.15,-81,SIAGA
NODE_01,1784519058,2026-07-20 10:44:18,29689907,3.364,91.79,-58,SIAGA
NODE_01,1784519118,2026-07-20 10:45:18,35716748,4.047,86.41,-53,SIAGA
NODE_01,1784519178,2026-07-20 10:46:18,35506037,4.023,85.44,-76,SIAGA
NODE_01,1784519238,2026-07-20 10:47:18,32142993,3.642,86.06,-58,SIAGA
NODE_01,1784519298,2026-07-20 10:48:18,38006281,4.306,88.39,-52,SIAGA
NODE_01,1784519358,2026-07-20 10:49:18,33724504,3.821,90.64,-62,SIAGA
NODE_01,1784519418,2026-07-20 10:50:18,41175355,4.665,89.7,-63,SIAGA
NODE_01,1784519478,2026-07-20 10:51:18,30654959,3.473,84.8,-53,SIAGA
NODE_01,1784519538,2026-07-20 10:52:18,36903918,4.181,89.2,-71,SIAGA
NODE_01,1784519598,2026-07-20 10:53:18,31071141,3.52,88.72,-76,SIAGA
NODE_01,1784519658,2026-07-20 10:54:18,37065350,4.199,84.83,-52,SIAGA
NODE_01,1784519718,2026-07-20 10:55:18,35684324,4.043,86.18,-64,SIAGA
NODE_01,1784519778,2026-07-20 10:56:18,33032986,3.743,85.15,-58,SIAGA
NODE_01,1784519838,2026-07-20 10:57:18,37849251,4.288,85.7,-48,SIAGA
NODE_01,1784519898,2026-07-20 10:58:18,41099244,4.656,90.44,-77,SIAGA
NODE_01,1784519958,2026-07-20 10:59:18,35417935,4.013,86.57,-75,SIAGA
NODE_01,1784520018,2026-07-20 11:00:18,25941118,2.939,85.89,-46,SIAGA
NODE_01,1784520078,2026-07-20 11:01:18,29122202,3.299,85.74,-46,SIAGA
NODE_01,1784520138,2026-07-20 11:02:18,32839769,3.721,90.48,-82,SIAGA
NODE_01,1784520198,2026-07-20 11:03:18,28607968,3.241,89.57,-82,SIAGA
NODE_01,1784520258,2026-07-20 11:04:18,35190473,3.987,87.58,-70,SIAGA
NODE_01,1784520318,2026-07-20 11:05:18,31463049,3.565,85.69,-66,SIAGA
NODE_01,1784520378,2026-07-20 11:06:18,35155615,3.983,89.64,-68,SIAGA
NODE_01,1784520438,2026-07-20 11:07:18,39874230,4.518,86.17,-54,SIAGA
NODE_01,1784520498,2026-07-20 11:08:18,42494144,4.814,92.24,-80,SIAGA
NODE_01,1784520558,2026-07-20 11:09:18,37690023,4.27,89.64,-67,SIAGA
NODE_01,1784520618,2026-07-20 11:10:18,31828238,3.606,87.0,-55,SIAGA
NODE_01,1784520678,2026-07-20 11:11:18,30477634,3.453,88.25,-78,SIAGA
NODE_01,1784520738,2026-07-20 11:12:18,37353266,4.232,86.4,-65,SIAGA
NODE_01,1784520798,2026-07-20 11:13:18,29096316,3.297,86.76,-65,SIAGA
NODE_01,1784520858,2026-07-20 11:14:18,34794661,3.942,86.86,-65,SIAGA
NODE_01,1784520918,2026-07-20 11:15:18,42190021,4.78,90.44,-82,SIAGA
NODE_01,1784520978,2026-07-20 11:16:18,36102084,4.09,91.85,-85,SIAGA
NODE_01,1784521038,2026-07-20 11:17:18,35538206,4.026,87.72,-52,SIAGA
NODE_01,1784521098,2026-07-20 11:18:18,27929016,3.164,84.6,-73,SIAGA
NODE_01,1784521158,2026-07-20 11:19:18,35248259,3.994,91.45,-58,SIAGA
NODE_01,1784521218,2026-07-20 11:20:18,35212649,3.989,90.1,-64,SIAGA
NODE_01,1784521278,2026-07-20 11:21:18,32322421,3.662,88.38,-81,SIAGA
NODE_01,1784521338,2026-07-20 11:22:18,27689241,3.137,91.91,-73,SIAGA
NODE_01,1784521398,2026-07-20 11:23:18,41674700,4.722,91.16,-73,SIAGA
NODE_01,1784521458,2026-07-20 11:24:18,42220426,4.783,88.69,-82,SIAGA
NODE_01,1784521518,2026-07-20 11:25:18,36681175,4.156,87.32,-75,SIAGA
NODE_01,1784521578,2026-07-20 11:26:18,38048613,4.311,91.34,-48,SIAGA
NODE_01,1784521638,2026-07-20 11:27:18,41559511,4.709,86.54,-85,SIAGA
NODE_01,1784521698,2026-07-20 11:28:18,36178729,4.099,89.27,-49,SIAGA
NODE_01,1784521758,2026-07-20 11:29:18,31901238,3.614,86.61,-67,SIAGA
NODE_01,1784521818,2026-07-20 11:30:18,28610606,3.241,91.12,-53,SIAGA
NODE_01,1784521878,2026-07-20 11:31:18,42153760,4.776,90.78,-75,SIAGA
NODE_01,1784521938,2026-07-20 11:32:18,33749705,3.824,88.9,-59,SIAGA
NODE_01,1784521998,2026-07-20 11:33:18,28414970,3.219,90.75,-58,SIAGA
NODE_01,1784522058,2026-07-20 11:34:18,33884801,3.839,90.97,-57,SIAGA
NODE_01,1784522118,2026-07-20 11:35:18,29431860,3.335,89.56,-73,SIAGA
NODE_01,1784522178,2026-07-20 11:36:18,36196946,4.101,85.77,-59,SIAGA
NODE_01,1784522238,2026-07-20 11:37:18,30175292,3.419,85.77,-67,SIAGA
NODE_01,1784522298,2026-07-20 11:38:18,31692432,3.591,88.56,-60,SIAGA
NODE_01,1784522358,2026-07-20 11:39:18,31132284,3.527,89.73,-46,SIAGA
NODE_01,1784522418,2026-07-20 11:40:18,37877515,4.291,88.99,-53,SIAGA
NODE_01,1784522478,2026-07-20 11:41:18,37453939,4.243,85.27,-69,SIAGA
NODE_01,1784522538,2026-07-20 11:42:18,30359396,3.44,87.23,-48,SIAGA
NODE_01,1784522598,2026-07-20 11:43:18,24994783,2.832,88.96,-49,SIAGA
NODE_01,1784522658,2026-07-20 11:44:18,25613677,2.902,88.41,-59,SIAGA
NODE_01,1784522718,2026-07-20 11:45:18,42193807,4.78,89.68,-75,SIAGA
NODE_01,1784522778,2026-07-20 11:46:18,29171412,3.305,91.34,-51,SIAGA
NODE_01,1784522838,2026-07-20 11:47:18,31392153,3.557,84.4,-57,SIAGA
NODE_01,1784522898,2026-07-20 11:48:18,40126313,4.546,86.85,-77,SIAGA
NODE_01,1784522958,2026-07-20 11:49:18,39818400,4.511,91.77,-45,SIAGA
NODE_01,1784523018,2026-07-20 11:50:18,35577710,4.031,89.56,-84,SIAGA
NODE_01,1784523078,2026-07-20 11:51:18,36045957,4.084,86.42,-47,SIAGA
NODE_01,1784523138,2026-07-20 11:52:18,33504810,3.796,90.92,-79,SIAGA
NODE_01,1784523198,2026-07-20 11:53:18,39015463,4.42,88.71,-59,SIAGA
NODE_01,1784523258,2026-07-20 11:54:18,39678192,4.495,86.02,-82,SIAGA
NODE_01,1784523318,2026-07-20 11:55:18,36477482,4.133,88.76,-75,SIAGA
NODE_01,1784523378,2026-07-20 11:56:18,32027410,3.629,91.68,-47,SIAGA
NODE_01,1784523438,2026-07-20 11:57:18,29529824,3.346,88.7,-52,SIAGA
NODE_01,1784523498,2026-07-20 11:58:18,38123519,4.319,86.3,-55,SIAGA
NODE_01,1784523558,2026-07-20 11:59:18,34663307,3.927,91.35,-79,SIAGA
NODE_01,1784523618,2026-07-20 12:00:18,32367370,3.667,85.8,-82,SIAGA
NODE_01,1784523678,2026-07-20 12:01:18,28679895,3.249,89.07,-80,SIAGA
NODE_01,1784523738,2026-07-20 12:02:18,40640317,4.604,87.67,-55,SIAGA
NODE_01,1784523798,2026-07-20 12:03:18,35951306,4.073,88.71,-50,SIAGA
NODE_01,1784523858,2026-07-20 12:04:18,27522199,3.118,85.64,-62,SIAGA
NODE_01,1784523918,2026-07-20 12:05:18,28902161,3.275,92.47,-84,SIAGA
NODE_01,1784523978,2026-07-20 12:06:18,38722813,4.387,90.21,-84,SIAGA
NODE_01,1784524038,2026-07-20 12:07:18,27869006,3.157,92.01,-66,SIAGA
NODE_01,1784524098,2026-07-20 12:08:18,28647262,3.246,87.46,-64,SIAGA
NODE_01,1784524158,2026-07-20 12:09:18,35294858,3.999,88.32,-83,SIAGA
NODE_01,1784524218,2026-07-20 12:10:18,38644707,4.378,92.23,-71,SIAGA
NODE_01,1784524278,2026-07-20 12:11:18,29759569,3.372,90.82,-79,SIAGA
NODE_01,1784524338,2026-07-20 12:12:18,29328618,3.323,87.64,-70,SIAGA
NODE_01,1784524398,2026-07-20 12:13:18,29500956,3.342,90.33,-55,SIAGA
NODE_01,1784524458,2026-07-20 12:14:18,29091160,3.296,85.49,-85,SIAGA
NODE_01,1784524518,2026-07-20 12:15:18,25660688,2.907,85.68,-62,SIAGA
NODE_01,1784524578,2026-07-20 12:16:18,35601405,4.034,88.66,-48,SIAGA
NODE_01,1784524638,2026-07-20 12:17:18,32673686,3.702,92.34,-59,SIAGA
NODE_01,1784524698,2026-07-20 12:18:18,30040770,3.404,84.85,-71,SIAGA
NODE_01,1784524758,2026-07-20 12:19:18,29137221,3.301,88.99,-69,SIAGA
NODE_01,1784524818,2026-07-20 12:20:18,38633666,4.377,90.49,-51,SIAGA
NODE_01,1784524878,2026-07-20 12:21:18,37671864,4.268,89.25,-71,SIAGA
NODE_01,1784524938,2026-07-20 12:22:18,29059795,3.292,89.53,-59,SIAGA
NODE_01,1784524998,2026-07-20 12:23:18,32193378,3.647,92.5,-81,SIAGA
NODE_01,1784525058,2026-07-20 12:24:18,42115478,4.772,88.37,-50,SIAGA
NODE_01,1784525118,2026-07-20 12:25:18,30585908,3.465,86.45,-68,SIAGA
NODE_01,1784525178,2026-07-20 12:26:18,29277094,3.317,90.82,-74,SIAGA
NODE_01,1784525238,2026-07-20 12:27:18,38211060,4.329,89.77,-83,SIAGA
NODE_01,1784525298,2026-07-20 12:28:18,30529054,3.459,88.14,-62,SIAGA
NODE_01,1784525358,2026-07-20 12:29:18,30273403,3.43,88.49,-68,SIAGA
NODE_01,1784525418,2026-07-20 12:30:18,37071748,4.2,87.02,-74,SIAGA
NODE_01,1784525478,2026-07-20 12:31:18,42687257,4.836,87.36,-76,SIAGA
NODE_01,1784525538,2026-07-20 12:32:18,42468684,4.812,88.09,-80,SIAGA
NODE_01,1784525598,2026-07-20 12:33:18,31027889,3.515,87.42,-72,SIAGA
NODE_01,1784525658,2026-07-20 12:34:18,25970043,2.942,89.15,-57,SIAGA
NODE_01,1784525718,2026-07-20 12:35:18,38666982,4.381,86.46,-49,SIAGA
NODE_01,1784525778,2026-07-20 12:36:18,37104371,4.204,90.03,-80,SIAGA
NODE_01,1784525838,2026-07-20 12:37:18,35062006,3.972,85.32,-65,SIAGA
NODE_01,1784525898,2026-07-20 12:38:18,29682344,3.363,90.09,-81,SIAGA
NODE_01,1784525958,2026-07-20 12:39:18,28411262,3.219,85.97,-67,SIAGA
NODE_01,1784526018,2026-07-20 12:40:18,41240778,4.672,89.3,-80,SIAGA
NODE_01,1784526078,2026-07-20 12:41:18,26785456,3.035,90.67,-81,SIAGA
NODE_01,1784526138,2026-07-20 12:42:18,32883399,3.726,90.69,-74,SIAGA
NODE_01,1784526198,2026-07-20 12:43:18,30281232,3.431,86.89,-50,SIAGA
NODE_01,1784526258,2026-07-20 12:44:18,43362079,4.913,87.07,-79,SIAGA
NODE_01,1784526318,2026-07-20 12:45:18,30014309,3.401,85.43,-85,SIAGA
NODE_01,1784526378,2026-07-20 12:46:18,31121538,3.526,91.05,-69,SIAGA
NODE_01,1784526438,2026-07-20 12:47:18,31411935,3.559,88.56,-64,SIAGA
NODE_01,1784526498,2026-07-20 12:48:18,35923740,4.07,88.15,-64,SIAGA
NODE_01,1784526558,2026-07-20 12:49:18,41551456,4.708,91.58,-83,SIAGA
NODE_01,1784526618,2026-07-20 12:50:18,40538689,4.593,84.12,-47,SIAGA
NODE_01,1784526678,2026-07-20 12:51:18,31906738,3.615,87.49,-85,SIAGA
NODE_01,1784526738,2026-07-20 12:52:18,40555668,4.595,88.81,-68,SIAGA
NODE_01,1784526798,2026-07-20 12:53:18,28190488,3.194,88.35,-78,SIAGA
NODE_01,1784526858,2026-07-20 12:54:18,33901510,3.841,85.93,-66,SIAGA
NODE_01,1784526918,2026-07-20 12:55:18,37774805,4.28,89.83,-84,SIAGA
NODE_01,1784526978,2026-07-20 12:56:18,28265854,3.202,90.34,-50,SIAGA
NODE_01,1784527038,2026-07-20 12:57:18,38240250,4.332,88.39,-52,SIAGA
NODE_01,1784527098,2026-07-20 12:58:18,31290593,3.545,86.08,-64,SIAGA
NODE_01,1784527158,2026-07-20 12:59:18,39402574,4.464,87.41,-73,SIAGA
NODE_01,1784527218,2026-07-20 13:00:18,42668856,4.834,87.84,-79,SIAGA
NODE_01,1784527278,2026-07-20 13:01:18,38287496,4.338,87.86,-66,SIAGA
NODE_01,1784527338,2026-07-20 13:02:18,31553299,3.575,89.54,-48,SIAGA
NODE_01,1784527398,2026-07-20 13:03:18,38969939,4.415,88.28,-76,SIAGA
NODE_01,1784527458,2026-07-20 13:04:18,41238631,4.672,91.19,-77,SIAGA
NODE_01,1784527518,2026-07-20 13:05:18,27518953,3.118,89.44,-85,SIAGA
NODE_01,1784527578,2026-07-20 13:06:18,40585426,4.598,90.8,-56,SIAGA
NODE_01,1784527638,2026-07-20 13:07:18,35562891,4.029,91.33,-67,SIAGA
NODE_01,1784527698,2026-07-20 13:08:18,38106717,4.317,86.86,-78,SIAGA
NODE_01,1784527758,2026-07-20 13:09:18,36086411,4.088,90.08,-71,SIAGA
NODE_01,1784527818,2026-07-20 13:10:18,29819078,3.378,84.94,-82,SIAGA
NODE_01,1784527878,2026-07-20 13:11:18,28834083,3.267,87.39,-82,SIAGA
NODE_01,1784527938,2026-07-20 13:12:18,39368825,4.46,87.68,-76,SIAGA
NODE_01,1784527998,2026-07-20 13:13:18,42367687,4.8,90.31,-51,SIAGA
NODE_01,1784528058,2026-07-20 13:14:18,32136218,3.641,91.4,-78,SIAGA
NODE_01,1784528118,2026-07-20 13:15:18,38201897,4.328,88.16,-50,SIAGA
NODE_01,1784528178,2026-07-20 13:16:18,31971054,3.622,89.9,-69,SIAGA
NODE_01,1784528238,2026-07-20 13:17:18,34188999,3.873,89.55,-74,SIAGA
NODE_01,1784528298,2026-07-20 13:18:18,36200591,4.101,87.78,-66,SIAGA
NODE_01,1784528358,2026-07-20 13:19:18,34412610,3.899,85.43,-49,SIAGA
NODE_01,1784528418,2026-07-20 13:20:18,37067512,4.2,89.27,-60,SIAGA
NODE_01,1784528478,2026-07-20 13:21:18,34723267,3.934,85.94,-55,SIAGA
NODE_01,1784528538,2026-07-20 13:22:18,37444597,4.242,91.35,-74,SIAGA
NODE_01,1784528598,2026-07-20 13:23:18,39088730,4.429,87.53,-73,SIAGA
NODE_01,1784528658,2026-07-20 13:24:18,40720219,4.613,86.5,-84,SIAGA
NODE_01,1784528718,2026-07-20 13:25:18,41752670,4.73,89.2,-61,SIAGA
NODE_01,1784528778,2026-07-20 13:26:18,41041863,4.65,91.82,-58,SIAGA
NODE_01,1784528838,2026-07-20 13:27:18,41061552,4.652,88.58,-83,SIAGA
NODE_01,1784528898,2026-07-20 13:28:18,35916737,4.069,91.83,-77,SIAGA
NODE_01,1784528958,2026-07-20 13:29:18,34210694,3.876,87.98,-68,SIAGA
NODE_01,1784529018,2026-07-20 13:30:18,39152622,4.436,91.61,-73,SIAGA
NODE_01,1784529078,2026-07-20 13:31:18,27589832,3.126,90.07,-61,SIAGA
NODE_01,1784529138,2026-07-20 13:32:18,40517473,4.59,85.43,-75,SIAGA
NODE_01,1784529198,2026-07-20 13:33:18,34632165,3.924,84.64,-79,SIAGA
NODE_01,1784529258,2026-07-20 13:34:18,37617911,4.262,89.49,-45,SIAGA
NODE_01,1784529318,2026-07-20 13:35:18,29329463,3.323,87.78,-79,SIAGA
NODE_01,1784529378,2026-07-20 13:36:18,27814407,3.151,86.87,-84,SIAGA
NODE_01,1784529438,2026-07-20 13:37:18,31954124,3.62,89.74,-71,SIAGA
NODE_01,1784529498,2026-07-20 13:38:18,31050938,3.518,91.32,-78,SIAGA
NODE_01,1784529558,2026-07-20 13:39:18,25994578,2.945,89.51,-50,SIAGA
NODE_01,1784529618,2026-07-20 13:40:18,40867453,4.63,90.72,-72,SIAGA
NODE_01,1784529678,2026-07-20 13:41:18,40616283,4.602,89.53,-61,SIAGA
NODE_01,1784529738,2026-07-20 13:42:18,37025592,4.195,92.17,-69,SIAGA
NODE_01,1784529798,2026-07-20 13:43:18,38465154,4.358,84.86,-49,SIAGA
NODE_01,1784529858,2026-07-20 13:44:18,40076730,4.541,87.07,-53,SIAGA
NODE_01,1784529918,2026-07-20 13:45:18,80386879,9.108,95.57,-52,BAHAYA
NODE_01,1784529978,2026-07-20 13:46:18,82741071,9.374,91.05,-78,BAHAYA
NODE_01,1784530038,2026-07-20 13:47:18,61894714,7.012,94.53,-70,BAHAYA
NODE_01,1784530098,2026-07-20 13:48:18,107171456,12.142,96.96,-64,BAHAYA
NODE_01,1784530158,2026-07-20 13:49:18,72443489,8.208,98.14,-61,BAHAYA
NODE_01,1784530218,2026-07-20 13:50:18,57281891,6.49,92.76,-56,BAHAYA
NODE_01,1784530278,2026-07-20 13:51:18,93259902,10.566,93.66,-80,BAHAYA
NODE_01,1784530338,2026-07-20 13:52:18,61194837,6.933,96.01,-73,BAHAYA
NODE_01,1784530398,2026-07-20 13:53:18,62586064,7.091,94.45,-46,BAHAYA
NODE_01,1784530458,2026-07-20 13:54:18,72152032,8.175,94.48,-60,BAHAYA
NODE_01,1784530518,2026-07-20 13:55:18,54917675,6.222,94.86,-68,BAHAYA
NODE_01,1784530578,2026-07-20 13:56:18,63197550,7.16,89.89,-53,BAHAYA
NODE_01,1784530638,2026-07-20 13:57:18,49514404,5.61,89.65,-64,BAHAYA
NODE_01,1784530698,2026-07-20 13:58:18,85464605,9.683,94.51,-45,BAHAYA
NODE_01,1784530758,2026-07-20 13:59:18,71250868,8.072,91.83,-68,BAHAYA
NODE_01,1784530818,2026-07-20 14:00:18,86777810,9.832,97.4,-71,BAHAYA
NODE_01,1784530878,2026-07-20 14:01:18,64778395,7.339,90.62,-64,BAHAYA
NODE_01,1784530938,2026-07-20 14:02:18,70005639,7.931,91.75,-54,BAHAYA
NODE_01,1784530998,2026-07-20 14:03:18,70438563,7.98,94.64,-73,BAHAYA
NODE_01,1784531058,2026-07-20 14:04:18,73233391,8.297,97.26,-69,BAHAYA
NODE_01,1784531118,2026-07-20 14:05:18,51420473,5.826,92.85,-51,BAHAYA
NODE_01,1784531178,2026-07-20 14:06:18,86273624,9.775,96.31,-52,BAHAYA
NODE_01,1784531238,2026-07-20 14:07:18,103347055,11.709,94.98,-74,BAHAYA
NODE_01,1784531298,2026-07-20 14:08:18,54190533,6.14,92.27,-65,BAHAYA
NODE_01,1784531358,2026-07-20 14:09:18,103417195,11.717,95.73,-51,BAHAYA
NODE_01,1784531418,2026-07-20 14:10:18,101853961,11.54,95.41,-53,BAHAYA
NODE_01,1784531478,2026-07-20 14:11:18,86016834,9.745,96.69,-50,BAHAYA
NODE_01,1784531538,2026-07-20 14:12:18,84128056,9.531,91.18,-62,BAHAYA
NODE_01,1784531598,2026-07-20 14:13:18,61931214,7.017,92.4,-84,BAHAYA
NODE_01,1784531658,2026-07-20 14:14:18,60729553,6.88,90.84,-72,BAHAYA
NODE_01,1784531718,2026-07-20 14:15:18,79921850,9.055,93.58,-71,BAHAYA
NODE_01,1784531778,2026-07-20 14:16:18,102273726,11.587,96.75,-63,BAHAYA
NODE_01,1784531838,2026-07-20 14:17:18,81739590,9.261,91.61,-60,BAHAYA
NODE_01,1784531898,2026-07-20 14:18:18,64715999,7.332,97.39,-67,BAHAYA
NODE_01,1784531958,2026-07-20 14:19:18,63357109,7.178,96.14,-60,BAHAYA
NODE_01,1784532018,2026-07-20 14:20:18,92005417,10.424,89.94,-79,BAHAYA
NODE_01,1784532078,2026-07-20 14:21:18,51392440,5.823,95.86,-46,BAHAYA
NODE_01,1784532138,2026-07-20 14:22:18,89444159,10.134,94.02,-70,BAHAYA
NODE_01,1784532198,2026-07-20 14:23:18,53137758,6.02,95.6,-50,BAHAYA
NODE_01,1784532258,2026-07-20 14:24:18,58709413,6.652,92.71,-62,BAHAYA
NODE_01,1784532318,2026-07-20 14:25:18,74490824,8.44,94.86,-54,BAHAYA
NODE_01,1784532378,2026-07-20 14:26:18,90378357,10.24,96.09,-68,BAHAYA
NODE_01,1784532438,2026-07-20 14:27:18,58057299,6.578,94.36,-83,BAHAYA
NODE_01,1784532498,2026-07-20 14:28:18,64209450,7.275,94.14,-53,BAHAYA
NODE_01,1784532558,2026-07-20 14:29:18,104901046,11.885,93.52,-57,BAHAYA
NODE_01,1784532618,2026-07-20 14:30:18,106372620,12.052,96.92,-66,BAHAYA
NODE_01,1784532678,2026-07-20 14:31:18,98720391,11.185,91.35,-52,BAHAYA
NODE_01,1784532738,2026-07-20 14:32:18,55610451,6.3,94.1,-83,BAHAYA
NODE_01,1784532798,2026-07-20 14:33:18,86076009,9.752,91.96,-61,BAHAYA
NODE_01,1784532858,2026-07-20 14:34:18,58989103,6.683,95.05,-69,BAHAYA
